{"version": 14, "source_image": "FontPngs\\0021.png", "width": 2048, "height": 2048, "vector_format": "bezier_cubic", "strokes": [{"segments": [[1018.0, 681.0, 1018.5116577148438, 682.09814453125, 1017.77001953125, 688.4935913085938, 1018.0, 688.0], [1018.0, 688.0, 1018.1033935546875, 687.7781372070312, 1019.1522827148438, 688.97119140625, 1019.0, 689.0], [1019.0, 689.0, 1018.8719482421875, 689.0242309570312, 1019.1522827148438, 690.02880859375, 1019.0, 690.0], [1019.0, 690.0, 1018.8189086914062, 689.9657592773438, 1017.6666870117188, 691.0, 1018.0, 691.0], [1018.0, 691.0, 1018.3333129882812, 691.0, 1019.3333129882812, 692.1522827148438, 1019.0, 692.0], [1019.0, 692.0, 1018.7197265625, 691.8719482421875, 1018.0, 692.0, 1018.0, 692.0]]}, {"segments": [[1019.0, 692.0, 1018.8719482421875, 692.0242309570312, 1019.1336059570312, 693.4669189453125, 1019.0, 693.0], [1019.0, 693.0, 1018.8002319335938, 692.3018188476562, 1017.8663940429688, 690.5330810546875, 1018.0, 691.0], [1018.0, 691.0, 1018.08935546875, 691.312255859375, 1017.8477172851562, 692.02880859375, 1018.0, 692.0], [1018.0, 692.0, 1018.1810913085938, 691.9657592773438, 1019.1976318359375, 692.79052734375, 1019.0, 693.0], [1019.0, 693.0, 1018.712158203125, 693.3050537109375, 1018.8023681640625, 696.20947265625, 1019.0, 696.0], [1019.0, 696.0, 1019.1356811523438, 695.856201171875, 1020.271240234375, 695.5950927734375, 1020.0, 697.0], [1020.0, 697.0, 1018.8147583007812, 703.1386108398438, 1019.728759765625, 725.4049072265625, 1020.0, 724.0], [1020.0, 724.0, 1020.0620727539062, 723.678466796875, 1021.26708984375, 723.7437744140625, 1021.0, 725.0], [1021.0, 725.0, 1019.9228515625, 730.066162109375, 1020.73291015625, 749.2562255859375, 1021.0, 748.0], [1021.0, 748.0, 1021.0662231445312, 747.6884765625, 1022.2738647460938, 747.489990234375, 1022.0, 749.0], [1022.0, 749.0, 1020.7385864257812, 755.9547119140625, 1021.7261352539062, 780.510009765625, 1022.0, 779.0], [1022.0, 779.0, 1022.0594482421875, 778.6721801757812, 1023.2816772460938, 778.1109619140625, 1023.0, 780.0], [1023.0, 780.0, 1021.465087890625, 790.29443359375, 1022.7183227539062, 823.8890380859375, 1023.0, 822.0], [1023.0, 822.0, 1023.0516967773438, 821.6533813476562, 1024.2794189453125, 821.2310180664062, 1024.0, 823.0], [1024.0, 823.0, 1022.5515747070312, 832.1697998046875, 1023.7205810546875, 862.7689819335938, 1024.0, 861.0], [1024.0, 861.0, 1024.053955078125, 860.6587524414062, 1025.1810302734375, 861.8765258789062, 1025.0, 862.0], [1025.0, 862.0, 1024.78466796875, 862.1467895507812, 1025.1810302734375, 864.1234741210938, 1025.0, 864.0], [1025.0, 864.0, 1024.8477783203125, 863.8961791992188, 1023.7824096679688, 864.6389770507812, 1024.0, 865.0], [1024.0, 865.0, 1024.4091796875, 865.6788330078125, 1023.7824096679688, 870.3610229492188, 1024.0, 870.0], [1024.0, 870.0, 1024.11572265625, 869.8079833984375, 1025.1810302734375, 870.8765258789062, 1025.0, 871.0], [1025.0, 871.0, 1024.78466796875, 871.1467895507812, 1025.1810302734375, 873.1234741210938, 1025.0, 873.0], [1025.0, 873.0, 1024.8477783203125, 872.8961791992188, 1023.8477172851562, 873.97119140625, 1024.0, 874.0], [1024.0, 874.0, 1024.1280517578125, 874.0242309570312, 1023.8477172851562, 875.02880859375, 1024.0, 875.0], [1024.0, 875.0, 1024.1810302734375, 874.9657592773438, 1025.265869140625, 874.7826538085938, 1025.0, 876.0], [1025.0, 876.0, 1023.951171875, 880.80126953125, 1025.0, 898.0, 1025.0, 898.0]]}, {"segments": [[1025.0, 991.0, 1024.6195068359375, 991.9386596679688, 1020.8400268554688, 995.3946533203125, 1021.0, 995.0], [1021.0, 995.0, 1021.0672607421875, 994.8340454101562, 1020.0, 995.0, 1020.0, 995.0]]}], "stats": {"curves": 3, "time_sec": 0.046, "seg_stride": 1, "min_stroke_points": 2, "curv_win_radius_small": 4, "curv_warn_angle": 22.0, "curv_corner_total_min": 80.0, "curv_corner_max_min": 50.0, "curv_lookahead_max": 10, "junc_continue_ang_max": 45.0, "merge_small_len_percentile": 75.0}}