{"version": 15, "source_image": "Luculine.otf", "width": 2048, "height": 2048, "vector_format": "bezier_cubic", "strokes": [{"segments": [[1010.0, 570.0, 1010.0, 570.0, 1010.2826538085938, 615.947021484375, 1010.0, 614.0], [1010.0, 614.0, 1009.9493408203125, 613.6509399414062, 1008.6995849609375, 611.4193115234375, 1009.0, 615.0], [1009.0, 615.0, 1011.744384765625, 647.7078247070312, 1008.6995849609375, 736.5806884765625, 1009.0, 733.0], [1009.0, 733.0, 1009.0328979492188, 732.6079711914062, 1010.2913208007812, 731.4345092773438, 1010.0, 734.0], [1010.0, 734.0, 1007.9799194335938, 751.7897338867188, 1009.7086791992188, 804.5654907226562, 1010.0, 802.0], [1010.0, 802.0, 1010.0419921875, 801.6300048828125, 1011.2805786132812, 801.1702880859375, 1011.0, 803.0], [1011.0, 803.0, 1009.5078125, 812.7308959960938, 1010.7194213867188, 844.8297119140625, 1011.0, 843.0], [1011.0, 843.0, 1011.052734375, 842.6559448242188, 1012.274658203125, 842.4560546875, 1012.0, 844.0], [1012.0, 844.0, 1010.7140502929688, 851.2286987304688, 1011.725341796875, 876.5439453125, 1012.0, 875.0], [1012.0, 875.0, 1012.0586547851562, 874.6702270507812, 1013.26708984375, 874.7437744140625, 1013.0, 876.0], [1013.0, 876.0, 1011.9228515625, 881.066162109375, 1012.73291015625, 900.2562255859375, 1013.0, 899.0], [1013.0, 899.0, 1013.0662231445312, 898.6884765625, 1014.2603759765625, 898.94677734375, 1014.0, 900.0], [1014.0, 900.0, 1013.0711669921875, 903.757568359375, 1013.7396240234375, 919.05322265625, 1014.0, 918.0], [1014.0, 918.0, 1014.072998046875, 917.7047729492188, 1015.2422485351562, 918.331298828125, 1015.0, 919.0], [1015.0, 919.0, 1014.3558349609375, 920.7782592773438, 1014.7577514648438, 929.668701171875, 1015.0, 929.0], [1015.0, 929.0, 1015.0911254882812, 928.74853515625, 1016.0, 930.0, 1016.0, 930.0]], "color_group_id": 0}, {"segments": [[1020.0, 1023.0, 1020.0, 1023.0, 1019.8477172851562, 1024.02880859375, 1020.0, 1024.0], [1020.0, 1024.0, 1020.1810913085938, 1023.9657592773438, 1021.224365234375, 1024.57080078125, 1021.0, 1025.0], [1021.0, 1025.0, 1020.5377807617188, 1025.8841552734375, 1021.224365234375, 1031.42919921875, 1021.0, 1031.0], [1021.0, 1031.0, 1020.8910522460938, 1030.7916259765625, 1019.8477172851562, 1031.97119140625, 1020.0, 1032.0], [1020.0, 1032.0, 1020.1280517578125, 1032.024169921875, 1020.1522827148438, 1033.02880859375, 1020.0, 1033.0], [1020.0, 1033.0, 1019.8189086914062, 1032.9656982421875, 1018.7824096679688, 1033.638916015625, 1019.0, 1034.0], [1019.0, 1034.0, 1019.4091796875, 1034.6788330078125, 1018.7824096679688, 1039.361083984375, 1019.0, 1039.0], [1019.0, 1039.0, 1019.11572265625, 1038.8079833984375, 1020.0, 1040.0, 1020.0, 1040.0]], "color_group_id": 0}], "stats": {"curves": 2, "segments": 24, "char": "!", "converter": "pillow_fill_skimage_skeleton_imagevectorizer"}}