{"version": 15, "source_image": "Luculine.otf", "width": 2048, "height": 2048, "vector_format": "bezier_cubic", "strokes": [{"segments": [[987.0, 575.0, 987.0, 575.0, 986.7470703125, 589.87255859375, 987.0, 589.0], [987.0, 589.0, 987.0803833007812, 588.72265625, 988.2794189453125, 588.2310180664062, 988.0, 590.0], [988.0, 590.0, 986.5515747070312, 599.1697998046875, 987.7205810546875, 629.7689819335938, 988.0, 628.0], [988.0, 628.0, 988.0538940429688, 627.6587524414062, 989.2090454101562, 628.7118530273438, 989.0, 629.0], [989.0, 629.0, 988.6484375, 629.484619140625, 988.7909545898438, 633.2881469726562, 989.0, 633.0], [989.0, 633.0, 989.124267578125, 632.8286743164062, 990.3333129882812, 634.0, 990.0, 634.0], [990.0, 634.0, 989.6666870117188, 634.0, 988.8477172851562, 634.97119140625, 989.0, 635.0], [989.0, 635.0, 989.1280517578125, 635.0242309570312, 988.8477172851562, 636.02880859375, 989.0, 636.0], [989.0, 636.0, 989.1810913085938, 635.9657592773438, 990.1976318359375, 636.79052734375, 990.0, 637.0], [990.0, 637.0, 989.712158203125, 637.3050537109375, 990.0, 640.0, 990.0, 640.0]], "color_group_id": 0}, {"segments": [[1041.0, 581.0, 1041.0, 581.0, 1040.791015625, 585.2881469726562, 1041.0, 585.0], [1041.0, 585.0, 1041.124267578125, 584.8286743164062, 1042.1522216796875, 585.97119140625, 1042.0, 586.0], [1042.0, 586.0, 1041.8719482421875, 586.0242309570312, 1042.1522216796875, 587.02880859375, 1042.0, 587.0], [1042.0, 587.0, 1041.8189697265625, 586.9657592773438, 1040.72314453125, 586.3569946289062, 1041.0, 588.0], [1041.0, 588.0, 1042.3575439453125, 596.055908203125, 1040.72314453125, 623.6430053710938, 1041.0, 622.0], [1041.0, 622.0, 1041.0565185546875, 621.6649169921875, 1042.224365234375, 622.5707397460938, 1042.0, 623.0], [1042.0, 623.0, 1041.537841796875, 623.8841552734375, 1041.775634765625, 629.4292602539062, 1042.0, 629.0], [1042.0, 629.0, 1042.10888671875, 628.7916259765625, 1043.1976318359375, 629.79052734375, 1043.0, 630.0], [1043.0, 630.0, 1042.712158203125, 630.3050537109375, 1043.0, 633.0, 1043.0, 633.0]], "color_group_id": 0}], "stats": {"curves": 2, "segments": 19, "char": "\"", "converter": "pillow_fill_skimage_skeleton_imagevectorizer"}}