{"version": 14, "source_image": "FontPngs\\0022.png", "width": 2048, "height": 2048, "vector_format": "bezier_cubic", "strokes": [{"segments": [[978.0, 698.0, 978.0674438476562, 697.6913452148438, 979.2619018554688, 697.9043579101562, 979.0, 699.0], [979.0, 699.0, 978.0401000976562, 703.0159301757812, 979.2619018554688, 719.0956420898438, 979.0, 718.0], [979.0, 718.0, 978.9285278320312, 717.7011108398438, 977.775634765625, 718.5707397460938, 978.0, 719.0], [978.0, 719.0, 978.4622192382812, 719.8841552734375, 978.224365234375, 725.4292602539062, 978.0, 725.0], [978.0, 725.0, 977.8910522460938, 724.7916259765625, 976.7909545898438, 725.7118530273438, 977.0, 726.0], [977.0, 726.0, 977.3515625, 726.484619140625, 977.2090454101562, 730.2881469726562, 977.0, 730.0], [977.0, 730.0, 976.875732421875, 729.8286743164062, 975.7518310546875, 730.2258911132812, 976.0, 731.0], [976.0, 731.0, 976.7228393554688, 733.2549438476562, 976.0, 743.0, 976.0, 743.0]]}, {"segments": [[1069.0, 697.0, 1069.0782470703125, 696.7176513671875, 1070.2646484375, 696.8223876953125, 1070.0, 698.0], [1070.0, 698.0, 1068.9801025390625, 702.5379028320312, 1070.2646484375, 720.1776123046875, 1070.0, 719.0], [1070.0, 719.0, 1069.9312744140625, 718.6943969726562, 1068.775634765625, 719.5707397460938, 1069.0, 720.0], [1069.0, 720.0, 1069.462158203125, 720.8841552734375, 1069.224365234375, 726.4292602539062, 1069.0, 726.0], [1069.0, 726.0, 1068.89111328125, 725.7916259765625, 1067.7823486328125, 726.6389770507812, 1068.0, 727.0], [1068.0, 727.0, 1068.4091796875, 727.6788330078125, 1068.2176513671875, 732.3610229492188, 1068.0, 732.0], [1068.0, 732.0, 1067.88427734375, 731.8079833984375, 1066.7578125, 732.331298828125, 1067.0, 733.0], [1067.0, 733.0, 1067.6441650390625, 734.7782592773438, 1067.0, 743.0, 1067.0, 743.0]]}], "stats": {"curves": 2, "time_sec": 0.031, "seg_stride": 1, "min_stroke_points": 2, "curv_win_radius_small": 4, "curv_warn_angle": 22.0, "curv_corner_total_min": 80.0, "curv_corner_max_min": 50.0, "curv_lookahead_max": 10, "junc_continue_ang_max": 45.0, "merge_small_len_percentile": 75.0}}