{"version": 14, "source_image": "FontPngs\\0023.png", "width": 2048, "height": 2048, "vector_format": "bezier_cubic", "strokes": [{"segments": [[905.0, 765.0, 905.3050537109375, 764.712158203125, 908.20947265625, 764.8023681640625, 908.0, 765.0], [908.0, 765.0, 907.856201171875, 765.1356811523438, 908.6389770507812, 766.2175903320312, 909.0, 766.0], [909.0, 766.0, 909.6788330078125, 765.5908203125, 914.3610229492188, 765.7824096679688, 914.0, 766.0], [914.0, 766.0, 913.8079833984375, 766.11572265625, 914.5064086914062, 767.22998046875, 915.0, 767.0], [915.0, 767.0, 916.09814453125, 766.4883422851562, 922.4935913085938, 766.77001953125, 922.0, 767.0], [922.0, 767.0, 921.7781372070312, 767.1033935546875, 922.4453125, 768.2346801757812, 923.0, 768.0], [923.0, 768.0, 924.3192138671875, 767.4418334960938, 931.5546875, 767.7653198242188, 931.0, 768.0], [931.0, 768.0, 930.7667846679688, 768.0986938476562, 931.3870849609375, 769.2387084960938, 932.0, 769.0], [932.0, 769.0, 933.5462036132812, 768.3978271484375, 941.6129150390625, 768.7612915039062, 941.0, 769.0], [941.0, 769.0, 940.7570190429688, 769.0946044921875, 941.2258911132812, 770.2481689453125, 942.0, 770.0], [942.0, 770.0, 944.2549438476562, 769.2771606445312, 954.7741088867188, 769.7518310546875, 954.0, 770.0], [954.0, 770.0, 953.7342529296875, 770.085205078125, 954.2776489257812, 771.245361328125, 955.0, 771.0], [955.0, 771.0, 957.0146484375, 770.3157348632812, 966.7223510742188, 771.245361328125, 966.0, 771.0], [966.0, 771.0, 965.740966796875, 770.9120483398438, 968.0166625976562, 769.5690307617188, 967.0, 770.0], [967.0, 770.0, 964.5450439453125, 771.0406494140625, 957.9833374023438, 772.4309692382812, 959.0, 772.0], [959.0, 772.0, 959.4210205078125, 771.821533203125, 960.0, 771.0, 960.0, 771.0]]}, {"segments": [[913.0, 878.0, 912.740966796875, 877.9120483398438, 913.97119140625, 876.8477172851562, 914.0, 877.0], [914.0, 877.0, 914.0242309570312, 877.1280517578125, 915.02880859375, 876.8477172851562, 915.0, 877.0], [915.0, 877.0, 914.9657592773438, 877.1810913085938, 915.97119140625, 878.1522827148438, 916.0, 878.0], [916.0, 878.0, 916.0242309570312, 877.8719482421875, 917.02880859375, 878.1522827148438, 917.0, 878.0], [917.0, 878.0, 916.9657592773438, 877.8189086914062, 917.8765258789062, 876.8189086914062, 918.0, 877.0], [918.0, 877.0, 918.1467895507812, 877.21533203125, 920.1234741210938, 876.8189086914062, 920.0, 877.0], [920.0, 877.0, 919.8961791992188, 877.1522827148438, 920.7118530273438, 878.2090454101562, 921.0, 878.0], [921.0, 878.0, 921.484619140625, 877.6484375, 925.2881469726562, 878.2090454101562, 925.0, 878.0], [925.0, 878.0, 924.8286743164062, 877.875732421875, 924.6312866210938, 876.7296752929688, 926.0, 877.0], [926.0, 877.0, 931.8687133789062, 878.158935546875, 953.3687133789062, 876.7296752929688, 952.0, 877.0], [952.0, 877.0, 951.6807861328125, 877.0630493164062, 952.7334594726562, 878.4533081054688, 953.0, 878.0], [953.0, 878.0, 953.4739990234375, 877.1939086914062, 957.2665405273438, 875.5466918945312, 957.0, 876.0], [957.0, 876.0, 956.85009765625, 876.2549438476562, 958.7962646484375, 877.2175903320312, 958.0, 877.0], [958.0, 877.0, 956.5028076171875, 876.5908203125, 951.8164672851562, 874.1010131835938, 953.0, 877.0], [953.0, 877.0, 955.8989868164062, 884.1010131835938, 953.2738647460938, 908.510009765625, 953.0, 907.0], [953.0, 907.0, 952.9405517578125, 906.6721801757812, 951.7412719726562, 906.9901733398438, 952.0, 908.0], [952.0, 908.0, 952.89697265625, 911.5011596679688, 952.2587280273438, 926.0098266601562, 952.0, 925.0], [952.0, 925.0, 951.9253540039062, 924.708740234375, 950.7612915039062, 925.3870849609375, 951.0, 926.0], [951.0, 926.0, 951.6021728515625, 927.5462036132812, 951.2387084960938, 935.6129150390625, 951.0, 935.0], [951.0, 935.0, 950.9053955078125, 934.7570190429688, 949.7909545898438, 935.7118530273438, 950.0, 936.0], [950.0, 936.0, 950.3515625, 936.484619140625, 950.2090454101562, 940.2881469726562, 950.0, 940.0], [950.0, 940.0, 949.875732421875, 939.8286743164062, 948.7909545898438, 940.7118530273438, 949.0, 941.0], [949.0, 941.0, 949.3515625, 941.484619140625, 949.2090454101562, 945.2881469726562, 949.0, 945.0], [949.0, 945.0, 948.875732421875, 944.8286743164062, 947.8023681640625, 945.79052734375, 948.0, 946.0], [948.0, 946.0, 948.287841796875, 946.3050537109375, 948.0, 949.0, 948.0, 949.0]]}, {"segments": [[959.0, 772.0, 958.8719482421875, 771.7197265625, 959.0, 769.5858154296875, 959.0, 771.0], [959.0, 771.0, 959.0, 777.0, 959.2603759765625, 790.05322265625, 959.0, 789.0], [959.0, 789.0, 958.927001953125, 788.7047729492188, 957.7089233398438, 787.4579467773438, 958.0, 790.0], [958.0, 790.0, 960.0032958984375, 807.4969482421875, 958.2910766601562, 859.5420532226562, 958.0, 857.0], [958.0, 857.0, 957.9577026367188, 856.6306762695312, 956.7396240234375, 856.94677734375, 957.0, 858.0], [957.0, 858.0, 957.9288330078125, 861.757568359375, 957.0, 876.8746948242188, 957.0, 876.0], [957.0, 876.0, 957.0, 875.7938232421875, 957.0, 877.3333129882812, 957.0, 877.0], [957.0, 877.0, 957.0, 876.6666870117188, 957.1522827148438, 875.6666870117188, 957.0, 876.0], [957.0, 876.0, 956.8189086914062, 876.3964233398438, 956.1234741210938, 877.1810913085938, 956.0, 877.0], [956.0, 877.0, 955.8532104492188, 876.78466796875, 953.8765258789062, 876.8189086914062, 954.0, 877.0], [954.0, 877.0, 954.1038208007812, 877.1522827148438, 953.0, 878.0, 953.0, 878.0]]}, {"segments": [[1142.0, 758.0, 1142.17138671875, 758.124267578125, 1141.2880859375, 759.2090454101562, 1141.0, 759.0], [1141.0, 759.0, 1140.515380859375, 758.6484375, 1136.7119140625, 759.2090454101562, 1137.0, 759.0], [1137.0, 759.0, 1137.17138671875, 758.875732421875, 1136.6129150390625, 757.7612915039062, 1136.0, 758.0], [1136.0, 758.0, 1134.453857421875, 758.6021728515625, 1126.3870849609375, 757.7612915039062, 1127.0, 758.0], [1127.0, 758.0, 1127.242919921875, 758.0946044921875, 1127.21728515625, 759.2659301757812, 1126.0, 759.0], [1126.0, 759.0, 1121.19873046875, 757.951171875, 1102.7113037109375, 758.7252197265625, 1104.0, 759.0], [1104.0, 759.0, 1104.2747802734375, 759.05859375, 1104.1666259765625, 760.1666870117188, 1104.0, 760.0], [1104.0, 760.0, 1103.8333740234375, 759.8333129882812, 1102.5423583984375, 760.2485961914062, 1103.0, 760.0], [1103.0, 760.0, 1103.7696533203125, 759.5819091796875, 1105.6666259765625, 757.3333129882812, 1105.0, 758.0], [1105.0, 758.0, 1104.3333740234375, 758.6666870117188, 1102.75146484375, 760.03955078125, 1103.0, 760.0], [1103.0, 760.0, 1103.1478271484375, 759.9765014648438, 1102.75146484375, 761.4576416015625, 1103.0, 761.0], [1103.0, 761.0, 1103.4180908203125, 760.2303466796875, 1105.9427490234375, 758.0571899414062, 1105.0, 759.0], [1105.0, 759.0, 1103.6666259765625, 760.3333129882812, 1100.8399658203125, 763.3946533203125, 1101.0, 763.0], [1101.0, 763.0, 1101.0672607421875, 762.8340454101562, 1099.97119140625, 762.8477172851562, 1100.0, 763.0], [1100.0, 763.0, 1100.0343017578125, 763.1810913085938, 1099.1234130859375, 764.1810913085938, 1099.0, 764.0], [1099.0, 764.0, 1098.8531494140625, 763.78466796875, 1097.0791015625, 763.5028076171875, 1097.0, 764.0], [1097.0, 764.0, 1096.866943359375, 764.836181640625, 1093.308837890625, 768.6764526367188, 1093.0, 768.0], [1093.0, 768.0, 1092.6820068359375, 767.3032836914062, 1086.57080078125, 767.775634765625, 1087.0, 768.0], [1087.0, 768.0, 1087.2083740234375, 768.1089477539062, 1087.5439453125, 769.274658203125, 1086.0, 769.0], [1086.0, 769.0, 1078.771240234375, 767.7140502929688, 1053.4560546875, 768.725341796875, 1055.0, 769.0], [1055.0, 769.0, 1055.329833984375, 769.0586547851562, 1056.3975830078125, 770.289306640625, 1054.0, 770.0], [1054.0, 770.0, 1038.25341796875, 768.10009765625, 990.6024169921875, 769.710693359375, 993.0, 770.0], [993.0, 770.0, 993.3650512695312, 770.0440673828125, 993.29443359375, 771.2682495117188, 992.0, 771.0], [992.0, 771.0, 986.6676025390625, 769.89501953125, 966.70556640625, 771.2682495117188, 968.0,