{"version": 15, "source_image": "Luculine.otf", "width": 2048, "height": 2048, "vector_format": "bezier_cubic", "strokes": [{"segments": [[1072.0, 656.0, 1072.0, 656.0, 1070.77001953125, 655.4935913085938, 1071.0, 655.0], [1071.0, 655.0, 1071.5115966796875, 653.90185546875, 1070.77001953125, 647.5064086914062, 1071.0, 648.0], [1071.0, 648.0, 1071.1033935546875, 648.2218627929688, 1072.2618408203125, 648.0956420898438, 1072.0, 647.0], [1072.0, 647.0, 1071.0400390625, 642.9840698242188, 1071.7381591796875, 626.9043579101562, 1072.0, 628.0], [1072.0, 628.0, 1072.0714111328125, 628.2988891601562, 1073.2618408203125, 628.0956420898438, 1073.0, 627.0], [1073.0, 627.0, 1072.0400390625, 622.9840698242188, 1073.2618408203125, 606.9043579101562, 1073.0, 608.0], [1073.0, 608.0, 1072.9285888671875, 608.2988891601562, 1071.7413330078125, 608.0098266601562, 1072.0, 607.0], [1072.0, 607.0, 1072.89697265625, 603.4988403320312, 1072.2586669921875, 588.9901733398438, 1072.0, 590.0], [1072.0, 590.0, 1071.9254150390625, 590.291259765625, 1070.775634765625, 589.4292602539062, 1071.0, 589.0], [1071.0, 589.0, 1071.462158203125, 588.1158447265625, 1071.224365234375, 582.5707397460938, 1071.0, 583.0], [1071.0, 583.0, 1070.89111328125, 583.2083740234375, 1069.8023681640625, 582.20947265625, 1070.0, 582.0], [1070.0, 582.0, 1070.287841796875, 581.6949462890625, 1070.1976318359375, 578.79052734375, 1070.0, 579.0], [1070.0, 579.0, 1069.8642578125, 579.143798828125, 1068.791015625, 578.2881469726562, 1069.0, 578.0], [1069.0, 578.0, 1069.3515625, 577.515380859375, 1069.208984375, 573.7118530273438, 1069.0, 574.0], [1069.0, 574.0, 1068.875732421875, 574.1713256835938, 1067.8023681640625, 573.20947265625, 1068.0, 573.0], [1068.0, 573.0, 1068.287841796875, 572.6949462890625, 1068.1976318359375, 569.79052734375, 1068.0, 570.0], [1068.0, 570.0, 1067.8642578125, 570.143798828125, 1066.8189697265625, 569.1234741210938, 1067.0, 569.0], [1067.0, 569.0, 1067.21533203125, 568.8532104492188, 1067.3045654296875, 566.9423828125, 1067.0, 567.0], [1067.0, 567.0, 1066.6378173828125, 567.0685424804688, 1065.0576171875, 564.6954956054688, 1065.0, 565.0], [1065.0, 565.0, 1064.9515380859375, 565.256103515625, 1062.8765869140625, 565.1810913085938, 1063.0, 565.0], [1063.0, 565.0, 1063.103759765625, 564.8477172851562, 1062.20947265625, 563.8023681640625, 1062.0, 564.0], [1062.0, 564.0, 1061.6949462890625, 564.287841796875, 1058.79052734375, 564.1976318359375, 1059.0, 564.0], [1059.0, 564.0, 1059.143798828125, 563.8643188476562, 1058.2880859375, 562.7909545898438, 1058.0, 563.0], [1058.0, 563.0, 1057.515380859375, 563.3515625, 1053.7119140625, 563.2090454101562, 1054.0, 563.0], [1054.0, 563.0, 1054.17138671875, 562.875732421875, 1053.361083984375, 561.7824096679688, 1053.0, 562.0], [1053.0, 562.0, 1052.3211669921875, 562.4091796875, 1047.638916015625, 562.2175903320312, 1048.0, 562.0], [1048.0, 562.0, 1048.1920166015625, 561.88427734375, 1048.4405517578125, 560.7278442382812, 1047.0, 561.0], [1047.0, 561.0, 1040.59033203125, 562.2110595703125, 1017.5595092773438, 561.2721557617188, 1019.0, 561.0], [1019.0, 561.0, 1019.32373046875, 560.9388427734375, 1018.02880859375, 559.8477172851562, 1018.0, 560.0], [1018.0, 560.0, 1017.9757690429688, 560.1280517578125, 1016.5330810546875, 559.8663940429688, 1017.0, 560.0], [1017.0, 560.0, 1017.6981811523438, 560.1997680664062, 1019.4669189453125, 561.1336059570312, 1019.0, 561.0], [1019.0, 561.0, 1018.687744140625, 560.91064453125, 1017.97119140625, 561.1522827148438, 1018.0, 561.0], [1018.0, 561.0, 1018.0342407226562, 560.8189086914062, 1016.5189819335938, 559.6666870117188, 1017.0, 560.0], [1017.0, 560.0, 1017.6047973632812, 560.4191284179688, 1019.4810180664062, 560.9619750976562, 1019.0, 561.0], [1019.0, 561.0, 1018.6174926757812, 561.0302124023438, 1017.8023681640625, 562.604736328125, 1018.0, 562.0], [1018.0, 562.0, 1018.287841796875, 561.1192626953125, 1018.1976318359375, 558.395263671875, 1018.0, 559.0], [1018.0, 559.0, 1017.8643188476562, 559.4152221679688, 1018.918212890625, 560.2821655273438, 1017.0, 560.0], [1017.0, 560.0, 1006.4229125976562, 558.444091796875, 972.081787109375, 559.7178344726562, 974.0, 560.0], [974.0, 560.0, 974.3478393554688, 560.0511474609375, 973.2881469726562, 561.2090454101562, 973.0, 561.0], [973.0, 561.0, 972.515380859375, 560.6484375, 968.7118530273438, 560.7909545898438, 969.0, 561.0], [969.0, 561.0, 969.1713256835938, 561.124267578125, 968.20947265625, 562.1976318359375, 968.0, 562.0], [968.0, 562.0, 967.6949462890625, 561.712158203125, 964.79052734375, 561.8023681640625, 965.0, 562.0], [965.0, 562.0, 965.143798828125, 562.1356811523438, 964.1234741210938, 563.1810913085938, 964.0, 563.0], [964.0, 563.0, 963.8532104492188, 562.78466796875, 961.8765258789062, 562.8189086914062, 962.0, 563.0], [962.0, 563.0, 962.1038208007812, 563.1522827148438, 961.02880859375, 564.1522827148438, 961.0, 564.0], [961.0, 564.0, 960.9757690429688, 563.8719482421875, 959.97119140625, 563.8477172851562, 960.0, 564.0], [960.0, 564.0, 960.0342407226562, 564.1810913085938, 958.8477172851562, 564.97119140625, 959.0, 565.0], [959.0, 565.0, 959.1280517578125, 565.0242309570312, 959.1522827148438, 566.02880859375, 959.0, 566.0], [959.0, 566.0, 958.8189086914062, 565.9657592773438, 957.8023681640625, 566.79052734375, 958.0, 567.0], [958.0, 567.0, 958.287841796875, 567.3050537109375, 958.1976318359375, 570.20947265625, 958.0, 570.0], [958.0, 570.0, 957.8643188476562, 569.856201171875, 956.7909545898438, 570.7118530273438, 957.0, 571.0], [957.0, 571.0, 957.3515625, 571.484619140625, 957.2090454101562, 575.2881469726562, 957.0, 575.0], [957.0, 575.0, 956.875732421875, 574.8286743164062, 955.8189086914062, 575.8765258789062, 956.0, 576.0], [956.0, 576.0, 956.21533203125, 576.1467895507812, 956.1810913085938, 578.1234741210938, 956.0, 578.0], [956.0, 578.0, 955.8477172851562, 577.8961791992188, 954.775634765625, 578.5707397460938, 955.0, 579.0], [955.0, 579.0, 955.4622192382812, 579.8841552734375, 955.224365234375, 585.4292602539062, 955.0, 585.0], [955.0, 585.0, 954.8910522460938, 584.7916259765625, 953.7178344726562, 584.081787109375, 954.0, 586.0], [954.0, 586.0, 955.555908203125, 596.5770874023438, 954.2821655273438, 630.918212890625, 954.0, 629.0], [954.0, 629.0, 953.9488525390625, 628.6521606445312, 952.7069091796875, 627.274658203125, 953.0, 630.0], [953.0, 630.0, 955.1343994140625, 649.84716796875, 953.2930908203125, 707.725341796875, 953.0, 705.0], [953.0, 705.0, 952.9597778320312, 704.625732421875, 951.7120361328125, 703.7024536132812, 952.0, 706.0], [952.0, 706.0, 953.8282470703125, 720.5862426757812, 951.7120361328125, 765.2975463867188, 952.0, 763.0], [952.0, 763.0, 952.0453491210938, 762.6381225585938, 953.224365234375, 763.5707397460938, 953.0, 764.0], [953.0, 764.0, 952.5377807617188, 764.8841552734375, 952.775634765625, 770.4292602539062, 953.0, 770.0], [953.0, 770.0, 953.1089477539062, 769.7916259765625, 954.1976318359375, 770.79052734375, 954.0, 771.0], [954.0, 771.0, 953.712158203125, 771.3050537109375, 953.8023681640625, 774.20947265625, 954.0, 774.0], [954.0, 774.0, 954.1356811523438, 773.856201171875, 955.1810913085938, 774.8765258789062, 955.0, 775.0], [955.0, 775.0, 954.78466796875, 775.1467895507812, 954.6954956054688, 777.0576171875, 955.0, 777.0], [955.0, 777.0, 955.3621215820312, 776.9314575195312, 956.9423828125, 779.3045043945312, 957.0, 779.0], [957.0, 779.0, 957.0484619140625, 778.743896484375, 959.1234741210938, 778.8189086914062, 959.0, 779.0], [959.0, 779.0, 958.8961791992188, 779.1522827148438, 959.8765258789062, 780.1810913085938, 960.0, 780.0], [960.0, 780.0, 960.1467895507812, 779.78466796875, 962.1234741210938, 779.8189086914062, 962.0, 780.0], [962.0, 780.0, 961.8961791992188, 780.1522827148438, 961.3569946289062, 781.27685546875, 963.0, 781.0], [963.0, 781.0, 971.055908203125, 779.6424560546875, 998.6430053710938, 781.27685546875, 997.0, 781.0], [997.0, 781.0, 996.6649169921875, 780.9435424804688, 996.9901733398438, 