{"version": 14, "source_image": "FontPngs\\0027.png", "width": 2048, "height": 2048, "vector_format": "bezier_cubic", "strokes": [{"segments": [[1024.0, 696.0, 1024.072998046875, 695.7047729492188, 1025.2603759765625, 695.94677734375, 1025.0, 697.0], [1025.0, 697.0, 1024.0711669921875, 700.757568359375, 1025.2603759765625, 716.05322265625, 1025.0, 715.0], [1025.0, 715.0, 1024.927001953125, 714.7047729492188, 1023.775634765625, 715.5707397460938, 1024.0, 716.0], [1024.0, 716.0, 1024.462158203125, 716.8841552734375, 1024.224365234375, 722.4292602539062, 1024.0, 722.0], [1024.0, 722.0, 1023.8910522460938, 721.7916259765625, 1022.7824096679688, 722.6389770507812, 1023.0, 723.0], [1023.0, 723.0, 1023.4091796875, 723.6788330078125, 1023.2175903320312, 728.3610229492188, 1023.0, 728.0], [1023.0, 728.0, 1022.88427734375, 727.8079833984375, 1021.7612915039062, 728.3870849609375, 1022.0, 729.0], [1022.0, 729.0, 1022.6021728515625, 730.5462036132812, 1022.0, 738.0, 1022.0, 738.0]]}], "stats": {"curves": 1, "time_sec": 0.024, "seg_stride": 1, "min_stroke_points": 2, "curv_win_radius_small": 4, "curv_warn_angle": 22.0, "curv_corner_total_min": 80.0, "curv_corner_max_min": 50.0, "curv_lookahead_max": 10, "junc_continue_ang_max": 45.0, "merge_small_len_percentile": 75.0}}