{"version": 15, "source_image": "Luculine.otf", "width": 2048, "height": 2048, "vector_format": "bezier_cubic", "strokes": [{"segments": [[1041.0, 499.0, 1041.0, 499.0, 1038.96044921875, 501.24859619140625, 1039.0, 501.0], [1039.0, 501.0, 1039.0235595703125, 500.8521728515625, 1038.262939453125, 500.4888916015625, 1038.0, 501.0], [1038.0, 501.0, 1037.2340087890625, 502.4888916015625, 1031.4888916015625, 507.2629699707031, 1032.0, 507.0], [1032.0, 507.0, 1032.1754150390625, 506.90972900390625, 1032.4554443359375, 507.7867431640625, 1032.0, 508.0], [1032.0, 508.0, 1030.788818359375, 508.5670471191406, 1026.5445556640625, 513.2132568359375, 1027.0, 513.0], [1027.0, 513.0, 1027.1712646484375, 512.9197998046875, 1027.3267822265625, 513.8975830078125, 1027.0, 514.0], [1027.0, 514.0, 1026.3267822265625, 514.2109985351562, 1023.6731567382812, 517.1024169921875, 1024.0, 517.0], [1024.0, 517.0, 1024.15869140625, 516.9502563476562, 1024.24853515625, 517.96044921875, 1024.0, 518.0], [1024.0, 518.0, 1023.5819091796875, 518.0665283203125, 1021.7514038085938, 520.03955078125, 1022.0, 520.0], [1022.0, 520.0, 1022.1478271484375, 519.9765014648438, 1022.2485961914062, 520.96044921875, 1022.0, 521.0], [1022.0, 521.0, 1021.5819091796875, 521.0665283203125, 1019.7514038085938, 523.03955078125, 1020.0, 523.0], [1020.0, 523.0, 1020.1478271484375, 522.9765014648438, 1020.2485961914062, 523.96044921875, 1020.0, 524.0], [1020.0, 524.0, 1019.5819091796875, 524.0665283203125, 1017.7514038085938, 526.03955078125, 1018.0, 526.0], [1018.0, 526.0, 1018.1478271484375, 525.9765014648438, 1018.1522827148438, 527.02880859375, 1018.0, 527.0], [1018.0, 527.0, 1017.8189086914062, 526.9657592773438, 1016.8477172851562, 527.97119140625, 1017.0, 528.0], [1017.0, 528.0, 1017.1280517578125, 528.0242309570312, 1017.1522827148438, 529.02880859375, 1017.0, 529.0], [1017.0, 529.0, 1016.8189086914062, 528.9657592773438, 1015.8189086914062, 529.8765258789062, 1016.0, 530.0], [1016.0, 530.0, 1016.21533203125, 530.1467895507812, 1016.3045043945312, 532.0576171875, 1016.0, 532.0], [1016.0, 532.0, 1015.6378784179688, 531.9314575195312, 1013.7514038085938, 534.03955078125, 1014.0, 534.0], [1014.0, 534.0, 1014.1478271484375, 533.9765014648438, 1014.1522827148438, 535.02880859375, 1014.0, 535.0], [1014.0, 535.0, 1013.8189086914062, 534.9657592773438, 1012.8477172851562, 535.97119140625, 1013.0, 536.0], [1013.0, 536.0, 1013.1280517578125, 536.0242309570312, 1013.1522827148438, 537.02880859375, 1013.0, 537.0], [1013.0, 537.0, 1012.8189086914062, 536.9657592773438, 1011.8189086914062, 537.8765258789062, 1012.0, 538.0], [1012.0, 538.0, 1012.21533203125, 538.1467895507812, 1012.1810913085938, 540.1234741210938, 1012.0, 540.0], [1012.0, 540.0, 1011.8477172851562, 539.8961791992188, 1010.8189086914062, 540.8765258789062, 1011.0, 541.0], [1011.0, 541.0, 1011.21533203125, 541.1467895507812, 1011.1810913085938, 543.1234741210938, 1011.0, 543.0], [1011.0, 543.0, 1010.8477172851562, 542.8961791992188, 1009.8189086914062, 543.8765258789062, 1010.0, 544.0], [1010.0, 544.0, 1010.21533203125, 544.1467895507812, 1010.1810913085938, 546.1234741210938, 1010.0, 546.0], [1010.0, 546.0, 1009.8477172851562, 545.8961791992188, 1008.8477172851562, 546.97119140625, 1009.0, 547.0], [1009.0, 547.0, 1009.1280517578125, 547.0242309570312, 1009.1522827148438, 548.02880859375, 1009.0, 548.0], [1009.0, 548.0, 1008.8189086914062, 547.9657592773438, 1007.8023681640625, 548.79052734375, 1008.0, 549.0], [1008.0, 549.0, 1008.287841796875, 549.3050537109375, 1008.1976318359375, 552.20947265625, 1008.0, 552.0], [1008.0, 552.0, 1007.8643188476562, 551.856201171875, 1006.8477172851562, 552.97119140625, 1007.0, 553.0], [1007.0, 553.0, 1007.1280517578125, 553.0242309570312, 1007.1522827148438, 554.02880859375, 1007.0, 554.0], [1007.0, 554.0, 1006.8189086914062, 553.9657592773438, 1005.8189086914062, 554.8765258789062, 1006.0, 555.0], [1006.0, 555.0, 1006.21533203125, 555.1467895507812, 1006.1810913085938, 557.1234741210938, 1006.0, 557.0], [1006.0, 557.0, 1005.8477172851562, 556.8961791992188, 1004.8189086914062, 557.8765258789062, 1005.0, 558.0], [1005.0, 558.0, 1005.21533203125, 558.1467895507812, 1005.1810913085938, 560.1234741210938, 1005.0, 560.0], [1005.0, 560.0, 1004.8477172851562, 559.8961791992188, 1003.8189086914062, 560.8765258789062, 1004.0, 561.0], [1004.0, 561.0, 1004.21533203125, 561.1467895507812, 1004.1810913085938, 563.1234741210938, 1004.0, 563.0], [1004.0, 563.0, 1003.8477172851562, 562.8961791992188, 1002.7909545898438, 563.7118530273438, 1003.0, 564.0], [1003.0, 564.0, 1003.3515625, 564.484619140625, 1003.2090454101562, 568.2881469726562, 1003.0, 568.0], [1003.0, 568.0, 1002.875732421875, 567.8286743164062, 1001.7909545898438, 568.7118530273438, 1002.0, 569.0], [1002.0, 569.0, 1002.3515625, 569.484619140625, 1002.2090454101562, 573.2881469726562, 1002.0, 573.0], [1002.0, 573.0, 1001.875732421875, 572.8286743164062, 1000.8023681640625, 573.79052734375, 1001.0, 574.0], [1001.0, 574.0, 1001.287841796875, 574.3050537109375, 1001.1976318359375, 577.20947265625, 1001.0, 577.0], [1001.0, 577.0, 1000.8643188476562, 576.856201171875, 999.7909545898438, 577.7118530273438, 1000.0, 578.0], [1000.0, 578.0, 1000.3515625, 578.484619140625, 1000.2090454101562, 582.2881469726562, 1000.0, 582.0], [1000.0, 582.0, 999.875732421875, 581.8286743164062, 998.8023681640625, 582.79052734375, 999.0, 583.0], [999.0, 583.0, 999.287841796875, 583.3050537109375, 999.1976318359375, 586.20947265625, 999.0, 586.0], [999.0, 586.0, 998.8643188476562, 585.856201171875, 997.7909545898438, 586.7118530273438, 998.0, 587.0], [998.0, 587.0, 998.3515625, 587.484619140625, 998.2090454101562, 591.2881469726562, 998.0, 591.0], [998.0, 591.0, 997.875732421875, 590.8286743164062, 996.7909545898438, 591.7118530273438, 997.0, 592.0], [997.0, 592.0, 997.3515625, 592.484619140625, 997.2090454101562, 596.2881469726562, 997.0, 596.0], [997.0, 596.0, 996.875732421875, 595.8286743164062, 995.7824096679688, 596.6389770507812, 996.0, 597.0], [996.0, 597.0, 996.4091796875, 597.6788330078125, 996.2175903320312, 602.3610229492188, 996.0, 602.0], [996.0, 602.0, 995.88427734375, 601.8079833984375, 994.77001953125, 602.5064086914062, 995.0, 603.0], [995.0, 603.0, 995.5116577148438, 604.09814453125, 995.22998046875, 610.4935913085938, 995.0, 610.0], [995.0, 610.0, 994.8966064453125, 609.7781372070312, 993.775634765625, 610.5707397460938, 994.0, 611.0], [994.0, 611.0, 994.4622192382812, 611.8841552734375, 994.224365234375, 617.4292602539062, 994.0, 617.0], [994.0, 617.0, 993.8910522460938, 616.7916259765625, 992.775634765625, 617.5707397460938, 993.0, 618.0], [993.0, 618.0, 993.4622192382812, 618.8841552734375, 993.224365234375, 624.4292602539062, 993.0, 624.0], [993.0, 624.0, 992.8910522460938, 623.7916259765625, 991.7824096679688, 624.6389770507812, 992.0, 625.0], [992.0, 625.0, 992.4091796875, 625.6788330078125, 992.2175903320312, 630.3610229492188, 992.0, 630.0], [992.0, 630.0, 991.88427734375, 629.8079833984375, 990.7653198242188, 630.4453125, 991.0, 631.0], [991.0, 631.0, 991.5581665039062, 632.3192138671875, 991.2346801757812, 639.5546875, 991.0, 639.0], [991.0, 639.0, 990.9013061523438, 638.7667846679688, 989.7449951171875, 639.0804443359375, 990.0, 640.0], [990.0, 640.0, 990.83056640625, 642.9948120117188, 990.2550048828125, 655.9195556640625, 990.0, 655.0], [990.0, 655.0, 989.9216918945312, 654.7176513671875, 988.7518310546875, 655.2258911132812, 989.0, 656.0], [989.0, 656.0, 989.7228393554688, 658.2549438476562, 989.2481689453125, 668.7741088867188, 989.0, 668.0], [989.0, 668.0, 988.914794921875, 667.7342529296875, 987.7430419921875, 668.0347290039062, 988.0, 669.0], [988.0, 669.0, 988.8642578125, 672.246826171875, 988.2569580078125, 685.9652709960938, 988.0, 685.0], [988.0, 685.0, 987.923583984375, 684.7130126953125, 986.7051391601562, 683.1004028320312, 987.0, 686.0], [987.0, 686.0, 989.2587890625, 708.2134399414062, 986.7051391601562, 771.8995971679688, 987.0, 769.0], [987.0, 