{"version": 15, "source_image": "Luculine.otf", "width": 2048, "height": 2048, "vector_format": "bezier_cubic", "strokes": [{"segments": [[991.0, 505.0, 991.0, 505.0, 993.03955078125, 507.24859619140625, 993.0, 507.0], [993.0, 507.0, 992.9765014648438, 506.8521728515625, 993.96044921875, 506.75140380859375, 994.0, 507.0], [994.0, 507.0, 994.0665283203125, 507.4180908203125, 996.03955078125, 509.24859619140625, 996.0, 509.0], [996.0, 509.0, 995.9765014648438, 508.8521728515625, 996.8975830078125, 508.6731872558594, 997.0, 509.0], [997.0, 509.0, 997.2109985351562, 509.6731872558594, 1000.1024169921875, 512.3268432617188, 1000.0, 512.0], [1000.0, 512.0, 999.9502563476562, 511.8413391113281, 1000.8975830078125, 511.6731872558594, 1001.0, 512.0], [1001.0, 512.0, 1001.2109985351562, 512.6731567382812, 1004.1024169921875, 515.3268432617188, 1004.0, 515.0], [1004.0, 515.0, 1003.9502563476562, 514.84130859375, 1004.7867431640625, 514.5444946289062, 1005.0, 515.0], [1005.0, 515.0, 1005.5670166015625, 516.211181640625, 1010.2132568359375, 520.4555053710938, 1010.0, 520.0], [1010.0, 520.0, 1009.9197998046875, 519.8287353515625, 1010.690185546875, 519.437255859375, 1011.0, 520.0], [1011.0, 520.0, 1011.9747314453125, 521.7705688476562, 1018.562744140625, 527.309814453125, 1018.0, 527.0], [1018.0, 527.0, 1017.8211669921875, 526.9015502929688, 1017.6053466796875, 527.8400268554688, 1018.0, 528.0], [1018.0, 528.0, 1018.9386596679688, 528.3805541992188, 1022.3946533203125, 532.1599731445312, 1022.0, 532.0], [1022.0, 532.0, 1021.8340454101562, 531.9327392578125, 1021.6731567382812, 532.8975830078125, 1022.0, 533.0], [1022.0, 533.0, 1022.6731567382812, 533.2109985351562, 1025.3267822265625, 536.1024169921875, 1025.0, 536.0], [1025.0, 536.0, 1024.84130859375, 535.9502563476562, 1024.8477783203125, 537.02880859375, 1025.0, 537.0], [1025.0, 537.0, 1025.1810302734375, 536.9657592773438, 1026.1522216796875, 537.97119140625, 1026.0, 538.0], [1026.0, 538.0, 1025.8719482421875, 538.0242309570312, 1025.8477783203125, 539.02880859375, 1026.0, 539.0], [1026.0, 539.0, 1026.1810302734375, 538.9657592773438, 1027.1522216796875, 539.97119140625, 1027.0, 540.0], [1027.0, 540.0, 1026.8719482421875, 540.0242309570312, 1026.8477783203125, 541.02880859375, 1027.0, 541.0], [1027.0, 541.0, 1027.1810302734375, 540.9657592773438, 1028.1522216796875, 541.97119140625, 1028.0, 542.0], [1028.0, 542.0, 1027.8719482421875, 542.0242309570312, 1027.8477783203125, 543.02880859375, 1028.0, 543.0], [1028.0, 543.0, 1028.1810302734375, 542.9657592773438, 1029.1810302734375, 543.8765258789062, 1029.0, 544.0], [1029.0, 544.0, 1028.78466796875, 544.1467895507812, 1028.8189697265625, 546.1234741210938, 1029.0, 546.0], [1029.0, 546.0, 1029.1522216796875, 545.8961791992188, 1030.1522216796875, 546.97119140625, 1030.0, 547.0], [1030.0, 547.0, 1029.8719482421875, 547.0242309570312, 1029.8477783203125, 548.02880859375, 1030.0, 548.0], [1030.0, 548.0, 1030.1810302734375, 547.9657592773438, 1031.1810302734375, 548.8765258789062, 1031.0, 549.0], [1031.0, 549.0, 1030.78466796875, 549.1467895507812, 1030.8189697265625, 551.1234741210938, 1031.0, 551.0], [1031.0, 551.0, 1031.1522216796875, 550.8961791992188, 1032.208984375, 551.7118530273438, 1032.0, 552.0], [1032.0, 552.0, 1031.6484375, 552.484619140625, 1031.791015625, 556.2881469726562, 1032.0, 556.0], [1032.0, 556.0, 1032.124267578125, 555.8286743164062, 1033.1810302734375, 556.8765258789062, 1033.0, 557.0], [1033.0, 557.0, 1032.78466796875, 557.1467895507812, 1032.8189697265625, 559.1234741210938, 1033.0, 559.0], [1033.0, 559.0, 1033.1522216796875, 558.8961791992188, 1034.224365234375, 559.5707397460938, 1034.0, 560.0], [1034.0, 560.0, 1033.537841796875, 560.8841552734375, 1033.775634765625, 566.4292602539062, 1034.0, 566.0], [1034.0, 566.0, 1034.10888671875, 565.7916259765625, 1035.234619140625, 566.4453125, 1035.0, 567.0], [1035.0, 567.0, 1034.44189453125, 568.3192138671875, 1034.765380859375, 575.5546875, 1035.0, 575.0], [1035.0, 575.0, 1035.0986328125, 574.7667846679688, 1036.2506103515625, 575.1759033203125, 1036.0, 576.0], [1036.0, 576.0, 1035.239990234375, 578.4985961914062, 1035.7493896484375, 589.8240966796875, 1036.0, 589.0], [1036.0, 589.0, 1036.0826416015625, 588.7282104492188, 1037.2960205078125, 586.9749755859375, 1037.0, 590.0], [1037.0, 590.0, 1034.6517333984375, 613.997314453125, 1036.7039794921875, 682.0250244140625, 1037.0, 679.0], [1037.0, 679.0, 1037.037353515625, 678.61865234375, 1038.2821044921875, 678.081787109375, 1038.0, 680.0], [1038.0, 680.0, 1036.444091796875, 690.5770874023438, 1037.7178955078125, 724.918212890625, 1038.0, 723.0], [1038.0, 723.0, 1038.0511474609375, 722.6521606445312, 1039.276123046875, 722.3895874023438, 1039.0, 724.0], [1039.0, 724.0, 1037.666015625, 731.7793579101562, 1038.723876953125, 758.6104125976562, 1039.0, 757.0], [1039.0, 757.0, 1039.05712890625, 756.6666259765625, 1040.276123046875, 756.3895874023438, 1040.0, 758.0], [1040.0, 758.0, 1038.666015625, 765.7793579101562, 1039.723876953125, 792.6104125976562, 1040.0, 791.0], [1040.0, 791.0, 1040.05712890625, 790.6666259765625, 1041.2921142578125, 789.3650512695312, 1041.0, 792.0], [1041.0, 792.0, 1038.9302978515625, 810.6698608398438, 1041.2921142578125, 865.6349487304688, 1041.0, 863.0], [1041.0, 863.0, 1040.958740234375, 862.6281127929688, 1039.72314453125, 862.3569946289062, 1040.0, 864.0], [1040.0, 864.0, 1041.3575439453125, 872.055908203125, 1040.27685546875, 899.6430053710938, 1040.0, 898.0], [1040.0, 898.0, 1039.9434814453125, 897.6649169921875, 1038.7578125, 898.331298828125, 1039.0, 899.0], [1039.0, 899.0, 1039.6441650390625, 900.7782592773438, 1039.2421875, 909.668701171875, 1039.0, 909.0], [1039.0, 909.0, 1038.908935546875, 908.74853515625, 1037.765380859375, 909.4453125, 1038.0, 910.0], [1038.0, 910.0, 1038.55810546875, 911.3192138671875, 1038.234619140625, 918.5546875, 1038.0, 918.0], [1038.0, 918.0, 1037.9013671875, 917.7667846679688, 1036.7578125, 918.331298828125, 1037.0, 919.0], [1037.0, 919.0, 1037.6441650390625, 920.7782592773438, 1037.2421875, 929.668701171875, 1037.0, 929.0], [1037.0, 929.0, 1036.908935546875, 928.74853515625, 1035.76123046875, 929.3870849609375, 1036.0, 930.0], [1036.0, 930.0, 1036.6021728515625, 931.5462036132812, 1036.23876953125, 939.6129150390625, 1036.0, 939.0], [1036.0, 939.0, 1035.9053955078125, 938.7570190429688, 1034.77001953125, 939.5064086914062, 1035.0, 940.0], [1035.0, 940.0, 1035.5115966796875, 941.09814453125, 1035.22998046875, 947.4935913085938, 1035.0, 947.0], [1035.0, 947.0, 1034.8966064453125, 946.7781372070312, 1033.791015625, 947.7118530273438, 1034.0, 948.0], [1034.0, 948.0, 1034.3515625, 948.484619140625, 1034.208984375, 952.2881469726562, 1034.0, 952.0], [1034.0, 952.0, 1033.875732421875, 951.8286743164062, 1032.791015625, 952.7118530273438, 1033.0, 953.0], [1033.0, 953.0, 1033.3515625, 953.484619140625, 1033.208984375, 957.2881469726562, 1033.0, 957.0], [1033.0, 957.0, 1032.875732421875, 956.8286743164062, 1031.7823486328125, 957.6389770507812, 1032.0, 958.0], [1032.0, 958.0, 1032.4091796875, 958.6788330078125, 1032.2176513671875, 963.3610229492188, 1032.0, 963.0], [1032.0, 963.0, 1031.88427734375, 962.8079833984375, 1030.7823486328125, 963.6389770507812, 1031.0, 964.0], [1031.0, 964.0, 1031.4091796875, 964.6788330078125, 1031.2176513671875, 969.3610229492188, 1031.0, 969.0], [1031.0, 969.0, 1030.88427734375, 968.8079833984375, 1029.7823486328125, 969.6389770507812, 1030.0, 970.0], [1030.0, 970.0, 1030.4091796875, 970.6788330078125, 1030.2176513671875, 975.3610229492188, 1030.0, 975.0], [1030.0, 975.0, 1029.88427734375, 974.8079833984375, 1028.7823486328125, 975.6389770507812, 1029.0, 976.0], [1029.0, 976.0, 1029.4091796875, 976.6788330078125, 1029.2176513671875, 981.3610229492188, 1029.0, 981.0], [1029.0, 981.0, 1028.88427734375, 980.8079833984375, 1027.8023681640625, 981.79052734375, 1028.0, 982.0], [1028.0, 982.0, 1028.287841796875, 982.3050537109375, 1028.1976318359375, 985.20947265625, 1028.0,