{"version": 15, "source_image": "Luculine.otf", "width": 2048, "height": 2048, "vector_format": "bezier_cubic", "strokes": [{"segments": [[1048.0, 693.0, 1048.0, 693.0, 1033.1436767578125, 678.4158325195312, 1034.0, 679.0], [1034.0, 679.0, 1034.1925048828125, 679.1312866210938, 1034.5111083984375, 678.2630004882812, 1034.0, 678.0], [1034.0, 678.0, 1032.5111083984375, 677.2339477539062, 1027.4888916015625, 671.7369995117188, 1028.0, 672.0], [1028.0, 672.0, 1028.1754150390625, 672.0902709960938, 1028.9599609375, 671.6830444335938, 1028.0, 671.0], [1028.0, 671.0, 1023.2932739257812, 667.6508178710938, 1010.3052978515625, 652.3582763671875, 1011.0, 654.0], [1011.0, 654.0, 1011.2833862304688, 654.669677734375, 1007.4097290039062, 652.6926879882812, 1007.0, 654.0], [1007.0, 654.0, 1006.1560668945312, 656.6926879882812, 994.2186889648438, 666.5131225585938, 995.0, 666.0], [995.0, 666.0, 995.1896362304688, 665.8754272460938, 995.1522827148438, 667.02880859375, 995.0, 667.0], [995.0, 667.0, 994.8189086914062, 666.9657592773438, 993.7909545898438, 667.7118530273438, 994.0, 668.0], [994.0, 668.0, 994.3515625, 668.484619140625, 994.2090454101562, 672.2881469726562, 994.0, 672.0], [994.0, 672.0, 993.875732421875, 671.8286743164062, 992.8023681640625, 672.79052734375, 993.0, 673.0], [993.0, 673.0, 993.287841796875, 673.3050537109375, 993.1976318359375, 676.20947265625, 993.0, 676.0], [993.0, 676.0, 992.8643188476562, 675.856201171875, 991.8023681640625, 676.79052734375, 992.0, 677.0], [992.0, 677.0, 992.287841796875, 677.3050537109375, 992.1976318359375, 680.20947265625, 992.0, 680.0], [992.0, 680.0, 991.8643188476562, 679.856201171875, 990.8477172851562, 680.97119140625, 991.0, 681.0], [991.0, 681.0, 991.1280517578125, 681.0242309570312, 991.1522827148438, 682.02880859375, 991.0, 682.0], [991.0, 682.0, 990.8189086914062, 681.9657592773438, 989.8477172851562, 682.97119140625, 990.0, 683.0], [990.0, 683.0, 990.1280517578125, 683.0242309570312, 990.1522827148438, 684.02880859375, 990.0, 684.0], [990.0, 684.0, 989.8189086914062, 683.9657592773438, 988.8477172851562, 684.97119140625, 989.0, 685.0], [989.0, 685.0, 989.1280517578125, 685.0242309570312, 989.1522827148438, 686.02880859375, 989.0, 686.0], [989.0, 686.0, 988.8189086914062, 685.9657592773438, 987.8477172851562, 686.97119140625, 988.0, 687.0], [988.0, 687.0, 988.1280517578125, 687.0242309570312, 988.1522827148438, 688.02880859375, 988.0, 688.0], [988.0, 688.0, 987.8189086914062, 687.9657592773438, 986.8477172851562, 688.97119140625, 987.0, 689.0], [987.0, 689.0, 987.1280517578125, 689.0242309570312, 987.1522827148438, 690.02880859375, 987.0, 690.0], [987.0, 690.0, 986.8189086914062, 689.9657592773438, 985.8477172851562, 690.97119140625, 986.0, 691.0], [986.0, 691.0, 986.1280517578125, 691.0242309570312, 986.1522827148438, 692.02880859375, 986.0, 692.0], [986.0, 692.0, 985.8189086914062, 691.9657592773438, 984.8477172851562, 692.97119140625, 985.0, 693.0], [985.0, 693.0, 985.1280517578125, 693.0242309570312, 985.1522827148438, 694.02880859375, 985.0, 694.0], [985.0, 694.0, 984.8189086914062, 693.9657592773438, 983.8477172851562, 694.97119140625, 984.0, 695.0], [984.0, 695.0, 984.1280517578125, 695.0242309570312, 984.1522827148438, 696.02880859375, 984.0, 696.0], [984.0, 696.0, 983.8189086914062, 695.9657592773438, 982.8477172851562, 696.97119140625, 983.0, 697.0], [983.0, 697.0, 983.1280517578125, 697.0242309570312, 983.2485961914062, 697.96044921875, 983.0, 698.0], [983.0, 698.0, 982.5819091796875, 698.0665283203125, 980.7514038085938, 700.03955078125, 981.0, 700.0], [981.0, 700.0, 981.1478271484375, 699.9765014648438, 981.1522827148438, 701.02880859375, 981.0, 701.0], [981.0, 701.0, 980.8189086914062, 700.9657592773438, 980.0, 702.0, 980.0, 702.0]], "color_group_id": 0}, {"segments": [[1017.0, 642.0, 1017.0, 642.0, 1016.0, 643.3333129882812, 1016.0, 643.0], [1016.0, 643.0, 1016.0, 642.6666870117188, 1014.6666870117188, 641.6666870117188, 1015.0, 642.0], [1015.0, 642.0, 1015.3333129882812, 642.3333129882812, 1016.1522827148438, 643.3333129882812, 1016.0, 643.0], [1016.0, 643.0, 1015.8719482421875, 642.7197265625, 1016.0, 641.254638671875, 1016.0, 642.0], [1016.0, 642.0, 1016.0, 643.6666870117188, 1016.2175903320312, 647.3610229492188, 1016.0, 647.0], [1016.0, 647.0, 1015.88427734375, 646.8079833984375, 1014.8477172851562, 647.97119140625, 1015.0, 648.0], [1015.0, 648.0, 1015.1280517578125, 648.0242309570312, 1015.3268432617188, 648.8975830078125, 1015.0, 649.0], [1015.0, 649.0, 1014.3268432617188, 649.2109985351562, 1011.6731567382812, 652.1024169921875, 1012.0, 652.0], [1012.0, 652.0, 1012.15869140625, 651.9502563476562, 1012.1522827148438, 653.02880859375, 1012.0, 653.0], [1012.0, 653.0, 1011.8189086914062, 652.9657592773438, 1011.2881469726562, 654.2090454101562, 1011.0, 654.0], [1011.0, 654.0, 1010.515380859375, 653.6484375, 1007.286865234375, 655.1572875976562, 1007.0, 654.0], [1007.0, 654.0, 1006.4606323242188, 651.823974609375, 996.633544921875, 642.9488525390625, 997.0, 644.0], [997.0, 644.0, 997.1687622070312, 644.484130859375, 993.79052734375, 643.8023681640625, 994.0, 644.0], [994.0, 644.0, 994.143798828125, 644.1356811523438, 993.02880859375, 645.1522827148438, 993.0, 645.0], [993.0, 645.0, 992.9757690429688, 644.8719482421875, 991.97119140625, 645.1522827148438, 992.0, 645.0], [992.0, 645.0, 992.0342407226562, 644.8189086914062, 991.02880859375, 643.8477172851562, 991.0, 644.0], [991.0, 644.0, 990.9757690429688, 644.1280517578125, 989.97119140625, 643.8477172851562, 990.0, 644.0], [990.0, 644.0, 990.0342407226562, 644.1810913085938, 989.02880859375, 645.1522827148438, 989.0, 645.0], [989.0, 645.0, 988.9757690429688, 644.8719482421875, 987.97119140625, 645.1522827148438, 988.0, 645.0], [988.0, 645.0, 988.0342407226562, 644.8189086914062, 987.02880859375, 643.8477172851562, 987.0, 644.0], [987.0, 644.0, 986.9757690429688, 644.1280517578125, 985.97119140625, 643.8477172851562, 986.0, 644.0], [986.0, 644.0, 986.0342407226562, 644.1810913085938, 985.20947265625, 645.1976318359375, 985.0, 645.0], [985.0, 645.0, 984.6949462890625, 644.712158203125, 981.79052734375, 645.1976318359375, 982.0, 645.0], [982.0, 645.0, 982.143798828125, 644.8643188476562, 981.0, 644.0, 981.0, 644.0]], "color_group_id": 0}, {"segments": [[1011.0, 584.0, 1011.0, 584.0, 1011.2422485351562, 594.668701171875, 1011.0, 594.0], [1011.0, 594.0, 1010.9088745117188, 593.74853515625, 1009.7183227539062, 593.1109619140625, 1010.0, 595.0], [1010.0, 595.0, 1011.534912109375, 605.29443359375, 1008.8182373046875, 639.891357421875, 1010.0, 637.0], [1010.0, 637.0, 1010.4849243164062, 635.8135986328125, 1015.1434326171875, 642.57861328125, 1015.0, 642.0], [1015.0, 642.0, 1014.9237060546875, 641.6922607421875, 1016.795166015625, 642.6536254882812, 1017.0, 642.0], [1017.0, 642.0, 1017.4219360351562, 640.6536254882812, 1022.4427490234375, 634.958984375, 1023.0, 636.0], [1023.0, 636.0, 1023.6049194335938, 637.130126953125, 1033.668701171875, 636.2422485351562, 1033.0, 636.0], [1033.0, 636.0, 1032.74853515625, 635.9088745117188, 1033.4453125, 634.7653198242188, 1034.0, 635.0], [1034.0, 635.0, 1035.3192138671875, 635.5581665039062, 1042.5546875, 635.2346801757812, 1042.0, 635.0], [1042.0, 635.0, 1041.766845703125, 634.9013061523438, 1042.5064697265625, 633.77001953125, 1043.0, 634.0], [1043.0, 634.0, 1044.09814453125, 634.5116577148438, 1050.0, 634.0, 1050.0, 634.0]], "color_group_id": 0}], "stats": {"curves": 3, "segments": 70, "char": "*", "converter": "pillow_fill_skimage_skeleton_imagevectorizer"}}