{"version": 14, "source_image": "FontPngs\\002b.png", "width": 2048, "height": 2048, "vector_format": "bezier_cubic", "strokes": [{"segments": [[964.0, 822.0, 963.6943969726562, 822.0686645507812, 964.8765258789062, 823.1810913085938, 965.0, 823.0], [965.0, 823.0, 965.1467895507812, 822.78466796875, 967.1234741210938, 823.1810913085938, 967.0, 823.0], [967.0, 823.0, 966.8961791992188, 822.8477172851562, 964.5653076171875, 821.7006225585938, 968.0, 822.0], [968.0, 822.0, 998.2921752929688, 824.6404418945312, 1081.4346923828125, 821.7006225585938, 1078.0, 822.0], [1078.0, 822.0, 1077.610595703125, 822.033935546875, 1078.79052734375, 823.1976318359375, 1079.0, 823.0], [1079.0, 823.0, 1079.3050537109375, 822.712158203125, 1082.20947265625, 823.1976318359375, 1082.0, 823.0], [1082.0, 823.0, 1081.856201171875, 822.8643188476562, 1082.8765869140625, 821.8189086914062, 1083.0, 822.0], [1083.0, 822.0, 1083.1468505859375, 822.21533203125, 1085.1234130859375, 821.8189086914062, 1085.0, 822.0], [1085.0, 822.0, 1084.896240234375, 822.1522827148438, 1085.8765869140625, 823.1810913085938, 1086.0, 823.0], [1086.0, 823.0, 1086.1468505859375, 822.78466796875, 1088.1234130859375, 823.1810913085938, 1088.0, 823.0], [1088.0, 823.0, 1087.896240234375, 822.8477172851562, 1088.97119140625, 821.8477172851562, 1089.0, 822.0], [1089.0, 822.0, 1089.024169921875, 822.1280517578125, 1090.02880859375, 821.8477172851562, 1090.0, 822.0], [1090.0, 822.0, 1089.9656982421875, 822.1810913085938, 1090.97119140625, 823.1522827148438, 1091.0, 823.0], [1091.0, 823.0, 1091.024169921875, 822.8719482421875, 1092.02880859375, 823.1522827148438, 1092.0, 823.0], [1092.0, 823.0, 1091.9656982421875, 822.8189086914062, 1092.7119140625, 821.7909545898438, 1093.0, 822.0], [1093.0, 822.0, 1093.484619140625, 822.3515625, 1097.2880859375, 821.7909545898438, 1097.0, 822.0], [1097.0, 822.0, 1096.82861328125, 822.124267578125, 1097.7119140625, 823.2090454101562, 1098.0, 823.0], [1098.0, 823.0, 1098.484619140625, 822.6484375, 1102.0, 823.0, 1102.0, 823.0]]}, {"segments": [[1023.0, 751.0, 1022.9088745117188, 750.74853515625, 1021.7518310546875, 751.2258911132812, 1022.0, 752.0], [1022.0, 752.0, 1022.7228393554688, 754.2549438476562, 1021.7518310546875, 764.7741088867188, 1022.0, 764.0], [1022.0, 764.0, 1022.085205078125, 763.7342529296875, 1023.2980346679688, 761.7357788085938, 1023.0, 765.0], [1023.0, 765.0, 1020.4810791015625, 792.5855102539062, 1022.7019653320312, 869.2642211914062, 1023.0, 866.0], [1023.0, 866.0, 1023.0352783203125, 865.61376953125, 1024.280029296875, 865.2005004882812, 1024.0, 867.0], [1024.0, 867.0, 1022.529541015625, 876.4500122070312, 1024.0, 906.0, 1024.0, 906.0]]}, {"segments": [[1023.0, 823.0, 1023.21533203125, 822.4225463867188, 1023.1810913085938, 820.514404296875, 1023.0, 821.0], [1023.0, 821.0, 1022.8477172851562, 821.4083251953125, 1021.6666870117188, 822.0, 1022.0, 822.0], [1022.0, 822.0, 1022.3333129882812, 822.0, 1023.1810913085938, 823.485595703125, 1023.0, 823.0], [1023.0, 823.0, 1022.78466796875, 822.4225463867188, 1022.8189086914062, 820.514404296875, 1023.0, 821.0], [1023.0, 821.0, 1023.1522827148438, 821.4083251953125, 1024.0, 822.0, 1024.0, 822.0]]}], "stats": {"curves": 3, "time_sec": 0.045, "seg_stride": 1, "min_stroke_points": 2, "curv_win_radius_small": 4, "curv_warn_angle": 22.0, "curv_corner_total_min": 80.0, "curv_corner_max_min": 50.0, "curv_lookahead_max": 10, "junc_continue_ang_max": 45.0, "merge_small_len_percentile": 75.0}}