{"version": 15, "source_image": "Luculine.otf", "width": 2048, "height": 2048, "vector_format": "bezier_cubic", "strokes": [{"segments": [[946.0, 893.0, 946.0, 893.0, 983.706787109375, 893.2781982421875, 982.0, 893.0], [982.0, 893.0, 981.6616821289062, 892.9448852539062, 981.9043579101562, 891.7380981445312, 983.0, 892.0], [983.0, 892.0, 987.0159301757812, 892.9598999023438, 1003.0956420898438, 892.2619018554688, 1002.0, 892.0], [1002.0, 892.0, 1001.7011108398438, 891.9285278320312, 1003.0380249023438, 890.5189819335938, 1003.0, 891.0], [1003.0, 891.0, 1002.9522094726562, 891.6047973632812, 1004.1336059570312, 893.4669189453125, 1004.0, 893.0], [1004.0, 893.0, 1003.91064453125, 892.687744140625, 1004.0, 891.6666870117188, 1004.0, 892.0], [1004.0, 892.0, 1004.0, 892.3333129882812, 1003.8477172851562, 893.3333129882812, 1004.0, 893.0], [1004.0, 893.0, 1004.1810913085938, 892.6035766601562, 1005.604736328125, 891.8023681640625, 1005.0, 892.0], [1005.0, 892.0, 1004.1192626953125, 892.287841796875, 1001.1835327148438, 892.0, 1002.0, 892.0], [1002.0, 892.0, 1002.6666870117188, 892.0, 1004.485595703125, 892.1810913085938, 1004.0, 892.0], [1004.0, 892.0, 1003.5916748046875, 891.8477172851562, 1002.6666870117188, 890.6666870117188, 1003.0, 891.0], [1003.0, 891.0, 1003.3333129882812, 891.3333129882812, 1001.9404907226562, 892.2844848632812, 1004.0, 892.0], [1004.0, 892.0, 1015.99853515625, 890.342529296875, 1054.0595703125, 892.2844848632812, 1052.0, 892.0], [1052.0, 892.0, 1051.646484375, 891.951171875, 1051.489990234375, 890.7261352539062, 1053.0, 891.0], [1053.0, 891.0, 1059.9547119140625, 892.2614135742188, 1083.0, 891.0, 1083.0, 891.0]], "color_group_id": 0}, {"segments": [[1002.0, 809.0, 1002.0, 809.0, 1001.7205810546875, 848.7689819335938, 1002.0, 847.0], [1002.0, 847.0, 1002.0538940429688, 846.6587524414062, 1003.2826538085938, 846.052978515625, 1003.0, 848.0], [1003.0, 848.0, 1001.42333984375, 858.8603515625, 1002.7173461914062, 893.947021484375, 1003.0, 892.0], [1003.0, 892.0, 1003.0506591796875, 891.6509399414062, 1004.2619018554688, 891.9043579101562, 1004.0, 893.0], [1004.0, 893.0, 1003.0401000976562, 897.0159301757812, 1003.7380981445312, 913.0956420898438, 1004.0, 912.0], [1004.0, 912.0, 1004.0714721679688, 911.7011108398438, 1005.2899169921875, 910.5535278320312, 1005.0, 913.0], [1005.0, 913.0, 1003.0651245117188, 929.3287353515625, 1004.7100830078125, 978.4464721679688, 1005.0, 976.0], [1005.0, 976.0, 1005.04345703125, 975.6334838867188, 1006.2682495117188, 975.70556640625, 1006.0, 977.0], [1006.0, 977.0, 1004.89501953125, 982.3323974609375, 1005.7317504882812, 1002.29443359375, 1006.0, 1001.0], [1006.0, 1001.0, 1006.0651245117188, 1000.685791015625, 1007.1522827148438, 1001.97119140625, 1007.0, 1002.0], [1007.0, 1002.0, 1006.8719482421875, 1002.0242309570312, 1007.1522827148438, 1003.02880859375, 1007.0, 1003.0], [1007.0, 1003.0, 1006.8189086914062, 1002.9657592773438, 1005.8477172851562, 1003.97119140625, 1006.0, 1004.0], [1006.0, 1004.0, 1006.1280517578125, 1004.0242309570312, 1005.8477172851562, 1005.02880859375, 1006.0, 1005.0], [1006.0, 1005.0, 1006.1810913085938, 1004.9657592773438, 1007.1976318359375, 1005.79052734375, 1007.0, 1006.0], [1007.0, 1006.0, 1006.712158203125, 1006.3050537109375, 1007.0, 1009.0, 1007.0, 1009.0]], "color_group_id": 0}], "stats": {"curves": 2, "segments": 30, "char": "+", "converter": "pillow_fill_skimage_skeleton_imagevectorizer"}}