{"version": 14, "source_image": "FontPngs\\002c.png", "width": 2048, "height": 2048, "vector_format": "bezier_cubic", "strokes": [{"segments": [[1023.0, 1010.0, 1023.124267578125, 1009.8286743164062, 1024.1522216796875, 1010.97119140625, 1024.0, 1011.0], [1024.0, 1011.0, 1023.8719482421875, 1011.0242309570312, 1024.1522216796875, 1012.02880859375, 1024.0, 1012.0], [1024.0, 1012.0, 1023.8189086914062, 1011.9657592773438, 1022.7909545898438, 1012.7118530273438, 1023.0, 1013.0], [1023.0, 1013.0, 1023.3515625, 1013.484619140625, 1023.2090454101562, 1017.2881469726562, 1023.0, 1017.0], [1023.0, 1017.0, 1022.875732421875, 1016.8286743164062, 1021.8023681640625, 1017.79052734375, 1022.0, 1018.0], [1022.0, 1018.0, 1022.287841796875, 1018.3050537109375, 1022.1976318359375, 1021.20947265625, 1022.0, 1021.0], [1022.0, 1021.0, 1021.8643188476562, 1020.856201171875, 1020.8023681640625, 1021.79052734375, 1021.0, 1022.0], [1021.0, 1022.0, 1021.287841796875, 1022.3050537109375, 1021.1976318359375, 1025.20947265625, 1021.0, 1025.0], [1021.0, 1025.0, 1020.8643188476562, 1024.856201171875, 1019.8023681640625, 1025.79052734375, 1020.0, 1026.0], [1020.0, 1026.0, 1020.287841796875, 1026.3050537109375, 1020.1976318359375, 1029.20947265625, 1020.0, 1029.0], [1020.0, 1029.0, 1019.8643188476562, 1028.856201171875, 1018.8023681640625, 1029.79052734375, 1019.0, 1030.0], [1019.0, 1030.0, 1019.287841796875, 1030.3050537109375, 1019.1976318359375, 1033.20947265625, 1019.0, 1033.0], [1019.0, 1033.0, 1018.8643188476562, 1032.856201171875, 1017.8189086914062, 1033.8765869140625, 1018.0, 1034.0], [1018.0, 1034.0, 1018.21533203125, 1034.1468505859375, 1018.1810913085938, 1036.1234130859375, 1018.0, 1036.0], [1018.0, 1036.0, 1017.8477172851562, 1035.896240234375, 1016.8189086914062, 1036.8765869140625, 1017.0, 1037.0], [1017.0, 1037.0, 1017.21533203125, 1037.1468505859375, 1017.1810913085938, 1039.1234130859375, 1017.0, 1039.0], [1017.0, 1039.0, 1016.8477172851562, 1038.896240234375, 1015.8189086914062, 1039.8765869140625, 1016.0, 1040.0], [1016.0, 1040.0, 1016.21533203125, 1040.1468505859375, 1016.1810913085938, 1042.1234130859375, 1016.0, 1042.0], [1016.0, 1042.0, 1015.8477172851562, 1041.896240234375, 1014.8189086914062, 1042.8765869140625, 1015.0, 1043.0], [1015.0, 1043.0, 1015.21533203125, 1043.1468505859375, 1015.1810913085938, 1045.1234130859375, 1015.0, 1045.0], [1015.0, 1045.0, 1014.8477172851562, 1044.896240234375, 1013.8189086914062, 1045.8765869140625, 1014.0, 1046.0], [1014.0, 1046.0, 1014.21533203125, 1046.1468505859375, 1014.1810913085938, 1048.1234130859375, 1014.0, 1048.0], [1014.0, 1048.0, 1013.8477172851562, 1047.896240234375, 1012.8189086914062, 1048.8765869140625, 1013.0, 1049.0], [1013.0, 1049.0, 1013.21533203125, 1049.1468505859375, 1013.1810913085938, 1051.1234130859375, 1013.0, 1051.0], [1013.0, 1051.0, 1012.8477172851562, 1050.896240234375, 1011.8477172851562, 1051.97119140625, 1012.0, 1052.0], [1012.0, 1052.0, 1012.1280517578125, 1052.024169921875, 1012.2485961914062, 1052.96044921875, 1012.0, 1053.0], [1012.0, 1053.0, 1011.5819091796875, 1053.0665283203125, 1009.7514038085938, 1055.03955078125, 1010.0, 1055.0], [1010.0, 1055.0, 1010.1478271484375, 1054.9764404296875, 1010.1522827148438, 1056.02880859375, 1010.0, 1056.0], [1010.0, 1056.0, 1009.8189086914062, 1055.9656982421875, 1008.8477172851562, 1056.97119140625, 1009.0, 1057.0], [1009.0, 1057.0, 1009.1280517578125, 1057.024169921875, 1009.2485961914062, 1057.96044921875, 1009.0, 1058.0], [1009.0, 1058.0, 1008.5819091796875, 1058.0665283203125, 1006.7514038085938, 1060.03955078125, 1007.0, 1060.0], [1007.0, 1060.0, 1007.1478271484375, 1059.9764404296875, 1007.2485961914062, 1060.96044921875, 1007.0, 1061.0], [1007.0, 1061.0, 1006.5819091796875, 1061.0665283203125, 1003.9688720703125, 1064.2740478515625, 1005.0, 1063.0], [1005.0, 1063.0, 1006.7982177734375, 1060.778076171875, 1010.4237670898438, 1055.158203125, 1010.0, 1056.0], [1010.0, 1056.0, 1009.8555297851562, 1056.2869873046875, 1010.1522827148438, 1057.02880859375, 1010.0, 1057.0], [1010.0, 1057.0, 1009.8189086914062, 1056.9656982421875, 1008.6666870117188, 1058.3333740234375, 1009.0, 1058.0], [1009.0, 1058.0, 1009.3333129882812, 1057.6666259765625, 1010.3333129882812, 1056.8477783203125, 1010.0, 1057.0], [1010.0, 1057.0, 1009.7197265625, 1057.1280517578125, 1009.0, 1057.0, 1009.0, 1057.0]]}], "stats": {"curves": 1, "time_sec": 0.029, "seg_stride": 1, "min_stroke_points": 2, "curv_win_radius_small": 4, "curv_warn_angle": 22.0, "curv_corner_total_min": 80.0, "curv_corner_max_min": 50.0, "curv_lookahead_max": 10, "junc_continue_ang_max": 45.0, "merge_small_len_percentile": 75.0}}