{"version": 14, "source_image": "FontPngs\\002d.png", "width": 2048, "height": 2048, "vector_format": "bezier_cubic", "strokes": [{"segments": [[969.0, 823.0, 968.7282104492188, 822.9172973632812, 969.97119140625, 821.8477172851562, 970.0, 822.0], [970.0, 822.0, 970.0242309570312, 822.1280517578125, 971.02880859375, 821.8477172851562, 971.0, 822.0], [971.0, 822.0, 970.9657592773438, 822.1810913085938, 971.8765258789062, 823.1810913085938, 972.0, 823.0], [972.0, 823.0, 972.1467895507812, 822.78466796875, 974.1234741210938, 823.1810913085938, 974.0, 823.0], [974.0, 823.0, 973.8961791992188, 822.8477172851562, 974.97119140625, 821.8477172851562, 975.0, 822.0], [975.0, 822.0, 975.0242309570312, 822.1280517578125, 976.02880859375, 821.8477172851562, 976.0, 822.0], [976.0, 822.0, 975.9657592773438, 822.1810913085938, 976.79052734375, 823.1976318359375, 977.0, 823.0], [977.0, 823.0, 977.3050537109375, 822.712158203125, 980.20947265625, 823.1976318359375, 980.0, 823.0], [980.0, 823.0, 979.856201171875, 822.8643188476562, 978.0581665039062, 821.7047729492188, 981.0, 822.0], [981.0, 822.0, 1003.8072509765625, 824.2890014648438, 1068.94189453125, 821.7047729492188, 1066.0, 822.0], [1066.0, 822.0, 1065.6204833984375, 822.0380859375, 1066.8765869140625, 823.1810913085938, 1067.0, 823.0], [1067.0, 823.0, 1067.1468505859375, 822.78466796875, 1069.1234130859375, 823.1810913085938, 1069.0, 823.0], [1069.0, 823.0, 1068.896240234375, 822.8477172851562, 1069.8765869140625, 821.8189086914062, 1070.0, 822.0], [1070.0, 822.0, 1070.1468505859375, 822.21533203125, 1072.1234130859375, 821.8189086914062, 1072.0, 822.0], [1072.0, 822.0, 1071.896240234375, 822.1522827148438, 1072.8765869140625, 823.1810913085938, 1073.0, 823.0], [1073.0, 823.0, 1073.1468505859375, 822.78466796875, 1075.1234130859375, 823.1810913085938, 1075.0, 823.0], [1075.0, 823.0, 1074.896240234375, 822.8477172851562, 1075.97119140625, 821.8477172851562, 1076.0, 822.0], [1076.0, 822.0, 1076.024169921875, 822.1280517578125, 1077.02880859375, 821.8477172851562, 1077.0, 822.0], [1077.0, 822.0, 1076.9656982421875, 822.1810913085938, 1077.1759033203125, 823.2506713867188, 1078.0, 823.0], [1078.0, 823.0, 1080.4986572265625, 822.2400512695312, 1091.0, 823.0, 1091.0, 823.0]]}], "stats": {"curves": 1, "time_sec": 0.029, "seg_stride": 1, "min_stroke_points": 2, "curv_win_radius_small": 4, "curv_warn_angle": 22.0, "curv_corner_total_min": 80.0, "curv_corner_max_min": 50.0, "curv_lookahead_max": 10, "junc_continue_ang_max": 45.0, "merge_small_len_percentile": 75.0}}