{"version": 15, "source_image": "Luculine.otf", "width": 2048, "height": 2048, "vector_format": "bezier_cubic", "strokes": [{"segments": [[1061.0, 576.0, 1061.0, 576.0, 1061.208984375, 580.2881469726562, 1061.0, 580.0], [1061.0, 580.0, 1060.875732421875, 579.8286743164062, 1059.8189697265625, 580.8765258789062, 1060.0, 581.0], [1060.0, 581.0, 1060.21533203125, 581.1467895507812, 1060.1810302734375, 583.1234741210938, 1060.0, 583.0], [1060.0, 583.0, 1059.8477783203125, 582.8961791992188, 1058.8023681640625, 583.79052734375, 1059.0, 584.0], [1059.0, 584.0, 1059.287841796875, 584.3050537109375, 1059.1976318359375, 587.20947265625, 1059.0, 587.0], [1059.0, 587.0, 1058.8642578125, 586.856201171875, 1057.791015625, 587.7118530273438, 1058.0, 588.0], [1058.0, 588.0, 1058.3515625, 588.484619140625, 1058.208984375, 592.2881469726562, 1058.0, 592.0], [1058.0, 592.0, 1057.875732421875, 591.8286743164062, 1056.791015625, 592.7118530273438, 1057.0, 593.0], [1057.0, 593.0, 1057.3515625, 593.484619140625, 1057.208984375, 597.2881469726562, 1057.0, 597.0], [1057.0, 597.0, 1056.875732421875, 596.8286743164062, 1055.791015625, 597.7118530273438, 1056.0, 598.0], [1056.0, 598.0, 1056.3515625, 598.484619140625, 1056.208984375, 602.2881469726562, 1056.0, 602.0], [1056.0, 602.0, 1055.875732421875, 601.8286743164062, 1054.791015625, 602.7118530273438, 1055.0, 603.0], [1055.0, 603.0, 1055.3515625, 603.484619140625, 1055.208984375, 607.2881469726562, 1055.0, 607.0], [1055.0, 607.0, 1054.875732421875, 606.8286743164062, 1053.791015625, 607.7118530273438, 1054.0, 608.0], [1054.0, 608.0, 1054.3515625, 608.484619140625, 1054.208984375, 612.2881469726562, 1054.0, 612.0], [1054.0, 612.0, 1053.875732421875, 611.8286743164062, 1052.791015625, 612.7118530273438, 1053.0, 613.0], [1053.0, 613.0, 1053.3515625, 613.484619140625, 1053.208984375, 617.2881469726562, 1053.0, 617.0], [1053.0, 617.0, 1052.875732421875, 616.8286743164062, 1051.791015625, 617.7118530273438, 1052.0, 618.0], [1052.0, 618.0, 1052.3515625, 618.484619140625, 1052.208984375, 622.2881469726562, 1052.0, 622.0], [1052.0, 622.0, 1051.875732421875, 621.8286743164062, 1050.791015625, 622.7118530273438, 1051.0, 623.0], [1051.0, 623.0, 1051.3515625, 623.484619140625, 1051.208984375, 627.2881469726562, 1051.0, 627.0], [1051.0, 627.0, 1050.875732421875, 626.8286743164062, 1049.791015625, 627.7118530273438, 1050.0, 628.0], [1050.0, 628.0, 1050.3515625, 628.484619140625, 1050.208984375, 632.2881469726562, 1050.0, 632.0], [1050.0, 632.0, 1049.875732421875, 631.8286743164062, 1048.791015625, 632.7118530273438, 1049.0, 633.0], [1049.0, 633.0, 1049.3515625, 633.484619140625, 1049.208984375, 637.2881469726562, 1049.0, 637.0], [1049.0, 637.0, 1048.875732421875, 636.8286743164062, 1047.8023681640625, 637.79052734375, 1048.0, 638.0], [1048.0, 638.0, 1048.287841796875, 638.3050537109375, 1048.1976318359375, 641.20947265625, 1048.0, 641.0], [1048.0, 641.0, 1047.8642578125, 640.856201171875, 1046.791015625, 641.7118530273438, 1047.0, 642.0], [1047.0, 642.0, 1047.3515625, 642.484619140625, 1047.208984375, 646.2881469726562, 1047.0, 646.0], [1047.0, 646.0, 1046.875732421875, 645.8286743164062, 1045.791015625, 646.7118530273438, 1046.0, 647.0], [1046.0, 647.0, 1046.3515625, 647.484619140625, 1046.208984375, 651.2881469726562, 1046.0, 651.0], [1046.0, 651.0, 1045.875732421875, 650.8286743164062, 1044.791015625, 651.7118530273438, 1045.0, 652.0], [1045.0, 652.0, 1045.3515625, 652.484619140625, 1045.208984375, 656.2881469726562, 1045.0, 656.0], [1045.0, 656.0, 1044.875732421875, 655.8286743164062, 1043.791015625, 656.7118530273438, 1044.0, 657.0], [1044.0, 657.0, 1044.3515625, 657.484619140625, 1044.208984375, 661.2881469726562, 1044.0, 661.0], [1044.0, 661.0, 1043.875732421875, 660.8286743164062, 1042.791015625, 661.7118530273438, 1043.0, 662.0], [1043.0, 662.0, 1043.3515625, 662.484619140625, 1043.208984375, 666.2881469726562, 1043.0, 666.0], [1043.0, 666.0, 1042.875732421875, 665.8286743164062, 1041.8023681640625, 666.79052734375, 1042.0, 667.0], [1042.0, 667.0, 1042.287841796875, 667.3050537109375, 1042.1976318359375, 670.20947265625, 1042.0, 670.0], [1042.0, 670.0, 1041.8642578125, 669.856201171875, 1040.791015625, 670.7118530273438, 1041.0, 671.0], [1041.0, 671.0, 1041.3515625, 671.484619140625, 1041.208984375, 675.2881469726562, 1041.0, 675.0], [1041.0, 675.0, 1040.875732421875, 674.8286743164062, 1039.791015625, 675.7118530273438, 1040.0, 676.0], [1040.0, 676.0, 1040.3515625, 676.484619140625, 1040.208984375, 680.2881469726562, 1040.0, 680.0], [1040.0, 680.0, 1039.875732421875, 679.8286743164062, 1038.791015625, 680.7118530273438, 1039.0, 681.0], [1039.0, 681.0, 1039.3515625, 681.484619140625, 1039.208984375, 685.2881469726562, 1039.0, 685.0], [1039.0, 685.0, 1038.875732421875, 684.8286743164062, 1037.791015625, 685.7118530273438, 1038.0, 686.0], [1038.0, 686.0, 1038.3515625, 686.484619140625, 1038.208984375, 690.2881469726562, 1038.0, 690.0], [1038.0, 690.0, 1037.875732421875, 689.8286743164062, 1036.8023681640625, 690.79052734375, 1037.0, 691.0], [1037.0, 691.0, 1037.287841796875, 691.3050537109375, 1037.1976318359375, 694.20947265625, 1037.0, 694.0], [1037.0, 694.0, 1036.8642578125, 693.856201171875, 1035.791015625, 694.7118530273438, 1036.0, 695.0], [1036.0, 695.0, 1036.3515625, 695.484619140625, 1036.208984375, 699.2881469726562, 1036.0, 699.0], [1036.0, 699.0, 1035.875732421875, 698.8286743164062, 1034.791015625, 699.7118530273438, 1035.0, 700.0], [1035.0, 700.0, 1035.3515625, 700.484619140625, 1035.208984375, 704.2881469726562, 1035.0, 704.0], [1035.0, 704.0, 1034.875732421875, 703.8286743164062, 1033.791015625, 704.7118530273438, 1034.0, 705.0], [1034.0, 705.0, 1034.3515625, 705.484619140625, 1034.208984375, 709.2881469726562, 1034.0, 709.0], [1034.0, 709.0, 1033.875732421875, 708.8286743164062, 1032.8023681640625, 709.79052734375, 1033.0, 710.0], [1033.0, 710.0, 1033.287841796875, 710.3050537109375, 1033.1976318359375, 713.20947265625, 1033.0, 713.0], [1033.0, 713.0, 1032.8642578125, 712.856201171875, 1031.791015625, 713.7118530273438, 1032.0, 714.0], [1032.0, 714.0, 1032.3515625, 714.484619140625, 1032.208984375, 718.2881469726562, 1032.0, 718.0], [1032.0, 718.0, 1031.875732421875, 717.8286743164062, 1030.791015625, 718.7118530273438, 1031.0, 719.0], [1031.0, 719.0, 1031.3515625, 719.484619140625, 1031.208984375, 723.2881469726562, 1031.0, 723.0], [1031.0, 723.0, 1030.875732421875, 722.8286743164062, 1029.8023681640625, 723.79052734375, 1030.0, 724.0], [1030.0, 724.0, 1030.287841796875, 724.3050537109375, 1030.1976318359375, 727.20947265625, 1030.0, 727.0], [1030.0, 727.0, 1029.8642578125, 726.856201171875, 1028.791015625, 727.7118530273438, 1029.0, 728.0], [1029.0, 728.0, 1029.3515625, 728.484619140625, 1029.208984375, 732.2881469726562, 1029.0, 732.0], [1029.0, 732.0, 1028.875732421875, 731.8286743164062, 1027.791015625, 732.7118530273438, 1028.0, 733.0], [1028.0, 733.0, 1028.3515625, 733.484619140625, 1028.208984375, 737.2881469726562, 1028.0, 737.0], [1028.0, 737.0, 1027.875732421875, 736.8286743164062, 1026.8023681640625, 737.79052734375, 1027.0, 738.0], [1027.0, 738.0, 1027.287841796875, 738.3050537109375, 1027.1976318359375, 741.20947265625, 1027.0, 741.0], [1027.0, 741.0, 1026.8642578125, 740.856201171875, 1025.791015625, 741.7118530273438, 1026.0, 742.0], [1026.0, 742.0, 1026.3515625, 742.484619140625, 1026.208984375, 746.2881469726562, 1026.0, 746.0], [1026.0, 746.0, 1025.875732421875, 745.8286743164062, 1024.791015625, 746.7118530273438, 1025.0, 747.0], [1025.0, 747.0, 1025.3515625, 747.484619140625, 1025.208984375, 751.2881469726562, 1025.0, 751.0], [1025.0, 751.0, 1024.875732421875, 750.8286743164062, 1023.8023681640625, 751.79052734375, 1024.0, 752.0], [1024.0, 752.0, 1024.287841796875, 752.3050537109375, 1024.1976318359375, 755.20947265625, 1024.0, 755.0], [1024.0, 755.0, 1023.8643188476562, 754.856201171875, 1022.7909545898438, 755.7118530273438, 1023.0, 756.0], [1023.0, 756.0, 1023.3515625, 756.484619140625, 