{"version": 15, "source_image": "Luculine.otf", "width": 2048, "height": 2048, "vector_format": "bezier_cubic", "strokes": [{"segments": [[1069.0, 805.0, 1069.0, 805.0, 1067.7578125, 804.668701171875, 1068.0, 804.0], [1068.0, 804.0, 1068.6441650390625, 802.2217407226562, 1067.7578125, 793.331298828125, 1068.0, 794.0], [1068.0, 794.0, 1068.091064453125, 794.25146484375, 1069.208984375, 793.2881469726562, 1069.0, 793.0], [1069.0, 793.0, 1068.6484375, 792.515380859375, 1068.791015625, 788.7118530273438, 1069.0, 789.0], [1069.0, 789.0, 1069.124267578125, 789.1713256835938, 1070.26708984375, 789.2562255859375, 1070.0, 788.0], [1070.0, 788.0, 1068.9228515625, 782.933837890625, 1069.73291015625, 763.7437744140625, 1070.0, 765.0], [1070.0, 765.0, 1070.0662841796875, 765.3115234375, 1071.2681884765625, 765.29443359375, 1071.0, 764.0], [1071.0, 764.0, 1069.89501953125, 758.6676025390625, 1070.7318115234375, 738.70556640625, 1071.0, 740.0], [1071.0, 740.0, 1071.0650634765625, 740.314208984375, 1072.299560546875, 742.4532470703125, 1072.0, 739.0], [1072.0, 739.0, 1069.346435546875, 708.4063720703125, 1072.299560546875, 624.5467529296875, 1072.0, 628.0], [1072.0, 628.0, 1071.9661865234375, 628.3897705078125, 1070.754638671875, 627.7223510742188, 1071.0, 627.0], [1071.0, 627.0, 1071.684326171875, 624.9853515625, 1071.245361328125, 615.2776489257812, 1071.0, 616.0], [1071.0, 616.0, 1070.9119873046875, 616.259033203125, 1069.76123046875, 615.6129150390625, 1070.0, 615.0], [1070.0, 615.0, 1070.6021728515625, 613.4537963867188, 1070.23876953125, 605.3870849609375, 1070.0, 606.0], [1070.0, 606.0, 1069.9053955078125, 606.2429809570312, 1068.775634765625, 605.4292602539062, 1069.0, 605.0], [1069.0, 605.0, 1069.462158203125, 604.1158447265625, 1069.224365234375, 598.5707397460938, 1069.0, 599.0], [1069.0, 599.0, 1068.89111328125, 599.2083740234375, 1067.791015625, 598.2881469726562, 1068.0, 598.0], [1068.0, 598.0, 1068.3515625, 597.515380859375, 1068.208984375, 593.7118530273438, 1068.0, 594.0], [1068.0, 594.0, 1067.875732421875, 594.1713256835938, 1066.8023681640625, 593.20947265625, 1067.0, 593.0], [1067.0, 593.0, 1067.287841796875, 592.6949462890625, 1067.1976318359375, 589.79052734375, 1067.0, 590.0], [1067.0, 590.0, 1066.8642578125, 590.143798828125, 1065.8477783203125, 589.02880859375, 1066.0, 589.0], [1066.0, 589.0, 1066.1280517578125, 588.9757690429688, 1066.24853515625, 588.03955078125, 1066.0, 588.0], [1066.0, 588.0, 1065.5819091796875, 587.9334716796875, 1064.0576171875, 585.6954956054688, 1064.0, 586.0], [1064.0, 586.0, 1063.9515380859375, 586.256103515625, 1061.8765869140625, 586.1810913085938, 1062.0, 586.0], [1062.0, 586.0, 1062.103759765625, 585.8477172851562, 1061.1234130859375, 584.8189086914062, 1061.0, 585.0], [1061.0, 585.0, 1060.8531494140625, 585.21533203125, 1058.8765869140625, 585.1810913085938, 1059.0, 585.0], [1059.0, 585.0, 1059.103759765625, 584.8477172851562, 1058.1234130859375, 583.8189086914062, 1058.0, 584.0], [1058.0, 584.0, 1057.8531494140625, 584.21533203125, 1055.8765869140625, 584.1810913085938, 1056.0, 584.0], [1056.0, 584.0, 1056.103759765625, 583.8477172851562, 1055.2880859375, 582.7909545898438, 1055.0, 583.0], [1055.0, 583.0, 1054.515380859375, 583.3515625, 1050.7119140625, 583.2090454101562, 1051.0, 583.0], [1051.0, 583.0, 1051.17138671875, 582.875732421875, 1050.2880859375, 581.7909545898438, 1050.0, 582.0], [1050.0, 582.0, 1049.515380859375, 582.3515625, 1045.7119140625, 582.2090454101562, 1046.0, 582.0], [1046.0, 582.0, 1046.17138671875, 581.875732421875, 1045.4935302734375, 580.77001953125, 1045.0, 581.0], [1045.0, 581.0, 1043.90185546875, 581.5116577148438, 1037.5064697265625, 581.22998046875, 1038.0, 581.0], [1038.0, 581.0, 1038.2218017578125, 580.8966064453125, 1037.722412109375, 579.754638671875, 1037.0, 580.0], [1037.0, 580.0, 1034.9853515625, 580.6842651367188, 1025.277587890625, 580.245361328125, 1026.0, 580.0], [1026.0, 580.0, 1026.259033203125, 579.9120483398438, 1025.87255859375, 578.7470703125, 1025.0, 579.0], [1025.0, 579.0, 1022.254638671875, 579.7958374023438, 1010.12744140625, 579.2529296875, 1011.0, 579.0], [1011.0, 579.0, 1011.27734375, 578.9196166992188, 1011.0098266601562, 577.7412719726562, 1010.0, 578.0], [1010.0, 578.0, 1006.4988403320312, 578.89697265625, 991.9901733398438, 578.2587280273438, 993.0, 578.0], [993.0, 578.0, 993.291259765625, 577.9253540039062, 992.6129150390625, 576.7612915039062, 992.0, 577.0], [992.0, 577.0, 990.4537963867188, 577.6021728515625, 982.3870849609375, 576.7612915039062, 983.0, 577.0], [983.0, 577.0, 983.2429809570312, 577.0946044921875, 982.4292602539062, 578.224365234375, 982.0, 578.0], [982.0, 578.0, 981.1158447265625, 577.5377807617188, 975.5707397460938, 577.775634765625, 976.0, 578.0], [976.0, 578.0, 976.2083740234375, 578.1089477539062, 975.20947265625, 579.1976318359375, 975.0, 579.0], [975.0, 579.0, 974.6949462890625, 578.712158203125, 971.79052734375, 578.8023681640625, 972.0, 579.0], [972.0, 579.0, 972.143798828125, 579.1356811523438, 971.20947265625, 580.1976318359375, 971.0, 580.0], [971.0, 580.0, 970.6949462890625, 579.712158203125, 967.79052734375, 579.8023681640625, 968.0, 580.0], [968.0, 580.0, 968.143798828125, 580.1356811523438, 967.1234741210938, 581.1810913085938, 967.0, 581.0], [967.0, 581.0, 966.8532104492188, 580.78466796875, 964.9423828125, 580.6954956054688, 965.0, 581.0], [965.0, 581.0, 965.0685424804688, 581.3621215820312, 962.6954956054688, 582.9423828125, 963.0, 583.0], [963.0, 583.0, 963.256103515625, 583.0484619140625, 963.1810913085938, 585.1234741210938, 963.0, 585.0], [963.0, 585.0, 962.8477172851562, 584.8961791992188, 961.7909545898438, 585.7118530273438, 962.0, 586.0], [962.0, 586.0, 962.3515625, 586.484619140625, 962.2090454101562, 590.2881469726562, 962.0, 590.0], [962.0, 590.0, 961.875732421875, 589.8286743164062, 960.7909545898438, 590.7118530273438, 961.0, 591.0], [961.0, 591.0, 961.3515625, 591.484619140625, 961.2090454101562, 595.2881469726562, 961.0, 595.0], [961.0, 595.0, 960.875732421875, 594.8286743164062, 959.77001953125, 595.5064086914062, 960.0, 596.0], [960.0, 596.0, 960.5116577148438, 597.09814453125, 960.22998046875, 603.4935913085938, 960.0, 603.0], [960.0, 603.0, 959.8966064453125, 602.7781372070312, 958.7224731445312, 602.3248901367188, 959.0, 604.0], [959.0, 604.0, 960.3807373046875, 612.3333129882812, 958.7224731445312, 640.6751098632812, 959.0, 639.0], [959.0, 639.0, 959.0557861328125, 638.6632690429688, 960.2529296875, 639.12744140625, 960.0, 640.0], [960.0, 640.0, 959.2041625976562, 642.745361328125, 959.7470703125, 654.87255859375, 960.0, 654.0], [960.0, 654.0, 960.0803833007812, 653.72265625, 961.2529296875, 654.12744140625, 961.0, 655.0], [961.0, 655.0, 960.2041625976562, 657.745361328125, 960.7470703125, 669.87255859375, 961.0, 669.0], [961.0, 669.0, 961.0803833007812, 668.72265625, 962.2619018554688, 668.9043579101562, 962.0, 670.0], [962.0, 670.0, 961.0401000976562, 674.0159301757812, 961.7380981445312, 690.0956420898438, 962.0, 689.0], [962.0, 689.0, 962.0714721679688, 688.7011108398438, 963.2754516601562, 688.4225463867188, 963.0, 690.0], [963.0, 690.0, 961.6898193359375, 697.5036010742188, 962.7245483398438, 723.5774536132812, 963.0, 722.0], [963.0, 722.0, 963.0579223632812, 721.6683959960938, 964.2659301757812, 721.7826538085938, 964.0, 723.0], [964.0, 723.0, 962.951171875, 727.80126953125, 964.2659301757812, 746.2173461914062, 964.0, 745.0], [964.0, 745.0, 963.9325561523438, 744.6913452148438, 962.725341796875, 744.4560546875, 963.0, 746.0], [963.0, 746.0, 964.2859497070312, 753.2286987304688, 963.274658203125, 778.5439453125, 963.0, 777.0], [963.0, 777.0, 962.9413452148438, 776.6702270507812, 961.730712890625, 776.6680908203125, 962.0, 778.0], [962.0, 778.0, 963.1322021484375, 783.5999145507812, 962.269287109375, 804.3319091796875, 962.0, 803.0], [962.0, 803.0, 961.9359741210938, 802.6832275390625, 960.7396240234375, 802.94677734375, 961.0, 804.0], [961.0, 804.0, 961.9288330078125, 