{"version": 14, "source_image": "FontPngs\\0031.png", "width": 2048, "height": 2048, "vector_format": "bezier_cubic", "strokes": [{"segments": [[987.0, 702.0, 987.1810913085938, 701.6035766601562, 988.3333129882812, 700.6666870117188, 988.0, 701.0], [988.0, 701.0, 987.6666870117188, 701.3333129882812, 987.02880859375, 702.1522827148438, 987.0, 702.0], [987.0, 702.0, 986.9757690429688, 701.8719482421875, 986.3305053710938, 701.810302734375, 986.0, 702.0], [986.0, 702.0, 985.1688232421875, 702.4769897460938, 979.584228515625, 703.9877319335938, 980.0, 704.0], [980.0, 704.0, 980.1965942382812, 704.0057983398438, 979.02880859375, 705.1522827148438, 979.0, 705.0], [979.0, 705.0, 978.9757690429688, 704.8719482421875, 977.8333129882812, 704.8333129882812, 978.0, 705.0], [978.0, 705.0, 978.1666870117188, 705.1666870117188, 978.1666870117188, 706.1666870117188, 978.0, 706.0], [978.0, 706.0, 977.8333129882812, 705.8333129882812, 977.0, 706.0, 977.0, 706.0], [977.0, 706.0, 977.0, 706.0, 975.97119140625, 705.8477172851562, 976.0, 706.0], [976.0, 706.0, 976.0342407226562, 706.1810913085938, 975.02880859375, 707.1522827148438, 975.0, 707.0], [975.0, 707.0, 974.9757690429688, 706.8719482421875, 973.8333129882812, 706.8333129882812, 974.0, 707.0], [974.0, 707.0, 974.1666870117188, 707.1666870117188, 974.1666870117188, 708.1666870117188, 974.0, 708.0], [974.0, 708.0, 973.8333129882812, 707.8333129882812, 972.97119140625, 707.8477172851562, 973.0, 708.0], [973.0, 708.0, 973.0342407226562, 708.1810913085938, 972.02880859375, 709.1522827148438, 972.0, 709.0], [972.0, 709.0, 971.9757690429688, 708.8719482421875, 970.4367065429688, 709.22998046875, 971.0, 709.0], [971.0, 709.0, 972.0696411132812, 708.5632934570312, 974.590087890625, 706.5382690429688, 974.0, 707.0], [974.0, 707.0, 973.6304321289062, 707.2891845703125, 973.02880859375, 708.1522827148438, 973.0, 708.0], [973.0, 708.0, 972.9757690429688, 707.8719482421875, 972.03955078125, 707.7514038085938, 972.0, 708.0], [972.0, 708.0, 971.9334716796875, 708.4180908203125, 969.96044921875, 710.2485961914062, 970.0, 710.0], [970.0, 710.0, 970.0234985351562, 709.8521728515625, 968.4266967773438, 710.1199951171875, 969.0, 710.0], [969.0, 710.0, 970.0194702148438, 709.78662109375, 972.3599243164062, 709.0933837890625, 972.0, 709.0], [972.0, 709.0, 971.797607421875, 708.947509765625, 971.723876953125, 707.8047485351562, 972.0, 708.0], [972.0, 708.0, 972.3905029296875, 708.276123046875, 974.276123046875, 708.1952514648438, 974.0, 708.0], [974.0, 708.0, 973.8047485351562, 707.8619384765625, 973.723876953125, 706.8047485351562, 974.0, 707.0], [974.0, 707.0, 974.3905029296875, 707.276123046875, 976.276123046875, 707.1952514648438, 976.0, 707.0], [976.0, 707.0, 975.8047485351562, 706.8619384765625, 975.723876953125, 705.8047485351562, 976.0, 706.0], [976.0, 706.0, 976.3905029296875, 706.276123046875, 978.276123046875, 706.1952514648438, 978.0, 706.0], [978.0, 706.0, 977.8047485351562, 705.8619384765625, 977.723876953125, 704.8047485351562, 978.0, 705.0], [978.0, 705.0, 978.3905029296875, 705.276123046875, 980.276123046875, 705.1952514648438, 980.0, 705.0], [980.0, 705.0, 979.8047485351562, 704.8619384765625, 980.0, 703.6666870117188, 980.0, 704.0], [980.0, 704.0, 980.0, 704.3333129882812, 979.8477172851562, 705.3333129882812, 980.0, 705.0], [980.0, 705.0, 980.1810913085938, 704.6035766601562, 981.590087890625, 703.5382690429688, 981.0, 704.0], [981.0, 704.0, 980.0578002929688, 704.7371826171875, 977.409912109375, 706.4617309570312, 978.0, 706.0], [978.0, 706.0, 978.3695678710938, 705.7108154296875, 979.590087890625, 704.5382690429688, 979.0, 705.0], [979.0, 705.0, 978.0578002929688, 705.7371826171875, 975.409912109375, 707.4617309570312, 976.0, 707.0], [976.0, 707.0, 976.3695678710938, 706.7108154296875, 977.590087890625, 705.5382690429688, 977.0, 706.0], [977.0, 706.0, 976.0578002929688, 706.7371826171875, 973.409912109375, 708.4617309570312, 974.0, 708.0], [974.0, 708.0, 974.3695678710938, 707.7108154296875, 974.97119140625, 706.8477172851562, 975.0, 707.0], [975.0, 707.0, 975.0242309570312, 707.1280517578125, 976.1666870117188, 707.1666870117188, 976.0, 707.0], [976.0, 707.0, 975.8333129882812, 706.8333129882812, 975.8333129882812, 705.8333129882812, 976.0, 706.0], [976.0, 706.0, 976.1666870117188, 706.1666870117188, 977.02880859375, 706.1522827148438, 977.0, 706.0], [977.0, 706.0, 976.9657592773438, 705.8189086914062, 977.97119140625, 704.8477172851562, 978.0, 705.0], [978.0, 705.0, 978.0242309570312, 705.1280517578125, 979.0, 705.0, 979.0, 705.0], [979.0, 705.0, 979.0, 705.0, 980.1666870117188, 705.1666870117188, 980.0, 705.0], [980.0, 705.0, 979.8333129882812, 704.8333129882812, 979.8333129882812, 703.8333129882812, 980.0, 704.0], [980.0, 704.0, 980.1666870117188, 704.1666870117188, 981.02880859375, 704.1522827148438, 981.0, 704.0], [981.0, 704.0, 980.9657592773438, 703.8189086914062, 981.97119140625, 702.8477172851562, 982.0, 703.0], [982.0, 703.0, 982.0242309570312, 703.1280517578125, 983.02880859375, 703.1522827148438, 983.0, 703.0], [983.0, 703.0, 982.9657592773438, 702.8189086914062, 983.8765258789062, 701.8189086914062, 984.0, 702.0], [984.0, 702.0, 984.1467895507812, 702.21533203125, 986.1234741210938, 702.1810913085938, 986.0, 702.0], [986.0, 702.0, 985.8961791992188, 701.8477172851562, 986.8765258789062, 700.8189086914062, 987.0, 701.0], [987.0, 701.0, 987.1467895507812, 701.21533203125, 989.1234741210938, 701.1810913085938, 989.0, 701.0], [989.0, 701.0, 988.8961791992188, 700.8477172851562, 989.97119140625, 699.8477172851562, 990.0, 700.0], [990.0, 700.0, 990.0242309570312, 700.1280517578125, 990.96044921875, 700.2485961914062, 991.0, 700.0], [991.0, 700.0, 991.0665283203125, 699.5819091796875, 993.03955078125, 697.7514038085938, 993.0, 698.0], [993.0, 698.0, 992.9765014648438, 698.1478271484375, 993.96044921875, 698.2485961914062, 994.0, 698.0], [994.0, 698.0, 994.0665283203125, 697.5819091796875, 996.03955078125, 695.7514038085938, 996.0, 696.0], [996.0, 696.0, 995.9765014648438, 696.1478271484375, 997.02880859375, 696.1522827148438, 997.0, 696.0], [997.0, 696.0, 996.9657592773438, 695.8189086914062, 998.1522827148438, 694.6666870117188, 998.0, 695.0], [998.0, 695.0, 997.8719482421875, 695.2802734375, 997.8477172851562, 696.3333129882812, 998.0, 696.0], [998.0, 696.0, 998.1810913085938, 695.6035766601562, 999.6932983398438, 694.5466918945312, 999.0, 695.0], [999.0, 695.0, 997.7671508789062, 695.8060913085938, 994.3456420898438, 697.2140502929688, 995.0, 697.0], [995.0, 697.0, 995.3094482421875, 696.8988037109375, 996.02880859375, 697.1522827148438, 996.0, 697.0], [996.0, 697.0, 995.9657592773438, 696.8189086914062, 997.3333129882812, 695.6666870117188, 997.0, 696.0], [997.0, 696.0, 996.6666870117188, 696.3333129882812, 995.8477172851562, 697.3333129882812, 996.0, 697.0], [996.0, 697.0, 996.1280517578125, 696.7197265625, 995.723876953125, 695.8047485351562, 996.0, 696.0], [996.0, 696.0, 996.3905029296875, 696.276123046875, 998.276123046875, 696.1952514648438, 998.0, 696.0], [998.0, 696.0, 997.8047485351562, 695.8619384765625, 997.6400756835938, 694.9066162109375, 998.0, 695.0], [998.0, 695.0, 998.6400756835938, 695.1660766601562, 1001.3599243164062, 694.0933837890625, 1001.0, 694.0], [1001.0, 694.0, 1000.797607421875, 693.947509765625, 1001.4120483398438, 692.4606323242188, 1001.0, 693.0], [1001.0, 693.0, 1000.0786743164062, 694.2059936523438, 996.357666015625, 696.3090209960938, 997.0, 696.0], [997.0, 696.0, 997.2872924804688, 695.86181640625, 998.1666870117188, 696.1666870117188, 998.0, 696.0], [998.0, 696.0, 997.8333129882812, 695.8333129882812, 997.8333129882812, 694.8333129882812, 998.0, 695.0], [998.0, 695.0, 998.1666870117188, 695.1666870117188, 998.96044921875, 695.2485961914062, 999.0, 695.0], [999.0, 695.0, 999.0665283203125, 694.5819091796875, 1001.4713745117188, 692.5286254882812, 1001.0, 693.0], [1001.0, 693.0, 1000.6666870117188, 693.3333129882812, 999.6666870117188, 694.1522827148438, 1000.0, 