{"version": 15, "source_image": "Luculine.otf", "width": 2048, "height": 2048, "vector_format": "bezier_cubic", "strokes": [{"segments": [[954.0, 688.0, 954.0, 688.0, 954.1976318359375, 684.79052734375, 954.0, 685.0], [954.0, 685.0, 953.8643188476562, 685.143798828125, 952.8477172851562, 684.02880859375, 953.0, 684.0], [953.0, 684.0, 953.1280517578125, 683.9757690429688, 952.8477172851562, 682.97119140625, 953.0, 683.0], [953.0, 683.0, 953.1810913085938, 683.0342407226562, 954.1522827148438, 682.02880859375, 954.0, 682.0], [954.0, 682.0, 953.8719482421875, 681.9757690429688, 954.1522827148438, 680.97119140625, 954.0, 681.0], [954.0, 681.0, 953.8189086914062, 681.0342407226562, 952.7238159179688, 681.6104125976562, 953.0, 680.0], [953.0, 680.0, 954.3340454101562, 672.2206420898438, 953.2761840820312, 645.3895874023438, 953.0, 647.0], [953.0, 647.0, 952.9428100585938, 647.3333740234375, 951.72119140625, 647.7380981445312, 952.0, 646.0], [952.0, 646.0, 953.4261474609375, 637.1097412109375, 951.72119140625, 607.2619018554688, 952.0, 609.0], [952.0, 609.0, 952.0545043945312, 609.3397827148438, 953.2481689453125, 608.7741088867188, 953.0, 608.0], [953.0, 608.0, 952.2771606445312, 605.7450561523438, 952.7518310546875, 595.2258911132812, 953.0, 596.0], [953.0, 596.0, 953.085205078125, 596.2657470703125, 954.224365234375, 595.4292602539062, 954.0, 595.0], [954.0, 595.0, 953.5377807617188, 594.1158447265625, 953.775634765625, 588.5707397460938, 954.0, 589.0], [954.0, 589.0, 954.1089477539062, 589.2083740234375, 955.2175903320312, 588.3610229492188, 955.0, 588.0], [955.0, 588.0, 954.5908203125, 587.3211669921875, 954.7824096679688, 582.6389770507812, 955.0, 583.0], [955.0, 583.0, 955.11572265625, 583.1920166015625, 956.1976318359375, 582.20947265625, 956.0, 582.0], [956.0, 582.0, 955.712158203125, 581.6949462890625, 955.8023681640625, 578.79052734375, 956.0, 579.0], [956.0, 579.0, 956.1356811523438, 579.143798828125, 957.1810913085938, 578.1234741210938, 957.0, 578.0], [957.0, 578.0, 956.78466796875, 577.8532104492188, 956.6954956054688, 575.9423828125, 957.0, 576.0], [957.0, 576.0, 957.3621215820312, 576.0685424804688, 958.9423828125, 573.6954956054688, 959.0, 574.0], [959.0, 574.0, 959.0484619140625, 574.256103515625, 961.1234741210938, 574.1810913085938, 961.0, 574.0], [961.0, 574.0, 960.8961791992188, 573.8477172851562, 961.8765258789062, 572.8189086914062, 962.0, 573.0], [962.0, 573.0, 962.1467895507812, 573.21533203125, 964.1234741210938, 573.1810913085938, 964.0, 573.0], [964.0, 573.0, 963.8961791992188, 572.8477172851562, 964.97119140625, 571.8477172851562, 965.0, 572.0], [965.0, 572.0, 965.0242309570312, 572.1280517578125, 966.02880859375, 572.1522827148438, 966.0, 572.0], [966.0, 572.0, 965.9657592773438, 571.8189086914062, 966.6389770507812, 570.7824096679688, 967.0, 571.0], [967.0, 571.0, 967.6788330078125, 571.4091796875, 972.3610229492188, 571.2175903320312, 972.0, 571.0], [972.0, 571.0, 971.8079833984375, 570.88427734375, 972.5707397460938, 569.775634765625, 973.0, 570.0], [973.0, 570.0, 973.8841552734375, 570.4622192382812, 979.4292602539062, 570.224365234375, 979.0, 570.0], [979.0, 570.0, 978.7916259765625, 569.8910522460938, 978.052978515625, 568.7173461914062, 980.0, 569.0], [980.0, 569.0, 990.8603515625, 570.57666015625, 1025.947021484375, 568.7173461914062, 1024.0, 569.0], [1024.0, 569.0, 1023.6509399414062, 569.0506591796875, 1024.7119140625, 570.2090454101562, 1025.0, 570.0], [1025.0, 570.0, 1025.484619140625, 569.6484375, 1029.2880859375, 569.7909545898438, 1029.0, 570.0], [1029.0, 570.0, 1028.82861328125, 570.124267578125, 1029.79052734375, 571.1976318359375, 1030.0, 571.0], [1030.0, 571.0, 1030.3050537109375, 570.712158203125, 1033.20947265625, 570.8023681640625, 1033.0, 571.0], [1033.0, 571.0, 1032.856201171875, 571.1356811523438, 1033.97119140625, 572.1522827148438, 1034.0, 572.0], [1034.0, 572.0, 1034.024169921875, 571.8719482421875, 1034.96044921875, 571.7514038085938, 1035.0, 572.0], [1035.0, 572.0, 1035.0665283203125, 572.4180908203125, 1037.3382568359375, 573.8455810546875, 1037.0, 574.0], [1037.0, 574.0, 1036.651611328125, 574.1589965820312, 1036.8023681640625, 577.20947265625, 1037.0, 577.0], [1037.0, 577.0, 1037.1357421875, 576.856201171875, 1038.208984375, 577.7118530273438, 1038.0, 578.0], [1038.0, 578.0, 1037.6484375, 578.484619140625, 1037.791015625, 582.2881469726562, 1038.0, 582.0], [1038.0, 582.0, 1038.124267578125, 581.8286743164062, 1039.23876953125, 582.3870849609375, 1039.0, 583.0], [1039.0, 583.0, 1038.3978271484375, 584.5462036132812, 1038.76123046875, 592.6129150390625, 1039.0, 592.0], [1039.0, 592.0, 1039.0946044921875, 591.7570190429688, 1040.271240234375, 591.5950927734375, 1040.0, 593.0], [1040.0, 593.0, 1038.8148193359375, 599.1386108398438, 1039.728759765625, 621.4049072265625, 1040.0, 620.0], [1040.0, 620.0, 1040.0621337890625, 619.678466796875, 1041.270263671875, 619.6312866210938, 1041.0, 621.0], [1041.0, 621.0, 1039.841064453125, 626.8687133789062, 1040.729736328125, 648.3687133789062, 1041.0, 647.0], [1041.0, 647.0, 1041.06298828125, 646.6807861328125, 1042.274658203125, 646.4560546875, 1042.0, 648.0], [1042.0, 648.0, 1040.7139892578125, 655.2286987304688, 1041.725341796875, 680.5439453125, 1042.0, 679.0], [1042.0, 679.0, 1042.0587158203125, 678.6702270507812, 1043.27880859375, 678.2619018554688, 1043.0, 680.0], [1043.0, 680.0, 1041.5738525390625, 688.8902587890625, 1042.72119140625, 718.7380981445312, 1043.0, 717.0], [1043.0, 717.0, 1043.0545654296875, 716.6602172851562, 1044.285400390625, 715.8858642578125, 1044.0, 718.0], [1044.0, 718.0, 1042.3033447265625, 730.570556640625, 1043.714599609375, 770.1141357421875, 1044.0, 768.0], [1044.0, 768.0, 1044.0479736328125, 767.6444702148438, 1045.3076171875, 764.108642578125, 1045.0, 769.0], [1045.0, 769.0, 1041.3238525390625, 827.4581909179688, 1045.3076171875, 975.891357421875, 1045.0, 971.0], [1045.0, 971.0, 1044.9742431640625, 970.5907592773438, 1043.727783203125, 970.5595092773438, 1044.0, 972.0], [1044.0, 972.0, 1045.2110595703125, 978.4096069335938, 1044.0, 1001.203125, 1044.0, 1000.0], [1044.0, 1000.0, 1044.0, 999.7726440429688, 1044.0, 1001.3333129882812, 1044.0, 1001.0], [1044.0, 1001.0, 1044.0, 1000.6666870117188, 1043.8477783203125, 999.6666870117188, 1044.0, 1000.0], [1044.0, 1000.0, 1044.1810302734375, 1000.3964233398438, 1044.0804443359375, 1001.2550048828125, 1045.0, 1001.0], [1045.0, 1001.0, 1047.994873046875, 1000.16943359375, 1060.9195556640625, 1001.2550048828125, 1060.0, 1001.0], [1060.0, 1001.0, 1059.7176513671875, 1000.9216918945312, 1060.2259521484375, 999.7518310546875, 1061.0, 1000.0], [1061.0, 1000.0, 1063.2548828125, 1000.7228393554688, 1073.7740478515625, 999.7518310546875, 1073.0, 1000.0], [1073.0, 1000.0, 1072.7342529296875, 1000.085205078125, 1073.97119140625, 1001.1522827148438, 1074.0, 1001.0], [1074.0, 1001.0, 1074.024169921875, 1000.8719482421875, 1075.0, 1001.0, 1075.0, 1001.0]], "color_group_id": 0}, {"segments": [[1045.0, 1001.0, 1045.0, 1001.0, 1043.97119140625, 1000.8477172851562, 1044.0, 1001.0], [1044.0, 1001.0, 1044.0343017578125, 1001.1810913085938, 1044.009765625, 1002.2587280273438, 1043.0, 1002.0], [1043.0, 1002.0, 1039.4989013671875, 1001.10302734375, 1024.990234375, 1001.7412719726562, 1026.0, 1002.0], [1026.0, 1002.0, 1026.291259765625, 1002.0746459960938, 1026.577392578125, 1003.2754516601562, 1025.0, 1003.0], [1025.0, 1003.0, 1017.4963989257812, 1001.6898193359375, 991.4225463867188, 1003.2754516601562, 993.0, 1003.0], [993.0, 1003.0, 993.3316040039062, 1002.9420776367188, 993.0098266601562, 1001.7412719726562, 992.0, 1002.0], [992.0, 1002.0, 988.4988403320312, 1002.89697265625, 973.9901733398438, 1001.7412719726562, 975.0, 1002.0], [975.0, 1002.0, 975.291259765625, 1002.0746459960938, 974.0, 1003.0, 974.0, 1003.0]], "color_group_id": 0}], "stats": {"curves": 2, "segments": 73, "char": "1", "converter": "pillow_fill_skimage_skeleton_imagevectorizer"}}