{"version": 15, "source_image": "Luculine.otf", "width": 2048, "height": 2048, "vector_format": "bezier_cubic", "strokes": [{"segments": [[958.0, 681.0, 958.0, 681.0, 958.2633056640625, 659.8629150390625, 958.0, 661.0], [958.0, 661.0, 957.9299926757812, 661.3023681640625, 956.7278442382812, 661.4404907226562, 957.0, 660.0], [957.0, 660.0, 958.2110595703125, 653.5903930664062, 957.2721557617188, 630.5595092773438, 957.0, 632.0], [957.0, 632.0, 956.9388427734375, 632.32373046875, 955.7577514648438, 631.668701171875, 956.0, 631.0], [956.0, 631.0, 956.6441650390625, 629.2217407226562, 955.7577514648438, 620.331298828125, 956.0, 621.0], [956.0, 621.0, 956.0911254882812, 621.25146484375, 957.2646484375, 621.1776123046875, 957.0, 620.0], [957.0, 620.0, 955.9801635742188, 615.4620971679688, 956.7353515625, 597.8223876953125, 957.0, 599.0], [957.0, 599.0, 957.0686645507812, 599.3056030273438, 958.22998046875, 598.4935913085938, 958.0, 598.0], [958.0, 598.0, 957.4883422851562, 596.90185546875, 957.77001953125, 590.5064086914062, 958.0, 591.0], [958.0, 591.0, 958.1033935546875, 591.2218627929688, 959.2090454101562, 590.2881469726562, 959.0, 590.0], [959.0, 590.0, 958.6484375, 589.515380859375, 958.7909545898438, 585.7118530273438, 959.0, 586.0], [959.0, 586.0, 959.124267578125, 586.1713256835938, 960.1522827148438, 585.02880859375, 960.0, 585.0], [960.0, 585.0, 959.8719482421875, 584.9757690429688, 959.8477172851562, 583.97119140625, 960.0, 584.0], [960.0, 584.0, 960.1810913085938, 584.0342407226562, 961.1810913085938, 583.1234741210938, 961.0, 583.0], [961.0, 583.0, 960.78466796875, 582.8532104492188, 960.8189086914062, 580.8765258789062, 961.0, 581.0], [961.0, 581.0, 961.1522827148438, 581.1038208007812, 962.1810913085938, 580.1234741210938, 962.0, 580.0], [962.0, 580.0, 961.78466796875, 579.8532104492188, 961.6954956054688, 577.9423828125, 962.0, 578.0], [962.0, 578.0, 962.3621215820312, 578.0685424804688, 963.9423828125, 575.6954956054688, 964.0, 576.0], [964.0, 576.0, 964.0484619140625, 576.256103515625, 966.1234741210938, 576.1810913085938, 966.0, 576.0], [966.0, 576.0, 965.8961791992188, 575.8477172851562, 966.97119140625, 574.8477172851562, 967.0, 575.0], [967.0, 575.0, 967.0242309570312, 575.1280517578125, 968.02880859375, 575.1522827148438, 968.0, 575.0], [968.0, 575.0, 967.9657592773438, 574.8189086914062, 968.79052734375, 573.8023681640625, 969.0, 574.0], [969.0, 574.0, 969.3050537109375, 574.287841796875, 972.20947265625, 574.1976318359375, 972.0, 574.0], [972.0, 574.0, 971.856201171875, 573.8643188476562, 972.8765258789062, 572.8189086914062, 973.0, 573.0], [973.0, 573.0, 973.1467895507812, 573.21533203125, 975.1234741210938, 573.1810913085938, 975.0, 573.0], [975.0, 573.0, 974.8961791992188, 572.8477172851562, 975.5707397460938, 571.775634765625, 976.0, 572.0], [976.0, 572.0, 976.8841552734375, 572.4622192382812, 982.4292602539062, 572.224365234375, 982.0, 572.0], [982.0, 572.0, 981.7916259765625, 571.8910522460938, 982.6389770507812, 570.7824096679688, 983.0, 571.0], [983.0, 571.0, 983.6788330078125, 571.4091796875, 988.3610229492188, 571.2175903320312, 988.0, 571.0], [988.0, 571.0, 987.8079833984375, 570.88427734375, 988.5064086914062, 569.77001953125, 989.0, 570.0], [989.0, 570.0, 990.09814453125, 570.5116577148438, 996.4935913085938, 570.22998046875, 996.0, 570.0], [996.0, 570.0, 995.7781372070312, 569.8966064453125, 996.0347290039062, 568.7430419921875, 997.0, 569.0], [997.0, 569.0, 1000.246826171875, 569.8642578125, 1013.9652709960938, 569.2569580078125, 1013.0, 569.0], [1013.0, 569.0, 1012.7130126953125, 568.923583984375, 1012.3569946289062, 567.72314453125, 1014.0, 568.0], [1014.0, 568.0, 1022.055908203125, 569.3575439453125, 1049.6429443359375, 567.72314453125, 1048.0, 568.0], [1048.0, 568.0, 1047.6649169921875, 568.0564575195312, 1048.79052734375, 569.1976318359375, 1049.0, 569.0], [1049.0, 569.0, 1049.3050537109375, 568.712158203125, 1052.20947265625, 568.8023681640625, 1052.0, 569.0], [1052.0, 569.0, 1051.856201171875, 569.1356811523438, 1052.79052734375, 570.1976318359375, 1053.0, 570.0], [1053.0, 570.0, 1053.3050537109375, 569.712158203125, 1056.20947265625, 569.8023681640625, 1056.0, 570.0], [1056.0, 570.0, 1055.856201171875, 570.1356811523438, 1056.97119140625, 571.1522827148438, 1057.0, 571.0], [1057.0, 571.0, 1057.024169921875, 570.8719482421875, 1057.96044921875, 570.7514038085938, 1058.0, 571.0], [1058.0, 571.0, 1058.0665283203125, 571.4180908203125, 1060.24853515625, 573.03955078125, 1060.0, 573.0], [1060.0, 573.0, 1059.8521728515625, 572.9765014648438, 1059.8477783203125, 574.02880859375, 1060.0, 574.0], [1060.0, 574.0, 1060.1810302734375, 573.9657592773438, 1061.208984375, 574.7118530273438, 1061.0, 575.0], [1061.0, 575.0, 1060.6484375, 575.484619140625, 1060.791015625, 579.2881469726562, 1061.0, 579.0], [1061.0, 579.0, 1061.124267578125, 578.8286743164062, 1062.224365234375, 579.5707397460938, 1062.0, 580.0], [1062.0, 580.0, 1061.537841796875, 580.8841552734375, 1061.775634765625, 586.4292602539062, 1062.0, 586.0], [1062.0, 586.0, 1062.10888671875, 585.7916259765625, 1063.2506103515625, 586.1759033203125, 1063.0, 587.0], [1063.0, 587.0, 1062.239990234375, 589.4985961914062, 1062.7493896484375, 600.8240966796875, 1063.0, 600.0], [1063.0, 600.0, 1063.0826416015625, 599.7282104492188, 1064.2978515625, 597.7551879882812, 1064.0, 601.0], [1064.0, 601.0, 1061.494873046875, 628.2855224609375, 1064.2978515625, 704.2448120117188, 1064.0, 701.0], [1064.0, 701.0, 1063.964599609375, 700.6141357421875, 1062.701904296875, 698.7357788085938, 1063.0, 702.0], [1063.0, 702.0, 1065.5189208984375, 729.5855102539062, 1063.298095703125, 806.2642211914062, 1063.0, 803.0], [1063.0, 803.0, 1062.9647216796875, 802.61376953125, 1061.77001953125, 803.5064086914062, 1062.0, 804.0], [1062.0, 804.0, 1062.5115966796875, 805.09814453125, 1062.22998046875, 811.4935913085938, 1062.0, 811.0], [1062.0, 811.0, 1061.8966064453125, 810.7781372070312, 1060.791015625, 811.7118530273438, 1061.0, 812.0], [1061.0, 812.0, 1061.3515625, 812.484619140625, 1061.208984375, 816.2881469726562, 1061.0, 816.0], [1061.0, 816.0, 1060.875732421875, 815.8286743164062, 1059.8023681640625, 816.79052734375, 1060.0, 817.0], [1060.0, 817.0, 1060.287841796875, 817.3050537109375, 1060.456787109375, 820.08642578125, 1060.0, 820.0], [1060.0, 820.0, 1059.456787109375, 819.897216796875, 1056.9881591796875, 823.4071044921875, 1057.0, 823.0], [1057.0, 823.0, 1057.008056640625, 822.7205200195312, 1054.8765869140625, 822.8189086914062, 1055.0, 823.0], [1055.0, 823.0, 1055.103759765625, 823.1522827148438, 1054.20947265625, 824.1976318359375, 1054.0, 824.0], [1054.0, 824.0, 1053.6949462890625, 823.712158203125, 1050.79052734375, 823.8023681640625, 1051.0, 824.0], [1051.0, 824.0, 1051.143798828125, 824.1356811523438, 1050.361083984375, 825.2175903320312, 1050.0, 825.0], [1050.0, 825.0, 1049.3211669921875, 824.5908203125, 1044.638916015625, 824.7824096679688, 1045.0, 825.0], [1045.0, 825.0, 1045.1920166015625, 825.11572265625, 1044.4935302734375, 826.22998046875, 1044.0, 826.0], [1044.0, 826.0, 1042.90185546875, 825.4883422851562, 1036.5064697265625, 826.22998046875, 1037.0, 826.0], [1037.0, 826.0, 1037.2218017578125, 825.8966064453125, 1037.29443359375, 824.7317504882812, 1036.0, 825.0], [1036.0, 825.0, 1030.6676025390625, 826.10498046875, 1010.70556640625, 825.2682495117188, 1012.0, 825.0], [1012.0, 825.0, 1012.314208984375, 824.9348754882812, 1012.0098266601562, 823.7412719726562, 1011.0, 824.0], [1011.0, 824.0, 1007.4988403320312, 824.89697265625, 992.9901733398438, 824.2587280273438, 994.0, 824.0], [994.0, 824.0, 994.291259765625, 823.9253540039062, 993.9652709960938, 822.7430419921875, 993.0, 823.0], [993.0, 823.0, 989.753173828125, 823.8642578125, 976.0347290039062, 822.7430419921875, 977.0, 823.0], [977.0, 823.0, 977.2869873046875, 823.076416015625, 976.2881469726562, 824.2090454101562, 976.0, 824.0], [976.0, 824.0, 975.515380859375, 823.6484375, 971.7118530273438, 823.7909545898438, 