{"version": 15, "source_image": "Luculine.otf", "width": 2048, "height": 2048, "vector_format": "bezier_cubic", "strokes": [{"segments": [[959.0, 566.0, 959.0, 566.0, 959.12744140625, 564.7470703125, 960.0, 565.0], [960.0, 565.0, 962.745361328125, 565.7958374023438, 974.87255859375, 564.7470703125, 974.0, 565.0], [974.0, 565.0, 973.72265625, 565.0803833007812, 973.3895874023438, 566.2761840820312, 975.0, 566.0], [975.0, 566.0, 982.7793579101562, 564.6659545898438, 1009.6104125976562, 565.7238159179688, 1008.0, 566.0], [1008.0, 566.0, 1007.6666259765625, 566.0571899414062, 1007.9901733398438, 567.2587280273438, 1009.0, 567.0], [1009.0, 567.0, 1012.5011596679688, 566.10302734375, 1027.009765625, 566.7412719726562, 1026.0, 567.0], [1026.0, 567.0, 1025.708740234375, 567.0746459960938, 1026.638916015625, 568.2175903320312, 1027.0, 568.0], [1027.0, 568.0, 1027.6788330078125, 567.5908203125, 1032.361083984375, 567.7824096679688, 1032.0, 568.0], [1032.0, 568.0, 1031.8079833984375, 568.11572265625, 1032.7119140625, 569.2090454101562, 1033.0, 569.0], [1033.0, 569.0, 1033.484619140625, 568.6484375, 1037.2880859375, 568.7909545898438, 1037.0, 569.0], [1037.0, 569.0, 1036.82861328125, 569.124267578125, 1037.79052734375, 570.1976318359375, 1038.0, 570.0], [1038.0, 570.0, 1038.3050537109375, 569.712158203125, 1041.20947265625, 569.8023681640625, 1041.0, 570.0], [1041.0, 570.0, 1040.856201171875, 570.1356811523438, 1041.8765869140625, 571.1810913085938, 1042.0, 571.0], [1042.0, 571.0, 1042.1468505859375, 570.78466796875, 1043.9881591796875, 570.5928955078125, 1044.0, 571.0], [1044.0, 571.0, 1044.0172119140625, 571.5928955078125, 1047.4071044921875, 574.0118408203125, 1047.0, 574.0], [1047.0, 574.0, 1046.720458984375, 573.9918823242188, 1046.8189697265625, 576.1234741210938, 1047.0, 576.0], [1047.0, 576.0, 1047.1522216796875, 575.8961791992188, 1048.1976318359375, 576.79052734375, 1048.0, 577.0], [1048.0, 577.0, 1047.712158203125, 577.3050537109375, 1047.8023681640625, 580.20947265625, 1048.0, 580.0], [1048.0, 580.0, 1048.1357421875, 579.856201171875, 1049.1522216796875, 580.97119140625, 1049.0, 581.0], [1049.0, 581.0, 1048.8719482421875, 581.0242309570312, 1048.8477783203125, 582.02880859375, 1049.0, 582.0], [1049.0, 582.0, 1049.1810302734375, 581.9657592773438, 1050.208984375, 582.7118530273438, 1050.0, 583.0], [1050.0, 583.0, 1049.6484375, 583.484619140625, 1049.791015625, 587.2881469726562, 1050.0, 587.0], [1050.0, 587.0, 1050.124267578125, 586.8286743164062, 1051.1976318359375, 587.79052734375, 1051.0, 588.0], [1051.0, 588.0, 1050.712158203125, 588.3050537109375, 1050.8023681640625, 591.20947265625, 1051.0, 591.0], [1051.0, 591.0, 1051.1357421875, 590.856201171875, 1052.234619140625, 591.4453125, 1052.0, 592.0], [1052.0, 592.0, 1051.44189453125, 593.3192138671875, 1051.765380859375, 600.5546875, 1052.0, 600.0], [1052.0, 600.0, 1052.0986328125, 599.7667846679688, 1053.234619140625, 600.4453125, 1053.0, 601.0], [1053.0, 601.0, 1052.44189453125, 602.3192138671875, 1052.765380859375, 609.5546875, 1053.0, 609.0], [1053.0, 609.0, 1053.0986328125, 608.7667846679688, 1054.23876953125, 609.3870849609375, 1054.0, 610.0], [1054.0, 610.0, 1053.3978271484375, 611.5462036132812, 1053.76123046875, 619.6129150390625, 1054.0, 619.0], [1054.0, 619.0, 1054.0946044921875, 618.7570190429688, 1055.2421875, 619.331298828125, 1055.0, 620.0], [1055.0, 620.0, 1054.3558349609375, 621.7782592773438, 1054.7578125, 630.668701171875, 1055.0, 630.0], [1055.0, 630.0, 1055.091064453125, 629.74853515625, 1056.245361328125, 630.2776489257812, 1056.0, 631.0], [1056.0, 631.0, 1055.315673828125, 633.0146484375, 1055.754638671875, 642.7223510742188, 1056.0, 642.0], [1056.0, 642.0, 1056.0880126953125, 641.740966796875, 1057.23876953125, 642.3870849609375, 1057.0, 643.0], [1057.0, 643.0, 1056.3978271484375, 644.5462036132812, 1056.76123046875, 652.6129150390625, 1057.0, 652.0], [1057.0, 652.0, 1057.0946044921875, 651.7570190429688, 1058.2421875, 652.331298828125, 1058.0, 653.0], [1058.0, 653.0, 1057.3558349609375, 654.7782592773438, 1057.7578125, 663.668701171875, 1058.0, 663.0], [1058.0, 663.0, 1058.091064453125, 662.74853515625, 1059.2506103515625, 663.1759033203125, 1059.0, 664.0], [1059.0, 664.0, 1058.239990234375, 666.4985961914062, 1058.7493896484375, 677.8240966796875, 1059.0, 677.0], [1059.0, 677.0, 1059.0826416015625, 676.7282104492188, 1060.27392578125, 676.489990234375, 1060.0, 678.0], [1060.0, 678.0, 1058.7386474609375, 684.9547119140625, 1059.72607421875, 709.510009765625, 1060.0, 708.0], [1060.0, 708.0, 1060.0594482421875, 707.6721801757812, 1061.28271484375, 707.052978515625, 1061.0, 709.0], [1061.0, 709.0, 1059.42333984375, 719.8603515625, 1060.2369384765625, 755.712158203125, 1061.0, 753.0], [1061.0, 753.0, 1061.2369384765625, 752.1578369140625, 1064.49267578125, 755.816162109375, 1064.0, 756.0], [1064.0, 756.0, 1063.5216064453125, 756.1785278320312, 1063.791015625, 760.2881469726562, 1064.0, 760.0], [1064.0, 760.0, 1064.124267578125, 759.8286743164062, 1065.1810302734375, 760.8765258789062, 1065.0, 761.0], [1065.0, 761.0, 1064.78466796875, 761.1467895507812, 1064.8189697265625, 763.1234741210938, 1065.0, 763.0], [1065.0, 763.0, 1065.1522216796875, 762.8961791992188, 1066.1976318359375, 763.79052734375, 1066.0, 764.0], [1066.0, 764.0, 1065.712158203125, 764.3050537109375, 1065.8023681640625, 767.20947265625, 1066.0, 767.0], [1066.0, 767.0, 1066.1357421875, 766.856201171875, 1067.1810302734375, 767.8765258789062, 1067.0, 768.0], [1067.0, 768.0, 1066.78466796875, 768.1467895507812, 1066.8189697265625, 770.1234741210938, 1067.0, 770.0], [1067.0, 770.0, 1067.1522216796875, 769.8961791992188, 1068.2550048828125, 770.0804443359375, 1068.0, 771.0], [1068.0, 771.0, 1067.16943359375, 773.9948120117188, 1067.7449951171875, 786.9195556640625, 1068.0, 786.0], [1068.0, 786.0, 1068.0782470703125, 785.7176513671875, 1069.27685546875, 785.3569946289062, 1069.0, 787.0], [1069.0, 787.0, 1067.6424560546875, 795.055908203125, 1068.72314453125, 822.6430053710938, 1069.0, 821.0], [1069.0, 821.0, 1069.0565185546875, 820.6649169921875, 1070.277587890625, 820.3248901367188, 1070.0, 822.0], [1070.0, 822.0, 1068.6192626953125, 830.3333129882812, 1069.722412109375, 858.6751098632812, 1070.0, 857.0], [1070.0, 857.0, 1070.0557861328125, 856.6632690429688, 1071.27685546875, 856.3569946289062, 1071.0, 858.0], [1071.0, 858.0, 1069.6424560546875, 866.055908203125, 1070.72314453125, 893.6430053710938, 1071.0, 892.0], [1071.0, 892.0, 1071.0565185546875, 891.6649169921875, 1072.275390625, 891.4225463867188, 1072.0, 893.0], [1072.0, 893.0, 1070.6898193359375, 900.5036010742188, 1071.724609375, 926.5774536132812, 1072.0, 925.0], [1072.0, 925.0, 1072.057861328125, 924.6683959960938, 1073.2781982421875, 924.293212890625, 1073.0, 926.0], [1073.0, 926.0, 1071.596435546875, 934.6113891601562, 1073.2781982421875, 963.706787109375, 1073.0, 962.0], [1073.0, 962.0, 1072.94482421875, 961.6616821289062, 1071.775634765625, 962.5707397460938, 1072.0, 963.0], [1072.0, 963.0, 1072.462158203125, 963.8841552734375, 1072.224365234375, 969.4292602539062, 1072.0, 969.0], [1072.0, 969.0, 1071.89111328125, 968.7916259765625, 1070.791015625, 969.7118530273438, 1071.0, 970.0], [1071.0, 970.0, 1071.3515625, 970.484619140625, 1071.208984375, 974.2881469726562, 1071.0, 974.0], [1071.0, 974.0, 1070.875732421875, 973.8286743164062, 1069.8023681640625, 974.79052734375, 1070.0, 975.0], [1070.0, 975.0, 1070.287841796875, 975.3050537109375, 1070.1976318359375, 978.20947265625, 1070.0, 978.0], [1070.0, 978.0, 1069.8642578125, 977.856201171875, 1068.8477783203125, 978.97119140625, 1069.0, 979.0], [1069.0, 979.0, 1069.1280517578125, 979.0242309570312, 1069.1522216796875, 980.02880859375, 1069.0, 980.0], [1069.0, 980.0, 1068.8189697265625, 979.9657592773438, 1067.8189697265625, 980.8765258789062, 1068.0, 981.0], [1068.0, 981.0, 1068.21533203125, 981.1467895507812, 1068.3045654296875, 983.0576171875, 1068.0, 983.0], [1068.0, 983.0, 1067.6378173828125, 