{"version": 15, "source_image": "Luculine.otf", "width": 2048, "height": 2048, "vector_format": "bezier_cubic", "strokes": [{"segments": [[963.0, 579.0, 963.0, 579.0, 962.7027587890625, 678.1663208007812, 963.0, 675.0], [963.0, 675.0, 963.0360717773438, 674.61572265625, 964.2982177734375, 672.7164916992188, 964.0, 676.0], [964.0, 676.0, 961.4673461914062, 703.8856201171875, 963.7017822265625, 781.2835083007812, 964.0, 778.0], [964.0, 778.0, 964.0350952148438, 777.6133422851562, 965.2175903320312, 778.6389770507812, 965.0, 779.0], [965.0, 779.0, 964.5908203125, 779.6788330078125, 964.7824096679688, 784.3610229492188, 965.0, 784.0], [965.0, 784.0, 965.11572265625, 783.8079833984375, 966.2090454101562, 784.7118530273438, 966.0, 785.0], [966.0, 785.0, 965.6484375, 785.484619140625, 965.7909545898438, 789.2881469726562, 966.0, 789.0], [966.0, 789.0, 966.124267578125, 788.8286743164062, 967.1976318359375, 789.79052734375, 967.0, 790.0], [967.0, 790.0, 966.712158203125, 790.3050537109375, 966.8023681640625, 793.20947265625, 967.0, 793.0], [967.0, 793.0, 967.1356811523438, 792.856201171875, 968.1810913085938, 793.8765258789062, 968.0, 794.0], [968.0, 794.0, 967.78466796875, 794.1467895507812, 967.8189086914062, 796.1234741210938, 968.0, 796.0], [968.0, 796.0, 968.1522827148438, 795.8961791992188, 968.8765258789062, 797.1810913085938, 969.0, 797.0], [969.0, 797.0, 969.1467895507812, 796.78466796875, 971.1234741210938, 796.8189086914062, 971.0, 797.0], [971.0, 797.0, 970.8961791992188, 797.1522827148438, 971.79052734375, 798.1976318359375, 972.0, 798.0], [972.0, 798.0, 972.3050537109375, 797.712158203125, 975.20947265625, 797.8023681640625, 975.0, 798.0], [975.0, 798.0, 974.856201171875, 798.1356811523438, 975.7118530273438, 799.2090454101562, 976.0, 799.0], [976.0, 799.0, 976.484619140625, 798.6484375, 980.2881469726562, 798.7909545898438, 980.0, 799.0], [980.0, 799.0, 979.8286743164062, 799.124267578125, 980.6389770507812, 800.2175903320312, 981.0, 800.0], [981.0, 800.0, 981.6788330078125, 799.5908203125, 986.3610229492188, 799.7824096679688, 986.0, 800.0], [986.0, 800.0, 985.8079833984375, 800.11572265625, 986.331298828125, 801.2422485351562, 987.0, 801.0], [987.0, 801.0, 988.7782592773438, 800.3558349609375, 997.668701171875, 801.2422485351562, 997.0, 801.0], [997.0, 801.0, 996.74853515625, 800.9088745117188, 996.7826538085938, 799.7340698242188, 998.0, 800.0], [998.0, 800.0, 1002.80126953125, 801.048828125, 1021.2173461914062, 800.2659301757812, 1020.0, 800.0], [1020.0, 800.0, 1019.6913452148438, 799.9325561523438, 1019.7826538085938, 798.7340698242188, 1021.0, 799.0], [1021.0, 799.0, 1025.80126953125, 800.048828125, 1044.21728515625, 799.2659301757812, 1043.0, 799.0], [1043.0, 799.0, 1042.69140625, 798.9325561523438, 1042.9044189453125, 797.7380981445312, 1044.0, 798.0], [1044.0, 798.0, 1048.015869140625, 798.9598999023438, 1063.0, 798.0, 1063.0, 798.0]], "color_group_id": 0}, {"segments": [[1061.0, 560.0, 1061.0, 560.0, 1060.76123046875, 569.6129150390625, 1061.0, 569.0], [1061.0, 569.0, 1061.0946044921875, 568.7570190429688, 1062.265869140625, 568.7826538085938, 1062.0, 570.0], [1062.0, 570.0, 1060.951171875, 574.80126953125, 1061.734130859375, 593.2173461914062, 1062.0, 592.0], [1062.0, 592.0, 1062.0673828125, 591.6913452148438, 1063.270263671875, 591.6312866210938, 1063.0, 593.0], [1063.0, 593.0, 1061.841064453125, 598.8687133789062, 1062.729736328125, 620.3687133789062, 1063.0, 619.0], [1063.0, 619.0, 1063.06298828125, 618.6807861328125, 1064.277587890625, 618.3248901367188, 1064.0, 620.0], [1064.0, 620.0, 1062.6192626953125, 628.3333129882812, 1063.722412109375, 656.6751098632812, 1064.0, 655.0], [1064.0, 655.0, 1064.0557861328125, 654.6632690429688, 1065.2864990234375, 653.805908203125, 1065.0, 656.0], [1065.0, 656.0, 1063.2459716796875, 669.4319458007812, 1065.2864990234375, 711.194091796875, 1065.0, 709.0], [1065.0, 709.0, 1064.9532470703125, 708.6416015625, 1063.714599609375, 707.8858642578125, 1064.0, 710.0], [1064.0, 710.0, 1065.6966552734375, 722.570556640625, 1064.285400390625, 762.1141357421875, 1064.0, 760.0], [1064.0, 760.0, 1063.9520263671875, 759.6444702148438, 1062.7049560546875, 758.0792236328125, 1063.0, 761.0], [1063.0, 761.0, 1065.27392578125, 783.51025390625, 1063.2950439453125, 847.9207763671875, 1063.0, 845.0], [1063.0, 845.0, 1062.961669921875, 844.6210327148438, 1061.711669921875, 843.6771240234375, 1062.0, 846.0], [1062.0, 846.0, 1063.846435546875, 860.8757934570312, 1062.288330078125, 906.3228759765625, 1062.0, 904.0], [1062.0, 904.0, 1061.9549560546875, 903.6372680664062, 1060.711669921875, 902.6771240234375, 1061.0, 905.0], [1061.0, 905.0, 1062.846435546875, 919.8757934570312, 1061.288330078125, 965.3228759765625, 1061.0, 963.0], [1061.0, 963.0, 1060.9549560546875, 962.6372680664062, 1059.72607421875, 962.489990234375, 1060.0, 964.0], [1060.0, 964.0, 1061.2613525390625, 970.9547119140625, 1060.0, 994.0, 1060.0, 994.0]], "color_group_id": 0}, {"segments": [[1063.0, 797.0, 1063.0, 797.0, 1061.6666259765625, 798.0, 1062.0, 798.0], [1062.0, 798.0, 1062.3333740234375, 798.0, 1063.0, 799.0, 1063.0, 799.0]], "color_group_id": 0}], "stats": {"curves": 3, "segments": 48, "char": "4", "converter": "pillow_fill_skimage_skeleton_imagevectorizer"}}