{"version": 15, "source_image": "Luculine.otf", "width": 2048, "height": 2048, "vector_format": "bezier_cubic", "strokes": [{"segments": [[1060.0, 575.0, 1060.0, 575.0, 1058.97119140625, 575.1522827148438, 1059.0, 575.0], [1059.0, 575.0, 1059.0343017578125, 574.8189086914062, 1058.6129150390625, 573.7612915039062, 1058.0, 574.0], [1058.0, 574.0, 1056.453857421875, 574.6021728515625, 1048.3870849609375, 574.2387084960938, 1049.0, 574.0], [1049.0, 574.0, 1049.242919921875, 573.9053955078125, 1048.5546875, 572.7653198242188, 1048.0, 573.0], [1048.0, 573.0, 1046.6807861328125, 573.5581665039062, 1039.4453125, 573.2346801757812, 1040.0, 573.0], [1040.0, 573.0, 1040.233154296875, 572.9013061523438, 1039.4935302734375, 571.77001953125, 1039.0, 572.0], [1039.0, 572.0, 1037.90185546875, 572.5116577148438, 1031.5064697265625, 572.22998046875, 1032.0, 572.0], [1032.0, 572.0, 1032.2218017578125, 571.8966064453125, 1031.722412109375, 570.754638671875, 1031.0, 571.0], [1031.0, 571.0, 1028.9853515625, 571.6842651367188, 1019.2776489257812, 571.245361328125, 1020.0, 571.0], [1020.0, 571.0, 1020.259033203125, 570.9120483398438, 1019.4292602539062, 569.775634765625, 1019.0, 570.0], [1019.0, 570.0, 1018.1158447265625, 570.4622192382812, 1012.5707397460938, 570.224365234375, 1013.0, 570.0], [1013.0, 570.0, 1013.2083740234375, 569.8910522460938, 1012.3610229492188, 568.7824096679688, 1012.0, 569.0], [1012.0, 569.0, 1011.3211669921875, 569.4091796875, 1006.6389770507812, 569.2175903320312, 1007.0, 569.0], [1007.0, 569.0, 1007.1920166015625, 568.88427734375, 1006.2881469726562, 567.7909545898438, 1006.0, 568.0], [1006.0, 568.0, 1005.515380859375, 568.3515625, 1001.7118530273438, 568.2090454101562, 1002.0, 568.0], [1002.0, 568.0, 1002.1713256835938, 567.875732421875, 1001.7741088867188, 566.7518310546875, 1001.0, 567.0], [1001.0, 567.0, 998.7450561523438, 567.7228393554688, 988.2258911132812, 567.2481689453125, 989.0, 567.0], [989.0, 567.0, 989.2657470703125, 566.914794921875, 989.0098266601562, 565.7412719726562, 988.0, 566.0], [988.0, 566.0, 984.4988403320312, 566.89697265625, 969.9901733398438, 565.7412719726562, 971.0, 566.0], [971.0, 566.0, 971.291259765625, 566.0746459960938, 970.20947265625, 567.1976318359375, 970.0, 567.0], [970.0, 567.0, 969.6949462890625, 566.712158203125, 966.79052734375, 566.8023681640625, 967.0, 567.0], [967.0, 567.0, 967.143798828125, 567.1356811523438, 966.02880859375, 568.1522827148438, 966.0, 568.0], [966.0, 568.0, 965.9757690429688, 567.8719482421875, 965.03955078125, 567.7514038085938, 965.0, 568.0], [965.0, 568.0, 964.9334716796875, 568.4180908203125, 962.6617431640625, 569.8455810546875, 963.0, 570.0], [963.0, 570.0, 963.3483276367188, 570.1589965820312, 963.1976318359375, 573.20947265625, 963.0, 573.0], [963.0, 573.0, 962.8643188476562, 572.856201171875, 961.8023681640625, 573.79052734375, 962.0, 574.0], [962.0, 574.0, 962.287841796875, 574.3050537109375, 962.1976318359375, 577.20947265625, 962.0, 577.0], [962.0, 577.0, 961.8643188476562, 576.856201171875, 960.7470703125, 577.12744140625, 961.0, 578.0], [961.0, 578.0, 961.7958374023438, 580.745361328125, 961.2529296875, 592.87255859375, 961.0, 592.0], [961.0, 592.0, 960.9196166992188, 591.72265625, 959.715087890625, 590.9130859375, 960.0, 593.0], [960.0, 593.0, 961.6771850585938, 605.2843017578125, 960.284912109375, 644.0869140625, 960.0, 642.0], [960.0, 642.0, 959.9515991210938, 641.6454467773438, 958.7146606445312, 640.8858642578125, 959.0, 643.0], [959.0, 643.0, 960.6966552734375, 655.570556640625, 959.2853393554688, 695.1141357421875, 959.0, 693.0], [959.0, 693.0, 958.9520263671875, 692.6444702148438, 957.7081298828125, 691.3880615234375, 958.0, 694.0], [958.0, 694.0, 960.0532836914062, 712.376220703125, 957.7081298828125, 766.6119384765625, 958.0, 764.0], [958.0, 764.0, 958.04150390625, 763.6287231445312, 959.2175903320312, 764.6389770507812, 959.0, 765.0], [959.0, 765.0, 958.5908203125, 765.6788330078125, 958.7824096679688, 770.3610229492188, 959.0, 770.0], [959.0, 770.0, 959.11572265625, 769.8079833984375, 960.2090454101562, 770.7118530273438, 960.0, 771.0], [960.0, 771.0, 959.6484375, 771.484619140625, 959.7909545898438, 775.2881469726562, 960.0, 775.0], [960.0, 775.0, 960.124267578125, 774.8286743164062, 961.1810913085938, 775.8765258789062, 961.0, 776.0], [961.0, 776.0, 960.78466796875, 776.1467895507812, 960.8189086914062, 778.1234741210938, 961.0, 778.0], [961.0, 778.0, 961.1522827148438, 777.8961791992188, 962.1810913085938, 778.8765258789062, 962.0, 779.0], [962.0, 779.0, 961.78466796875, 779.1467895507812, 961.6954956054688, 781.0576171875, 962.0, 781.0], [962.0, 781.0, 962.3621215820312, 780.9314575195312, 963.8455810546875, 783.3382568359375, 964.0, 783.0], [964.0, 783.0, 964.1589965820312, 782.6516723632812, 967.20947265625, 782.8023681640625, 967.0, 783.0], [967.0, 783.0, 966.856201171875, 783.1356811523438, 967.79052734375, 784.1976318359375, 968.0, 784.0], [968.0, 784.0, 968.3050537109375, 783.712158203125, 971.20947265625, 783.8023681640625, 971.0, 784.0], [971.0, 784.0, 970.856201171875, 784.1356811523438, 971.6389770507812, 785.2175903320312, 972.0, 785.0], [972.0, 785.0, 972.6788330078125, 784.5908203125, 977.3610229492188, 784.7824096679688, 977.0, 785.0], [977.0, 785.0, 976.8079833984375, 785.11572265625, 977.4453125, 786.2346801757812, 978.0, 786.0], [978.0, 786.0, 979.3192138671875, 785.4418334960938, 986.5546875, 785.7653198242188, 986.0, 786.0], [986.0, 786.0, 985.7667846679688, 786.0986938476562, 985.081787109375, 787.2821655273438, 987.0, 787.0], [987.0, 787.0, 997.5770874023438, 785.444091796875, 1031.918212890625, 787.2821655273438, 1030.0, 787.0], [1030.0, 787.0, 1029.652099609375, 786.9488525390625, 1030.5064697265625, 785.77001953125, 1031.0, 786.0], [1031.0, 786.0, 1032.09814453125, 786.5116577148438, 1038.4935302734375, 785.77001953125, 1038.0, 786.0], [1038.0, 786.0, 1037.7781982421875, 786.1033935546875, 1038.4453125, 787.2346801757812, 1039.0, 787.0], [1039.0, 787.0, 1040.3192138671875, 786.4418334960938, 1047.5546875, 786.7653198242188, 1047.0, 787.0], [1047.0, 787.0, 1046.766845703125, 787.0986938476562, 1047.7119140625, 788.2090454101562, 1048.0, 788.0], [1048.0, 788.0, 1048.484619140625, 787.6484375, 1052.2880859375, 787.7909545898438, 1052.0, 788.0], [1052.0, 788.0, 1051.82861328125, 788.124267578125, 1052.79052734375, 789.1976318359375, 1053.0, 789.0], [1053.0, 789.0, 1053.3050537109375, 788.712158203125, 1056.20947265625, 788.8023681640625, 1056.0, 789.0], [1056.0, 789.0, 1055.856201171875, 789.1356811523438, 1056.8765869140625, 790.1810913085938, 1057.0, 790.0], [1057.0, 790.0, 1057.1468505859375, 789.78466796875, 1059.1234130859375, 789.8189086914062, 1059.0, 790.0], [1059.0, 790.0, 1058.896240234375, 790.1522827148438, 1059.97119140625, 791.1522827148438, 1060.0, 791.0], [1060.0, 791.0, 1060.024169921875, 790.8719482421875, 1061.02880859375, 790.8477172851562, 1061.0, 791.0], [1061.0, 791.0, 1060.9656982421875, 791.1810913085938, 1062.1810302734375, 791.8765258789062, 1062.0, 792.0], [1062.0, 792.0, 1061.78466796875, 792.1467895507812, 1061.8189697265625, 794.1234741210938, 1062.0, 794.0], [1062.0, 794.0, 1062.1522216796875, 793.8961791992188, 1063.1976318359375, 794.79052734375, 1063.0, 795.0], [1063.0, 795.0, 1062.712158203125, 795.3050537109375, 1062.8023681640625, 798.20947265625, 1063.0, 798.0], [1063.0, 798.0, 1063.1357421875, 797.856201171875, 1064.1522216796875, 798.97119140625, 1064.0, 799.0], [1064.0, 799.0, 1063.8719482421875, 799.0242309570312, 1063.8477783203125, 800.02880859375, 1064.0, 800.0], [1064.0, 800.0, 1064.1810302734375, 799.9657592773438, 1065.2176513671875, 800.6389770507812, 1065.0, 801.0], [1065.0, 801.0, 1064.5908203125, 801.6788330078125, 1064.7823486328125, 806.3610229492188, 1065.0, 806.0], [1065.0, 806.0, 1065.11572265625, 805.8079833984375, 1066.2481689453125, 806.2258911132812, 1066.0, 807.0], [1066.0, 807.0, 1065.2772216796875, 809.2549438476562, 1065.7518310546875, 819.7741088867188, 1066.0, 