{"version": 15, "source_image": "Luculine.otf", "width": 2048, "height": 2048, "vector_format": "bezier_cubic", "strokes": [{"segments": [[1067.0, 687.0, 1067.0, 687.0, 1067.2421875, 676.331298828125, 1067.0, 677.0], [1067.0, 677.0, 1066.908935546875, 677.25146484375, 1065.7493896484375, 676.8240966796875, 1066.0, 676.0], [1066.0, 676.0, 1066.760009765625, 673.5014038085938, 1066.2506103515625, 662.1759033203125, 1066.0, 663.0], [1066.0, 663.0, 1065.9173583984375, 663.2717895507812, 1064.7449951171875, 662.9195556640625, 1065.0, 662.0], [1065.0, 662.0, 1065.83056640625, 659.0051879882812, 1065.2550048828125, 646.0804443359375, 1065.0, 647.0], [1065.0, 647.0, 1064.9217529296875, 647.2823486328125, 1063.7449951171875, 646.9195556640625, 1064.0, 646.0], [1064.0, 646.0, 1064.83056640625, 643.0051879882812, 1064.2550048828125, 630.0804443359375, 1064.0, 631.0], [1064.0, 631.0, 1063.9217529296875, 631.2823486328125, 1062.7449951171875, 630.9195556640625, 1063.0, 630.0], [1063.0, 630.0, 1063.83056640625, 627.0051879882812, 1063.2550048828125, 614.0804443359375, 1063.0, 615.0], [1063.0, 615.0, 1062.9217529296875, 615.2823486328125, 1061.7470703125, 614.87255859375, 1062.0, 614.0], [1062.0, 614.0, 1062.7958984375, 611.254638671875, 1062.2529296875, 599.12744140625, 1062.0, 600.0], [1062.0, 600.0, 1061.9195556640625, 600.27734375, 1060.7578125, 599.668701171875, 1061.0, 599.0], [1061.0, 599.0, 1061.6441650390625, 597.2217407226562, 1061.2421875, 588.331298828125, 1061.0, 589.0], [1061.0, 589.0, 1060.908935546875, 589.25146484375, 1059.791015625, 588.2881469726562, 1060.0, 588.0], [1060.0, 588.0, 1060.3515625, 587.515380859375, 1060.208984375, 583.7118530273438, 1060.0, 584.0], [1060.0, 584.0, 1059.875732421875, 584.1713256835938, 1058.791015625, 583.2881469726562, 1059.0, 583.0], [1059.0, 583.0, 1059.3515625, 582.515380859375, 1059.208984375, 578.7118530273438, 1059.0, 579.0], [1059.0, 579.0, 1058.875732421875, 579.1713256835938, 1057.791015625, 578.2881469726562, 1058.0, 578.0], [1058.0, 578.0, 1058.3515625, 577.515380859375, 1058.208984375, 573.7118530273438, 1058.0, 574.0], [1058.0, 574.0, 1057.875732421875, 574.1713256835938, 1056.8189697265625, 573.1234741210938, 1057.0, 573.0], [1057.0, 573.0, 1057.21533203125, 572.8532104492188, 1057.1810302734375, 570.8765258789062, 1057.0, 571.0], [1057.0, 571.0, 1056.8477783203125, 571.1038208007812, 1055.8477783203125, 570.02880859375, 1056.0, 570.0], [1056.0, 570.0, 1056.1280517578125, 569.9757690429688, 1056.24853515625, 569.03955078125, 1056.0, 569.0], [1056.0, 569.0, 1055.5819091796875, 568.9334716796875, 1054.0576171875, 566.6954956054688, 1054.0, 567.0], [1054.0, 567.0, 1053.9515380859375, 567.256103515625, 1051.8765869140625, 567.1810913085938, 1052.0, 567.0], [1052.0, 567.0, 1052.103759765625, 566.8477172851562, 1051.20947265625, 565.8023681640625, 1051.0, 566.0], [1051.0, 566.0, 1050.6949462890625, 566.287841796875, 1047.79052734375, 566.1976318359375, 1048.0, 566.0], [1048.0, 566.0, 1048.143798828125, 565.8643188476562, 1047.2880859375, 564.7909545898438, 1047.0, 565.0], [1047.0, 565.0, 1046.515380859375, 565.3515625, 1042.7119140625, 565.2090454101562, 1043.0, 565.0], [1043.0, 565.0, 1043.17138671875, 564.875732421875, 1042.42919921875, 563.775634765625, 1042.0, 564.0], [1042.0, 564.0, 1041.1158447265625, 564.4622192382812, 1035.57080078125, 564.224365234375, 1036.0, 564.0], [1036.0, 564.0, 1036.2083740234375, 563.8910522460938, 1035.2880859375, 562.7909545898438, 1035.0, 563.0], [1035.0, 563.0, 1034.515380859375, 563.3515625, 1030.7119140625, 563.2090454101562, 1031.0, 563.0], [1031.0, 563.0, 1031.17138671875, 562.875732421875, 1031.1370849609375, 561.7366943359375, 1030.0, 562.0], [1030.0, 562.0, 1025.723876953125, 562.990234375, 1008.8629150390625, 562.2633056640625, 1010.0, 562.0], [1010.0, 562.0, 1010.3023681640625, 561.9299926757812, 1010.6430053710938, 560.72314453125, 1009.0, 561.0], [1009.0, 561.0, 1000.944091796875, 562.3575439453125, 973.3569946289062, 560.72314453125, 975.0, 561.0], [975.0, 561.0, 975.3350830078125, 561.0564575195312, 974.3610229492188, 562.2175903320312, 974.0, 562.0], [974.0, 562.0, 973.3211669921875, 561.5908203125, 968.6389770507812, 561.7824096679688, 969.0, 562.0], [969.0, 562.0, 969.1920166015625, 562.11572265625, 968.20947265625, 563.1976318359375, 968.0, 563.0], [968.0, 563.0, 967.6949462890625, 562.712158203125, 964.79052734375, 562.8023681640625, 965.0, 563.0], [965.0, 563.0, 965.143798828125, 563.1356811523438, 964.20947265625, 564.1976318359375, 964.0, 564.0], [964.0, 564.0, 963.6949462890625, 563.712158203125, 960.79052734375, 563.8023681640625, 961.0, 564.0], [961.0, 564.0, 961.143798828125, 564.1356811523438, 960.1234741210938, 565.1810913085938, 960.0, 565.0], [960.0, 565.0, 959.8532104492188, 564.78466796875, 957.8765258789062, 564.8189086914062, 958.0, 565.0], [958.0, 565.0, 958.1038208007812, 565.1522827148438, 957.02880859375, 566.1522827148438, 957.0, 566.0], [957.0, 566.0, 956.9757690429688, 565.8719482421875, 955.97119140625, 565.8477172851562, 956.0, 566.0], [956.0, 566.0, 956.0342407226562, 566.1810913085938, 954.8477172851562, 566.97119140625, 955.0, 567.0], [955.0, 567.0, 955.1280517578125, 567.0242309570312, 955.1522827148438, 568.02880859375, 955.0, 568.0], [955.0, 568.0, 954.8189086914062, 567.9657592773438, 953.8477172851562, 568.97119140625, 954.0, 569.0], [954.0, 569.0, 954.1280517578125, 569.0242309570312, 954.1522827148438, 570.02880859375, 954.0, 570.0], [954.0, 570.0, 953.8189086914062, 569.9657592773438, 952.8189086914062, 570.8765258789062, 953.0, 571.0], [953.0, 571.0, 953.21533203125, 571.1467895507812, 953.1810913085938, 573.1234741210938, 953.0, 573.0], [953.0, 573.0, 952.8477172851562, 572.8961791992188, 951.7909545898438, 573.7118530273438, 952.0, 574.0], [952.0, 574.0, 952.3515625, 574.484619140625, 952.2090454101562, 578.2881469726562, 952.0, 578.0], [952.0, 578.0, 951.875732421875, 577.8286743164062, 950.775634765625, 578.5707397460938, 951.0, 579.0], [951.0, 579.0, 951.4622192382812, 579.8841552734375, 951.224365234375, 585.4292602539062, 951.0, 585.0], [951.0, 585.0, 950.8910522460938, 584.7916259765625, 949.7612915039062, 585.3870849609375, 950.0, 586.0], [950.0, 586.0, 950.6021728515625, 587.5462036132812, 950.2387084960938, 595.6129150390625, 950.0, 595.0], [950.0, 595.0, 949.9053955078125, 594.7570190429688, 948.7188720703125, 594.1405029296875, 949.0, 596.0], [949.0, 596.0, 950.513671875, 606.0123291015625, 948.7188720703125, 638.8594970703125, 949.0, 637.0], [949.0, 637.0, 949.0521850585938, 636.6546630859375, 950.2811279296875, 636.1405029296875, 950.0, 638.0], [950.0, 638.0, 948.486328125, 648.0123291015625, 949.7188720703125, 680.8594970703125, 950.0, 679.0], [950.0, 679.0, 950.0521850585938, 678.6546630859375, 951.2886352539062, 677.6520385742188, 951.0, 680.0], [951.0, 680.0, 949.1356201171875, 695.1656494140625, 950.7113647460938, 741.3479614257812, 951.0, 739.0], [951.0, 739.0, 951.044677734375, 738.636474609375, 952.288330078125, 737.6771240234375, 952.0, 740.0], [952.0, 740.0, 950.1536254882812, 754.8757934570312, 951.4539184570312, 800.9510498046875, 952.0, 798.0], [952.0, 798.0, 952.12060546875, 797.3483276367188, 952.7177734375, 800.4810791015625, 954.0, 800.0], [954.0, 800.0, 957.3232421875, 798.753173828125, 974.0956420898438, 799.7380981445312, 973.0, 800.0], [973.0, 800.0, 972.7011108398438, 800.0714721679688, 972.8629150390625, 801.2633056640625, 974.0, 801.0], [974.0, 801.0, 978.2760620117188, 800.009765625, 995.1370849609375, 800.7366943359375, 994.0, 801.0], [994.0, 801.0, 993.6976318359375, 801.0700073242188, 994.3870849609375, 802.2387084960938, 995.0, 802.0], [995.0, 802.0, 996.5462036132812, 801.3978271484375, 1004.6129150390625, 801.7612915039062, 1004.0, 802.0], [1004.0, 802.0, 1003.7570190429688, 802.0946044921875, 1004.3870849609375, 803.2387084960938, 1005.0, 803.0], [1005.0, 803.0, 1006.5462036132812, 802.3978271484375, 1014.6129150390625, 802.7612915039062, 1014.0, 803.0], [1014.0, 803.0,