{"version": 15, "source_image": "Luculine.otf", "width": 2048, "height": 2048, "vector_format": "bezier_cubic", "strokes": [{"segments": [[943.0, 573.0, 943.0, 573.0, 955.7741088867188, 573.2481689453125, 955.0, 573.0], [955.0, 573.0, 954.7342529296875, 572.914794921875, 955.0804443359375, 571.7449951171875, 956.0, 572.0], [956.0, 572.0, 958.9948120117188, 572.83056640625, 971.9195556640625, 572.2550048828125, 971.0, 572.0], [971.0, 572.0, 970.7176513671875, 571.9216918945312, 969.2969970703125, 570.7071533203125, 972.0, 571.0], [972.0, 571.0, 991.552490234375, 573.1183471679688, 1048.7030029296875, 571.2928466796875, 1046.0, 571.0], [1046.0, 571.0, 1045.6263427734375, 570.9595336914062, 1046.57080078125, 569.775634765625, 1047.0, 570.0], [1047.0, 570.0, 1047.8841552734375, 570.4622192382812, 1053.42919921875, 569.775634765625, 1053.0, 570.0], [1053.0, 570.0, 1052.7916259765625, 570.1089477539062, 1053.3870849609375, 571.2387084960938, 1054.0, 571.0], [1054.0, 571.0, 1055.546142578125, 570.3978271484375, 1063.6129150390625, 570.7612915039062, 1063.0, 571.0], [1063.0, 571.0, 1062.757080078125, 571.0946044921875, 1063.638916015625, 572.2175903320312, 1064.0, 572.0], [1064.0, 572.0, 1064.6788330078125, 571.5908203125, 1069.361083984375, 571.7824096679688, 1069.0, 572.0], [1069.0, 572.0, 1068.8079833984375, 572.11572265625, 1069.7119140625, 573.2090454101562, 1070.0, 573.0], [1070.0, 573.0, 1070.484619140625, 572.6484375, 1074.2880859375, 572.7909545898438, 1074.0, 573.0], [1074.0, 573.0, 1073.82861328125, 573.124267578125, 1074.8765869140625, 574.1810913085938, 1075.0, 574.0], [1075.0, 574.0, 1075.1468505859375, 573.78466796875, 1077.1234130859375, 573.8189086914062, 1077.0, 574.0], [1077.0, 574.0, 1076.896240234375, 574.1522827148438, 1077.8765869140625, 575.1810913085938, 1078.0, 575.0], [1078.0, 575.0, 1078.1468505859375, 574.78466796875, 1080.0576171875, 574.6954956054688, 1080.0, 575.0], [1080.0, 575.0, 1079.9315185546875, 575.3621215820312, 1082.24853515625, 577.03955078125, 1082.0, 577.0], [1082.0, 577.0, 1081.8521728515625, 576.9765014648438, 1081.8477783203125, 578.02880859375, 1082.0, 578.0], [1082.0, 578.0, 1082.1810302734375, 577.9657592773438, 1083.1976318359375, 578.79052734375, 1083.0, 579.0], [1083.0, 579.0, 1082.712158203125, 579.3050537109375, 1082.8023681640625, 582.20947265625, 1083.0, 582.0], [1083.0, 582.0, 1083.1357421875, 581.856201171875, 1084.1976318359375, 582.79052734375, 1084.0, 583.0], [1084.0, 583.0, 1083.712158203125, 583.3050537109375, 1083.8023681640625, 586.20947265625, 1084.0, 586.0], [1084.0, 586.0, 1084.1357421875, 585.856201171875, 1085.2176513671875, 586.6389770507812, 1085.0, 587.0], [1085.0, 587.0, 1084.5908203125, 587.6788330078125, 1084.7823486328125, 592.3610229492188, 1085.0, 592.0], [1085.0, 592.0, 1085.11572265625, 591.8079833984375, 1086.27880859375, 591.2619018554688, 1086.0, 593.0], [1086.0, 593.0, 1084.5738525390625, 601.8902587890625, 1086.27880859375, 631.7380981445312, 1086.0, 630.0], [1086.0, 630.0, 1085.9454345703125, 629.6602172851562, 1084.728759765625, 629.5950927734375, 1085.0, 631.0], [1085.0, 631.0, 1086.1851806640625, 637.1386108398438, 1085.271240234375, 659.4049072265625, 1085.0, 658.0], [1085.0, 658.0, 1084.9378662109375, 657.678466796875, 1083.730712890625, 657.6680908203125, 1084.0, 659.0], [1084.0, 659.0, 1085.1322021484375, 664.5999145507812, 1084.269287109375, 685.3319091796875, 1084.0, 684.0], [1084.0, 684.0, 1083.9359130859375, 683.6832275390625, 1082.734130859375, 683.7826538085938, 1083.0, 685.0], [1083.0, 685.0, 1084.048828125, 689.80126953125, 1083.265869140625, 708.2173461914062, 1083.0, 707.0], [1083.0, 707.0, 1082.9326171875, 706.6913452148438, 1081.7470703125, 707.12744140625, 1082.0, 708.0], [1082.0, 708.0, 1082.7958984375, 710.745361328125, 1082.2529296875, 722.87255859375, 1082.0, 722.0], [1082.0, 722.0, 1081.9195556640625, 721.72265625, 1080.775634765625, 722.5707397460938, 1081.0, 723.0], [1081.0, 723.0, 1081.462158203125, 723.8841552734375, 1081.224365234375, 729.4292602539062, 1081.0, 729.0], [1081.0, 729.0, 1080.89111328125, 728.7916259765625, 1079.8189697265625, 729.8765258789062, 1080.0, 730.0], [1080.0, 730.0, 1080.21533203125, 730.1467895507812, 1080.1810302734375, 732.1234741210938, 1080.0, 732.0], [1080.0, 732.0, 1079.8477783203125, 731.8961791992188, 1078.791015625, 732.7118530273438, 1079.0, 733.0], [1079.0, 733.0, 1079.3515625, 733.484619140625, 1079.208984375, 737.2881469726562, 1079.0, 737.0], [1079.0, 737.0, 1078.875732421875, 736.8286743164062, 1077.8477783203125, 737.97119140625, 1078.0, 738.0], [1078.0, 738.0, 1078.1280517578125, 738.0242309570312, 1078.1522216796875, 739.02880859375, 1078.0, 739.0], [1078.0, 739.0, 1077.8189697265625, 738.9657592773438, 1076.8189697265625, 739.8765258789062, 1077.0, 740.0], [1077.0, 740.0, 1077.21533203125, 740.1467895507812, 1077.4071044921875, 741.9881591796875, 1077.0, 742.0], [1077.0, 742.0, 1076.4071044921875, 742.0172119140625, 1073.9881591796875, 745.4071044921875, 1074.0, 745.0], [1074.0, 745.0, 1074.008056640625, 744.7205200195312, 1071.8765869140625, 744.8189086914062, 1072.0, 745.0], [1072.0, 745.0, 1072.103759765625, 745.1522827148438, 1071.20947265625, 746.1976318359375, 1071.0, 746.0], [1071.0, 746.0, 1070.6949462890625, 745.712158203125, 1067.79052734375, 745.8023681640625, 1068.0, 746.0], [1068.0, 746.0, 1068.143798828125, 746.1356811523438, 1068.3319091796875, 747.269287109375, 1067.0, 747.0], [1067.0, 747.0, 1061.4000244140625, 745.8677978515625, 1040.6680908203125, 747.269287109375, 1042.0, 747.0], [1042.0, 747.0, 1042.3167724609375, 746.9359741210938, 1041.42919921875, 745.775634765625, 1041.0, 746.0], [1041.0, 746.0, 1040.1158447265625, 746.4622192382812, 1034.57080078125, 746.224365234375, 1035.0, 746.0], [1035.0, 746.0, 1035.2083740234375, 745.8910522460938, 1034.668701171875, 744.7577514648438, 1034.0, 745.0], [1034.0, 745.0, 1032.2218017578125, 745.6441650390625, 1023.331298828125, 744.7577514648438, 1024.0, 745.0], [1024.0, 745.0, 1024.25146484375, 745.0911254882812, 1023.2881469726562, 746.2090454101562, 1023.0, 746.0], [1023.0, 746.0, 1022.515380859375, 745.6484375, 1018.7118530273438, 745.7909545898438, 1019.0, 746.0], [1019.0, 746.0, 1019.1713256835938, 746.124267578125, 1018.1234741210938, 747.1810913085938, 1018.0, 747.0], [1018.0, 747.0, 1017.8532104492188, 746.78466796875, 1015.8765258789062, 746.8189086914062, 1016.0, 747.0], [1016.0, 747.0, 1016.1038208007812, 747.1522827148438, 1014.8477172851562, 747.97119140625, 1015.0, 748.0], [1015.0, 748.0, 1015.1280517578125, 748.0242309570312, 1015.1522827148438, 749.02880859375, 1015.0, 749.0], [1015.0, 749.0, 1014.8189086914062, 748.9657592773438, 1013.8189086914062, 749.8765258789062, 1014.0, 750.0], [1014.0, 750.0, 1014.21533203125, 750.1467895507812, 1014.1810913085938, 752.1234741210938, 1014.0, 752.0], [1014.0, 752.0, 1013.8477172851562, 751.8961791992188, 1012.7612915039062, 752.3870849609375, 1013.0, 753.0], [1013.0, 753.0, 1013.6021728515625, 754.5462036132812, 1012.7612915039062, 762.6129150390625, 1013.0, 762.0], [1013.0, 762.0, 1013.0946044921875, 761.7570190429688, 1014.2646484375, 761.8223876953125, 1014.0, 763.0], [1014.0, 763.0, 1012.9801635742188, 767.5379028320312, 1013.7353515625, 785.1776123046875, 1014.0, 784.0], [1014.0, 784.0, 1014.0686645507812, 783.6943969726562, 1015.2387084960938, 784.3870849609375, 1015.0, 785.0], [1015.0, 785.0, 1014.3978271484375, 786.5462036132812, 1014.7612915039062, 794.6129150390625, 1015.0, 794.0], [1015.0, 794.0, 1015.0946044921875, 793.7570190429688, 1016.2387084960938, 794.3870849609375, 1016.0, 795.0], [1016.0, 795.0, 1015.3978271484375, 796.5462036132812, 1015.7612915039062, 804.6129150390625, 1016.0, 804.0], [1016.0, 804.0, 1016.0946044921875, 803.7570190429688, 1017.2422485351562, 804.331298828125, 1017.0, 805.0], [1017.0, 805.0, 1016.3558349609375, 806.7782592773438, 1016.7577514648438, 815.668701171875, 1017.0, 815.0], [1017.0, 815.0, 1017.0911254882812, 814.74853515625, 