{"version": 15, "source_image": "Luculine.otf", "width": 2048, "height": 2048, "vector_format": "bezier_cubic", "strokes": [{"segments": [[1069.0, 773.0, 1069.0, 773.0, 1069.71533203125, 772.2847290039062, 1070.0, 772.0], [1070.0, 772.0, 1070.6365966796875, 771.3634033203125, 1075.7613525390625, 767.14404296875, 1075.0, 767.0], [1075.0, 767.0, 1074.35986328125, 766.8788452148438, 1074.7823486328125, 761.6389770507812, 1075.0, 762.0], [1075.0, 762.0, 1075.11572265625, 762.1920166015625, 1076.1522216796875, 761.02880859375, 1076.0, 761.0], [1076.0, 761.0, 1075.8719482421875, 760.9757690429688, 1075.8477783203125, 759.97119140625, 1076.0, 760.0], [1076.0, 760.0, 1076.1810302734375, 760.0342407226562, 1077.2176513671875, 759.3610229492188, 1077.0, 759.0], [1077.0, 759.0, 1076.5908203125, 758.3211669921875, 1076.7823486328125, 753.6389770507812, 1077.0, 754.0], [1077.0, 754.0, 1077.11572265625, 754.1920166015625, 1078.22998046875, 753.4935913085938, 1078.0, 753.0], [1078.0, 753.0, 1077.4884033203125, 751.90185546875, 1077.77001953125, 745.5064086914062, 1078.0, 746.0], [1078.0, 746.0, 1078.1033935546875, 746.2218627929688, 1079.297607421875, 748.2057495117188, 1079.0, 745.0], [1079.0, 745.0, 1076.5228271484375, 718.3139038085938, 1079.297607421875, 643.7942504882812, 1079.0, 647.0], [1079.0, 647.0, 1078.9642333984375, 647.3850708007812, 1077.729736328125, 647.3687133789062, 1078.0, 646.0], [1078.0, 646.0, 1079.158935546875, 640.1312866210938, 1078.270263671875, 618.6312866210938, 1078.0, 620.0], [1078.0, 620.0, 1077.93701171875, 620.3192138671875, 1076.730712890625, 620.3319091796875, 1077.0, 619.0], [1077.0, 619.0, 1078.1322021484375, 613.4000854492188, 1077.269287109375, 592.6680908203125, 1077.0, 594.0], [1077.0, 594.0, 1076.9359130859375, 594.3167724609375, 1075.775634765625, 593.4292602539062, 1076.0, 593.0], [1076.0, 593.0, 1076.462158203125, 592.1158447265625, 1076.224365234375, 586.5707397460938, 1076.0, 587.0], [1076.0, 587.0, 1075.89111328125, 587.2083740234375, 1074.775634765625, 586.4292602539062, 1075.0, 586.0], [1075.0, 586.0, 1075.462158203125, 585.1158447265625, 1075.224365234375, 579.5707397460938, 1075.0, 580.0], [1075.0, 580.0, 1074.89111328125, 580.2083740234375, 1073.791015625, 579.2881469726562, 1074.0, 579.0], [1074.0, 579.0, 1074.3515625, 578.515380859375, 1074.208984375, 574.7118530273438, 1074.0, 575.0], [1074.0, 575.0, 1073.875732421875, 575.1713256835938, 1072.8477783203125, 574.02880859375, 1073.0, 574.0], [1073.0, 574.0, 1073.1280517578125, 573.9757690429688, 1073.1522216796875, 572.97119140625, 1073.0, 573.0], [1073.0, 573.0, 1072.8189697265625, 573.0342407226562, 1071.8023681640625, 572.20947265625, 1072.0, 572.0], [1072.0, 572.0, 1072.287841796875, 571.6949462890625, 1072.1976318359375, 568.79052734375, 1072.0, 569.0], [1072.0, 569.0, 1071.8642578125, 569.143798828125, 1070.8477783203125, 568.02880859375, 1071.0, 568.0], [1071.0, 568.0, 1071.1280517578125, 567.9757690429688, 1071.24853515625, 567.03955078125, 1071.0, 567.0], [1071.0, 567.0, 1070.5819091796875, 566.9334716796875, 1069.0576171875, 564.6954956054688, 1069.0, 565.0], [1069.0, 565.0, 1068.9515380859375, 565.256103515625, 1066.8765869140625, 565.1810913085938, 1067.0, 565.0], [1067.0, 565.0, 1067.103759765625, 564.8477172851562, 1066.20947265625, 563.8023681640625, 1066.0, 564.0], [1066.0, 564.0, 1065.6949462890625, 564.287841796875, 1062.79052734375, 564.1976318359375, 1063.0, 564.0], [1063.0, 564.0, 1063.143798828125, 563.8643188476562, 1062.20947265625, 562.8023681640625, 1062.0, 563.0], [1062.0, 563.0, 1061.6949462890625, 563.287841796875, 1058.79052734375, 563.1976318359375, 1059.0, 563.0], [1059.0, 563.0, 1059.143798828125, 562.8643188476562, 1058.361083984375, 561.7824096679688, 1058.0, 562.0], [1058.0, 562.0, 1057.3211669921875, 562.4091796875, 1052.638916015625, 562.2175903320312, 1053.0, 562.0], [1053.0, 562.0, 1053.1920166015625, 561.88427734375, 1053.4754638671875, 560.7269897460938, 1052.0, 561.0], [1052.0, 561.0, 1045.318359375, 562.2363891601562, 1021.5244750976562, 560.7269897460938, 1023.0, 561.0], [1023.0, 561.0, 1023.3258666992188, 561.060302734375, 1023.9755859375, 562.2831420898438, 1022.0, 562.0], [1022.0, 562.0, 1010.8558959960938, 560.40283203125, 975.0244140625, 561.7168579101562, 977.0, 562.0], [977.0, 562.0, 977.3502197265625, 562.0501708984375, 976.4935913085938, 563.22998046875, 976.0, 563.0], [976.0, 563.0, 974.90185546875, 562.4883422851562, 968.5064086914062, 562.77001953125, 969.0, 563.0], [969.0, 563.0, 969.2218627929688, 563.1033935546875, 968.02880859375, 564.1522827148438, 968.0, 564.0], [968.0, 564.0, 967.9757690429688, 563.8719482421875, 966.97119140625, 563.8477172851562, 967.0, 564.0], [967.0, 564.0, 967.0342407226562, 564.1810913085938, 966.20947265625, 565.1976318359375, 966.0, 565.0], [966.0, 565.0, 965.6949462890625, 564.712158203125, 962.79052734375, 564.8023681640625, 963.0, 565.0], [963.0, 565.0, 963.143798828125, 565.1356811523438, 962.20947265625, 566.1976318359375, 962.0, 566.0], [962.0, 566.0, 961.6949462890625, 565.712158203125, 958.79052734375, 565.8023681640625, 959.0, 566.0], [959.0, 566.0, 959.143798828125, 566.1356811523438, 958.1234741210938, 567.1810913085938, 958.0, 567.0], [958.0, 567.0, 957.8532104492188, 566.78466796875, 955.9423828125, 566.6954956054688, 956.0, 567.0], [956.0, 567.0, 956.0685424804688, 567.3621215820312, 953.6617431640625, 568.8455810546875, 954.0, 569.0], [954.0, 569.0, 954.3483276367188, 569.1589965820312, 954.1976318359375, 572.20947265625, 954.0, 572.0], [954.0, 572.0, 953.8643188476562, 571.856201171875, 952.8023681640625, 572.79052734375, 953.0, 573.0], [953.0, 573.0, 953.287841796875, 573.3050537109375, 953.1976318359375, 576.20947265625, 953.0, 576.0], [953.0, 576.0, 952.8643188476562, 575.856201171875, 951.7909545898438, 576.7118530273438, 952.0, 577.0], [952.0, 577.0, 952.3515625, 577.484619140625, 952.2090454101562, 581.2881469726562, 952.0, 581.0], [952.0, 581.0, 951.875732421875, 580.8286743164062, 950.77001953125, 581.5064086914062, 951.0, 582.0], [951.0, 582.0, 951.5116577148438, 583.09814453125, 951.22998046875, 589.4935913085938, 951.0, 589.0], [951.0, 589.0, 950.8966064453125, 588.7781372070312, 949.73291015625, 588.7437744140625, 950.0, 590.0], [950.0, 590.0, 951.0771484375, 595.066162109375, 949.73291015625, 614.2562255859375, 950.0, 613.0], [950.0, 613.0, 950.0662231445312, 612.6884765625, 951.2781982421875, 612.293212890625, 951.0, 614.0], [951.0, 614.0, 949.5963745117188, 622.6113891601562, 950.7218017578125, 651.706787109375, 951.0, 650.0], [951.0, 650.0, 951.0551147460938, 649.6616821289062, 952.2587280273438, 649.9901733398438, 952.0, 651.0], [952.0, 651.0, 951.10302734375, 654.5011596679688, 951.7412719726562, 669.0098266601562, 952.0, 668.0], [952.0, 668.0, 952.0746459960938, 667.708740234375, 953.2569580078125, 668.0347290039062, 953.0, 669.0], [953.0, 669.0, 952.1357421875, 672.246826171875, 952.7430419921875, 685.9652709960938, 953.0, 685.0], [953.0, 685.0, 953.076416015625, 684.7130126953125, 954.2506713867188, 685.1759033203125, 954.0, 686.0], [954.0, 686.0, 953.2400512695312, 688.4985961914062, 953.7493286132812, 699.8240966796875, 954.0, 699.0], [954.0, 699.0, 954.0827026367188, 698.7282104492188, 955.2506713867188, 699.1759033203125, 955.0, 700.0], [955.0, 700.0, 954.2400512695312, 702.4985961914062, 954.7493286132812, 713.8240966796875, 955.0, 713.0], [955.0, 713.0, 955.0827026367188, 712.7282104492188, 956.2529296875, 713.12744140625, 956.0, 714.0], [956.0, 714.0, 955.2041625976562, 716.745361328125, 955.7470703125, 728.87255859375, 956.0, 728.0], [956.0, 728.0, 956.0803833007812, 727.72265625, 957.2175903320312, 728.6389770507812, 957.0, 729.0], [957.0, 729.0, 956.5908203125, 729.6788330078125, 956.7824096679688, 734.3610229492188, 957.0, 734.0], [957.0, 734.0, 957.11572265625, 733.8079833984375, 958.2090454101562, 734.7118530273438, 958.0, 735.0], [958.0, 735.0, 957.6484375, 735.484619140625, 957.7909545898438, 739.2881469726562, 958.0, 