{"version": 15, "source_image": "Luculine.otf", "width": 2048, "height": 2048, "vector_format": "bezier_cubic", "strokes": [{"segments": [[1074.0, 756.0, 1074.0, 756.0, 1075.284912109375, 757.0869140625, 1075.0, 755.0], [1075.0, 755.0, 1073.3228759765625, 742.7156982421875, 1075.284912109375, 703.9130859375, 1075.0, 706.0], [1075.0, 706.0, 1074.9515380859375, 706.3545532226562, 1073.7120361328125, 707.2975463867188, 1074.0, 705.0], [1074.0, 705.0, 1075.8282470703125, 690.4137573242188, 1074.2879638671875, 645.7024536132812, 1074.0, 648.0], [1074.0, 648.0, 1073.95458984375, 648.3618774414062, 1072.7142333984375, 649.1409912109375, 1073.0, 647.0], [1073.0, 647.0, 1074.7159423828125, 634.1427612304688, 1073.2857666015625, 593.8590087890625, 1073.0, 596.0], [1073.0, 596.0, 1072.952392578125, 596.3565063476562, 1071.754638671875, 595.7223510742188, 1072.0, 595.0], [1072.0, 595.0, 1072.684326171875, 592.9853515625, 1072.245361328125, 583.2776489257812, 1072.0, 584.0], [1072.0, 584.0, 1071.9119873046875, 584.259033203125, 1070.8189697265625, 583.1234741210938, 1071.0, 583.0], [1071.0, 583.0, 1071.21533203125, 582.8532104492188, 1071.1810302734375, 580.8765258789062, 1071.0, 581.0], [1071.0, 581.0, 1070.8477783203125, 581.1038208007812, 1069.791015625, 580.2881469726562, 1070.0, 580.0], [1070.0, 580.0, 1070.3515625, 579.515380859375, 1070.208984375, 575.7118530273438, 1070.0, 576.0], [1070.0, 576.0, 1069.875732421875, 576.1713256835938, 1068.791015625, 575.2881469726562, 1069.0, 575.0], [1069.0, 575.0, 1069.3515625, 574.515380859375, 1069.208984375, 570.7118530273438, 1069.0, 571.0], [1069.0, 571.0, 1068.875732421875, 571.1713256835938, 1067.8189697265625, 570.1234741210938, 1068.0, 570.0], [1068.0, 570.0, 1068.21533203125, 569.8532104492188, 1068.1810302734375, 567.8765258789062, 1068.0, 568.0], [1068.0, 568.0, 1067.8477783203125, 568.1038208007812, 1066.8477783203125, 567.02880859375, 1067.0, 567.0], [1067.0, 567.0, 1067.1280517578125, 566.9757690429688, 1067.1522216796875, 565.97119140625, 1067.0, 566.0], [1067.0, 566.0, 1066.8189697265625, 566.0342407226562, 1066.1234130859375, 564.8189086914062, 1066.0, 565.0], [1066.0, 565.0, 1065.8531494140625, 565.21533203125, 1063.8765869140625, 565.1810913085938, 1064.0, 565.0], [1064.0, 565.0, 1064.103759765625, 564.8477172851562, 1063.20947265625, 563.8023681640625, 1063.0, 564.0], [1063.0, 564.0, 1062.6949462890625, 564.287841796875, 1059.79052734375, 564.1976318359375, 1060.0, 564.0], [1060.0, 564.0, 1060.143798828125, 563.8643188476562, 1059.2880859375, 562.7909545898438, 1059.0, 563.0], [1059.0, 563.0, 1058.515380859375, 563.3515625, 1054.7119140625, 563.2090454101562, 1055.0, 563.0], [1055.0, 563.0, 1055.17138671875, 562.875732421875, 1054.42919921875, 561.775634765625, 1054.0, 562.0], [1054.0, 562.0, 1053.1158447265625, 562.4622192382812, 1047.57080078125, 562.224365234375, 1048.0, 562.0], [1048.0, 562.0, 1048.2083740234375, 561.8910522460938, 1048.706787109375, 560.7218017578125, 1047.0, 561.0], [1047.0, 561.0, 1038.3885498046875, 562.4036254882812, 1009.293212890625, 560.7218017578125, 1011.0, 561.0], [1011.0, 561.0, 1011.3383178710938, 561.0551147460938, 1011.947021484375, 562.2826538085938, 1010.0, 562.0], [1010.0, 562.0, 999.1396484375, 560.42333984375, 964.052978515625, 561.7173461914062, 966.0, 562.0], [966.0, 562.0, 966.3490600585938, 562.0506591796875, 965.2881469726562, 563.2090454101562, 965.0, 563.0], [965.0, 563.0, 964.515380859375, 562.6484375, 960.7118530273438, 562.7909545898438, 961.0, 563.0], [961.0, 563.0, 961.1713256835938, 563.124267578125, 960.20947265625, 564.1976318359375, 960.0, 564.0], [960.0, 564.0, 959.6949462890625, 563.712158203125, 956.79052734375, 563.8023681640625, 957.0, 564.0], [957.0, 564.0, 957.143798828125, 564.1356811523438, 956.1234741210938, 565.1810913085938, 956.0, 565.0], [956.0, 565.0, 955.8532104492188, 564.78466796875, 954.0118408203125, 564.5928955078125, 954.0, 565.0], [954.0, 565.0, 953.9827880859375, 565.5928955078125, 950.5928955078125, 568.0118408203125, 951.0, 568.0], [951.0, 568.0, 951.2794799804688, 567.9918823242188, 951.1810913085938, 570.1234741210938, 951.0, 570.0], [951.0, 570.0, 950.8477172851562, 569.8961791992188, 949.7824096679688, 570.6389770507812, 950.0, 571.0], [950.0, 571.0, 950.4091796875, 571.6788330078125, 950.2175903320312, 576.3610229492188, 950.0, 576.0], [950.0, 576.0, 949.88427734375, 575.8079833984375, 948.7113647460938, 574.6520385742188, 949.0, 577.0], [949.0, 577.0, 950.8643798828125, 592.1656494140625, 948.7113647460938, 638.3479614257812, 949.0, 636.0], [949.0, 636.0, 949.044677734375, 635.636474609375, 950.2872924804688, 634.7537231445312, 950.0, 637.0], [950.0, 637.0, 948.20849609375, 651.00830078125, 949.7127075195312, 694.2462768554688, 950.0, 692.0], [950.0, 692.0, 950.0460815429688, 691.6398315429688, 951.2646484375, 691.8223876953125, 951.0, 693.0], [951.0, 693.0, 949.9801635742188, 697.5379028320312, 950.7353515625, 715.1776123046875, 951.0, 714.0], [951.0, 714.0, 951.0686645507812, 713.6943969726562, 952.22998046875, 714.5064086914062, 952.0, 715.0], [952.0, 715.0, 951.4883422851562, 716.09814453125, 951.77001953125, 722.4935913085938, 952.0, 722.0], [952.0, 722.0, 952.1033935546875, 721.7781372070312, 953.2346801757812, 722.4453125, 953.0, 723.0], [953.0, 723.0, 952.4418334960938, 724.3192138671875, 952.7653198242188, 731.5546875, 953.0, 731.0], [953.0, 731.0, 953.0986938476562, 730.7667846679688, 954.2090454101562, 731.7118530273438, 954.0, 732.0], [954.0, 732.0, 953.6484375, 732.484619140625, 953.7909545898438, 736.2881469726562, 954.0, 736.0], [954.0, 736.0, 954.124267578125, 735.8286743164062, 955.1810913085938, 736.8765258789062, 955.0, 737.0], [955.0, 737.0, 954.78466796875, 737.1467895507812, 954.8189086914062, 739.1234741210938, 955.0, 739.0], [955.0, 739.0, 955.1522827148438, 738.8961791992188, 956.1522827148438, 739.97119140625, 956.0, 740.0], [956.0, 740.0, 955.8719482421875, 740.0242309570312, 955.8477172851562, 741.02880859375, 956.0, 741.0], [956.0, 741.0, 956.1810913085938, 740.9657592773438, 957.1522827148438, 741.97119140625, 957.0, 742.0], [957.0, 742.0, 956.8719482421875, 742.0242309570312, 956.8477172851562, 743.02880859375, 957.0, 743.0], [957.0, 743.0, 957.1810913085938, 742.9657592773438, 957.8765258789062, 744.1810913085938, 958.0, 744.0], [958.0, 744.0, 958.1467895507812, 743.78466796875, 960.1234741210938, 743.8189086914062, 960.0, 744.0], [960.0, 744.0, 959.8961791992188, 744.1522827148438, 960.8765258789062, 745.1810913085938, 961.0, 745.0], [961.0, 745.0, 961.1467895507812, 744.78466796875, 963.1234741210938, 744.8189086914062, 963.0, 745.0], [963.0, 745.0, 962.8961791992188, 745.1522827148438, 963.8765258789062, 746.1810913085938, 964.0, 746.0], [964.0, 746.0, 964.1467895507812, 745.78466796875, 966.1234741210938, 745.8189086914062, 966.0, 746.0], [966.0, 746.0, 965.8961791992188, 746.1522827148438, 966.79052734375, 747.1976318359375, 967.0, 747.0], [967.0, 747.0, 967.3050537109375, 746.712158203125, 970.20947265625, 746.8023681640625, 970.0, 747.0], [970.0, 747.0, 969.856201171875, 747.1356811523438, 970.5064086914062, 748.22998046875, 971.0, 748.0], [971.0, 748.0, 972.09814453125, 747.4883422851562, 978.4935913085938, 747.77001953125, 978.0, 748.0], [978.0, 748.0, 977.7781372070312, 748.1033935546875, 978.4453125, 749.2346801757812, 979.0, 749.0], [979.0, 749.0, 980.3192138671875, 748.4418334960938, 987.5546875, 748.7653198242188, 987.0, 749.0], [987.0, 749.0, 986.7667846679688, 749.0986938476562, 987.2776489257812, 750.245361328125, 988.0, 750.0], [988.0, 750.0, 990.0146484375, 749.3157348632812, 999.7223510742188, 749.754638671875, 999.0, 750.0], [999.0, 750.0, 998.740966796875, 750.0879516601562, 999.4453125, 751.2346801757812, 1000.0, 751.0], [1000.0, 751.0, 1001.3192138671875, 750.4418334960938, 1008.5546875, 750.7653198242188, 1008.0, 751.0], [1008.0, 751.0, 1007.7667846679688, 751.0986938476562, 1008.3870849609375, 752.2387084960938, 1009.0, 752.0], [1009.0, 752.0, 