{"version": 14, "source_image": "FontPngs\\003a.png", "width": 2048, "height": 2048, "vector_format": "bezier_cubic", "strokes": [{"segments": [[1023.0, 957.0, 1022.8189086914062, 956.9657592773438, 1021.8477172851562, 957.97119140625, 1022.0, 958.0], [1022.0, 958.0, 1022.1280517578125, 958.0242309570312, 1022.0, 959.0, 1022.0, 959.0]]}, {"segments": [[1024.0, 793.0, 1024.0, 793.3333333333334, 1024.0, 793.6666666666666, 1024.0, 794.0]]}], "stats": {"curves": 2, "time_sec": 0.025, "seg_stride": 1, "min_stroke_points": 2, "curv_win_radius_small": 4, "curv_warn_angle": 22.0, "curv_corner_total_min": 80.0, "curv_corner_max_min": 50.0, "curv_lookahead_max": 10, "junc_continue_ang_max": 45.0, "merge_small_len_percentile": 75.0}}