{"version": 15, "source_image": "Luculine.otf", "width": 2048, "height": 2048, "vector_format": "bezier_cubic", "strokes": [{"segments": [[1015.0, 740.0, 1015.0, 740.0, 1013.754638671875, 740.2776489257812, 1014.0, 741.0], [1014.0, 741.0, 1014.6842651367188, 743.0146484375, 1014.0, 752.0, 1014.0, 752.0]], "color_group_id": 0}, {"segments": [[1015.0, 854.0, 1015.0, 854.0, 1013.754638671875, 854.2776489257812, 1014.0, 855.0], [1014.0, 855.0, 1014.6842651367188, 857.0146484375, 1014.0, 866.0, 1014.0, 866.0]], "color_group_id": 0}], "stats": {"curves": 2, "segments": 4, "char": ":", "converter": "pillow_fill_skimage_skeleton_imagevectorizer"}}