{"version": 15, "source_image": "Luculine.otf", "width": 2048, "height": 2048, "vector_format": "bezier_cubic", "strokes": [{"segments": [[1018.0, 862.0, 1018.0, 862.0, 1016.7518310546875, 862.2258911132812, 1017.0, 863.0], [1017.0, 863.0, 1017.7228393554688, 865.2549438476562, 1017.2481689453125, 875.7741088867188, 1017.0, 875.0], [1017.0, 875.0, 1016.914794921875, 874.7342529296875, 1015.775634765625, 875.5707397460938, 1016.0, 876.0], [1016.0, 876.0, 1016.4622192382812, 876.8841552734375, 1016.224365234375, 882.4292602539062, 1016.0, 882.0], [1016.0, 882.0, 1015.8910522460938, 881.7916259765625, 1014.775634765625, 882.5707397460938, 1015.0, 883.0], [1015.0, 883.0, 1015.4622192382812, 883.8841552734375, 1015.224365234375, 889.4292602539062, 1015.0, 889.0], [1015.0, 889.0, 1014.8910522460938, 888.7916259765625, 1013.7909545898438, 889.7118530273438, 1014.0, 890.0], [1014.0, 890.0, 1014.3515625, 890.484619140625, 1014.2090454101562, 894.2881469726562, 1014.0, 894.0], [1014.0, 894.0, 1013.875732421875, 893.8286743164062, 1012.8023681640625, 894.79052734375, 1013.0, 895.0], [1013.0, 895.0, 1013.287841796875, 895.3050537109375, 1013.1976318359375, 898.20947265625, 1013.0, 898.0], [1013.0, 898.0, 1012.8643188476562, 897.856201171875, 1011.8023681640625, 898.79052734375, 1012.0, 899.0], [1012.0, 899.0, 1012.287841796875, 899.3050537109375, 1012.0, 902.0, 1012.0, 902.0]], "color_group_id": 0}, {"segments": [[1015.0, 744.0, 1015.0, 744.0, 1015.0, 754.0, 1015.0, 754.0]], "color_group_id": 0}], "stats": {"curves": 2, "segments": 13, "char": ";", "converter": "pillow_fill_skimage_skeleton_imagevectorizer"}}