{"version": 14, "source_image": "FontPngs\\003b.png", "width": 2048, "height": 2048, "vector_format": "bezier_cubic", "strokes": [{"segments": [[1022.0, 998.0, 1022.1522827148438, 997.8961791992188, 1023.2090454101562, 998.7118530273438, 1023.0, 999.0], [1023.0, 999.0, 1022.6484375, 999.484619140625, 1023.2090454101562, 1003.2881469726562, 1023.0, 1003.0], [1023.0, 1003.0, 1022.875732421875, 1002.8286743164062, 1021.8023681640625, 1003.79052734375, 1022.0, 1004.0], [1022.0, 1004.0, 1022.287841796875, 1004.3050537109375, 1022.1976318359375, 1007.20947265625, 1022.0, 1007.0], [1022.0, 1007.0, 1021.8643188476562, 1006.856201171875, 1020.7909545898438, 1007.7118530273438, 1021.0, 1008.0], [1021.0, 1008.0, 1021.3515625, 1008.484619140625, 1021.2090454101562, 1012.2881469726562, 1021.0, 1012.0], [1021.0, 1012.0, 1020.875732421875, 1011.8286743164062, 1019.8189086914062, 1012.8765258789062, 1020.0, 1013.0], [1020.0, 1013.0, 1020.21533203125, 1013.1467895507812, 1020.1810913085938, 1015.1234741210938, 1020.0, 1015.0], [1020.0, 1015.0, 1019.8477172851562, 1014.8961791992188, 1018.8023681640625, 1015.79052734375, 1019.0, 1016.0], [1019.0, 1016.0, 1019.287841796875, 1016.3050537109375, 1019.1976318359375, 1019.20947265625, 1019.0, 1019.0], [1019.0, 1019.0, 1018.8643188476562, 1018.856201171875, 1017.8023681640625, 1019.79052734375, 1018.0, 1020.0], [1018.0, 1020.0, 1018.287841796875, 1020.3050537109375, 1018.1976318359375, 1023.20947265625, 1018.0, 1023.0], [1018.0, 1023.0, 1017.8643188476562, 1022.856201171875, 1016.8189086914062, 1023.8765258789062, 1017.0, 1024.0], [1017.0, 1024.0, 1017.21533203125, 1024.1468505859375, 1017.1810913085938, 1026.1234130859375, 1017.0, 1026.0], [1017.0, 1026.0, 1016.8477172851562, 1025.896240234375, 1015.8189086914062, 1026.8765869140625, 1016.0, 1027.0], [1016.0, 1027.0, 1016.21533203125, 1027.1468505859375, 1016.1810913085938, 1029.1234130859375, 1016.0, 1029.0], [1016.0, 1029.0, 1015.8477172851562, 1028.896240234375, 1014.8189086914062, 1029.8765869140625, 1015.0, 1030.0], [1015.0, 1030.0, 1015.21533203125, 1030.1468505859375, 1015.1810913085938, 1032.1234130859375, 1015.0, 1032.0], [1015.0, 1032.0, 1014.8477172851562, 1031.896240234375, 1013.8189086914062, 1032.8765869140625, 1014.0, 1033.0], [1014.0, 1033.0, 1014.21533203125, 1033.1468505859375, 1014.1810913085938, 1035.1234130859375, 1014.0, 1035.0], [1014.0, 1035.0, 1013.8477172851562, 1034.896240234375, 1012.8189086914062, 1035.8765869140625, 1013.0, 1036.0], [1013.0, 1036.0, 1013.21533203125, 1036.1468505859375, 1013.1810913085938, 1038.1234130859375, 1013.0, 1038.0], [1013.0, 1038.0, 1012.8477172851562, 1037.896240234375, 1011.8477172851562, 1038.97119140625, 1012.0, 1039.0], [1012.0, 1039.0, 1012.1280517578125, 1039.024169921875, 1012.1522827148438, 1040.02880859375, 1012.0, 1040.0], [1012.0, 1040.0, 1011.8189086914062, 1039.9656982421875, 1010.8189086914062, 1040.8765869140625, 1011.0, 1041.0], [1011.0, 1041.0, 1011.21533203125, 1041.1468505859375, 1011.1810913085938, 1043.1234130859375, 1011.0, 1043.0], [1011.0, 1043.0, 1010.8477172851562, 1042.896240234375, 1009.8189086914062, 1043.8765869140625, 1010.0, 1044.0], [1010.0, 1044.0, 1010.21533203125, 1044.1468505859375, 1010.1952514648438, 1046.276123046875, 1010.0, 1046.0], [1010.0, 1046.0, 1009.8619384765625, 1045.8046875, 1008.8333129882812, 1045.8333740234375, 1009.0, 1046.0], [1009.0, 1046.0, 1009.1666870117188, 1046.1666259765625, 1008.7340087890625, 1047.865234375, 1009.0, 1047.0], [1009.0, 1047.0, 1009.7340087890625, 1044.612060546875, 1012.2659912109375, 1039.134765625, 1012.0, 1040.0], [1012.0, 1040.0, 1011.9036254882812, 1040.3135986328125, 1012.1522827148438, 1041.02880859375, 1012.0, 1041.0], [1012.0, 1041.0, 1011.8189086914062, 1040.9656982421875, 1010.6666870117188, 1042.3333740234375, 1011.0, 1042.0], [1011.0, 1042.0, 1011.3333129882812, 1041.6666259765625, 1012.3333129882812, 1040.8477783203125, 1012.0, 1041.0], [1012.0, 1041.0, 1011.7197265625, 1041.1280517578125, 1010.8712768554688, 1040.4884033203125, 1011.0, 1041.0], [1011.0, 1041.0, 1011.2906494140625, 1042.1551513671875, 1010.1287231445312, 1046.5115966796875, 1010.0, 1046.0], [1010.0, 1046.0, 1009.9429931640625, 1045.7734375, 1008.8333129882812, 1045.8333740234375, 1009.0, 1046.0], [1009.0, 1046.0, 1009.1666870117188, 1046.1666259765625, 1009.1666870117188, 1047.1666259765625, 1009.0, 1047.0], [1009.0, 1047.0, 1008.8333129882812, 1046.8333740234375, 1007.5330810546875, 1047.133544921875, 1008.0, 1047.0], [1008.0, 1047.0, 1008.6981811523438, 1046.80029296875, 1010.806884765625, 1045.38623046875, 1010.0, 1046.0], [1010.0, 1046.0, 1008.8885498046875, 1046.845458984375, 1006.0, 1050.1597900390625, 1007.0, 1049.0], [1007.0, 1049.0, 1008.0855712890625, 1047.7408447265625, 1010.8097534179688, 1044.047119140625, 1010.0, 1045.0], [1010.0, 1045.0, 1009.3909912109375, 1045.7166748046875, 1007.7514038085938, 1047.03955078125, 1008.0, 1047.0], [1008.0, 1047.0, 1008.1478271484375, 1046.9764404296875, 1008.0, 1048.0, 1008.0, 1048.0]]}, {"segments": [[1023.0, 793.0, 1023.0, 793.3333333333334, 1023.0, 793.6666666666666, 1023.0, 794.0]]}], "stats": {"curves": 2, "time_sec": 0.027, "seg_stride": 1, "min_stroke_points": 2, "curv_win_radius_small": 4, "curv_warn_angle": 22.0, "curv_corner_total_min": 80.0, "curv_corner_max_min": 50.0, "curv_lookahead_max": 10, "junc_continue_ang_max": 45.0, "merge_small_len_percentile": 75.0}}