{"version": 15, "source_image": "Luculine.otf", "width": 2048, "height": 2048, "vector_format": "bezier_cubic", "strokes": [{"segments": [[1034.0, 743.0, 1034.0, 743.0, 1028.5445556640625, 748.2132568359375, 1029.0, 748.0], [1029.0, 748.0, 1029.1712646484375, 747.9197998046875, 1029.7813720703125, 748.4868774414062, 1029.0, 749.0], [1029.0, 749.0, 1025.7813720703125, 751.1137084960938, 1016.2186889648438, 761.5131225585938, 1017.0, 761.0], [1017.0, 761.0, 1017.1896362304688, 760.8754272460938, 1017.8195190429688, 761.4508056640625, 1017.0, 762.0], [1017.0, 762.0, 1013.4861450195312, 764.3548583984375, 1003.1804809570312, 775.5491943359375, 1004.0, 775.0], [1004.0, 775.0, 1004.1911010742188, 774.8718872070312, 1004.6111450195312, 775.6458129882812, 1004.0, 776.0], [1004.0, 776.0, 1001.9444580078125, 777.1912841796875, 995.3888549804688, 784.3541870117188, 996.0, 784.0], [996.0, 784.0, 996.1817016601562, 783.8947143554688, 996.5111083984375, 784.7369995117188, 996.0, 785.0], [996.0, 785.0, 994.5111083984375, 785.7660522460938, 989.4888916015625, 791.2630004882812, 990.0, 791.0], [990.0, 791.0, 990.1754760742188, 790.9097290039062, 990.6567993164062, 791.6035766601562, 990.0, 792.0], [990.0, 792.0, 987.6567993164062, 793.4143676757812, 980.3432006835938, 801.3964233398438, 981.0, 801.0], [981.0, 801.0, 981.18408203125, 800.8888549804688, 981.3946533203125, 801.8400268554688, 981.0, 802.0], [981.0, 802.0, 980.0613403320312, 802.3805541992188, 976.5028076171875, 806.0791015625, 977.0, 806.0], [977.0, 806.0, 977.295654296875, 805.9529418945312, 977.1810913085938, 808.1234741210938, 977.0, 808.0], [977.0, 808.0, 976.8477172851562, 807.8961791992188, 975.8189086914062, 808.8765258789062, 976.0, 809.0], [976.0, 809.0, 976.21533203125, 809.1467895507812, 976.1810913085938, 811.1234741210938, 976.0, 811.0], [976.0, 811.0, 975.8477172851562, 810.8961791992188, 974.8023681640625, 811.79052734375, 975.0, 812.0], [975.0, 812.0, 975.287841796875, 812.3050537109375, 975.1976318359375, 815.20947265625, 975.0, 815.0], [975.0, 815.0, 974.8643188476562, 814.856201171875, 973.8023681640625, 815.79052734375, 974.0, 816.0], [974.0, 816.0, 974.287841796875, 816.3050537109375, 974.1976318359375, 819.20947265625, 974.0, 819.0], [974.0, 819.0, 973.8643188476562, 818.856201171875, 972.8477172851562, 819.97119140625, 973.0, 820.0], [973.0, 820.0, 973.1280517578125, 820.0242309570312, 972.8477172851562, 821.02880859375, 973.0, 821.0], [973.0, 821.0, 973.1810913085938, 820.9657592773438, 974.1976318359375, 821.79052734375, 974.0, 822.0], [974.0, 822.0, 973.712158203125, 822.3050537109375, 973.8023681640625, 825.20947265625, 974.0, 825.0], [974.0, 825.0, 974.1356811523438, 824.856201171875, 975.1976318359375, 825.79052734375, 975.0, 826.0], [975.0, 826.0, 974.712158203125, 826.3050537109375, 974.8023681640625, 829.20947265625, 975.0, 829.0], [975.0, 829.0, 975.1356811523438, 828.856201171875, 976.1810913085938, 829.8765258789062, 976.0, 830.0], [976.0, 830.0, 975.78466796875, 830.1467895507812, 975.8189086914062, 832.1234741210938, 976.0, 832.0], [976.0, 832.0, 976.1522827148438, 831.8961791992188, 977.1522827148438, 832.97119140625, 977.0, 833.0], [977.0, 833.0, 976.8719482421875, 833.0242309570312, 976.2583618164062, 833.5242919921875, 977.0, 834.0], [977.0, 834.0, 979.925048828125, 835.876220703125, 988.4757080078125, 845.7416381835938, 988.0, 845.0], [988.0, 845.0, 987.87939453125, 844.8119506835938, 988.6035766601562, 844.3432006835938, 989.0, 845.0], [989.0, 845.0, 990.4143676757812, 847.3432006835938, 998.3964233398438, 854.6567993164062, 998.0, 854.0], [998.0, 854.0, 997.8888549804688, 853.81591796875, 998.690185546875, 853.437255859375, 999.0, 854.0], [999.0, 854.0, 999.9747314453125, 855.7705688476562, 1006.309814453125, 861.562744140625, 1006.0, 861.0], [1006.0, 861.0, 1005.9015502929688, 860.8211669921875, 1006.690185546875, 860.437255859375, 1007.0, 861.0], [1007.0, 861.0, 1007.9747314453125, 862.7705688476562, 1014.309814453125, 868.562744140625, 1014.0, 868.0], [1014.0, 868.0, 1013.9015502929688, 867.8211669921875, 1014.7369995117188, 867.4888916015625, 1015.0, 868.0], [1015.0, 868.0, 1015.7660522460938, 869.4888916015625, 1021.2630004882812, 874.5111083984375, 1021.0, 874.0], [1021.0, 874.0, 1020.9097290039062, 873.8245239257812, 1021.7867431640625, 873.5444946289062, 1022.0, 874.0], [1022.0, 874.0, 1022.5670166015625, 875.211181640625, 1027.2132568359375, 879.4555053710938, 1027.0, 879.0], [1027.0, 879.0, 1026.9197998046875, 878.8287353515625, 1027.8399658203125, 878.6053466796875, 1028.0, 879.0], [1028.0, 879.0, 1028.3804931640625, 879.9386596679688, 1032.1600341796875, 883.3946533203125, 1032.0, 883.0], [1032.0, 883.0, 1031.9327392578125, 882.8340454101562, 1032.8399658203125, 882.6053466796875, 1033.0, 883.0], [1033.0, 883.0, 1033.3804931640625, 883.9386596679688, 1037.1600341796875, 887.3946533203125, 1037.0, 887.0], [1037.0, 887.0, 1036.9327392578125, 886.8340454101562, 1037.8975830078125, 886.6731567382812, 1038.0, 887.0], [1038.0, 887.0, 1038.2109375, 887.6731567382812, 1041.1024169921875, 890.3268432617188, 1041.0, 890.0], [1041.0, 890.0, 1040.9503173828125, 889.84130859375, 1042.02880859375, 889.8477172851562, 1042.0, 890.0], [1042.0, 890.0, 1041.9656982421875, 890.1810913085938, 1042.97119140625, 891.1522827148438, 1043.0, 891.0], [1043.0, 891.0, 1043.024169921875, 890.8719482421875, 1044.02880859375, 890.8477172851562, 1044.0, 891.0], [1044.0, 891.0, 1043.9656982421875, 891.1810913085938, 1044.8765869140625, 892.1810913085938, 1045.0, 892.0], [1045.0, 892.0, 1045.1468505859375, 891.78466796875, 1047.1234130859375, 891.8189086914062, 1047.0, 892.0], [1047.0, 892.0, 1046.896240234375, 892.1522827148438, 1047.97119140625, 893.1522827148438, 1048.0, 893.0], [1048.0, 893.0, 1048.024169921875, 892.8719482421875, 1049.02880859375, 892.8477172851562, 1049.0, 893.0], [1049.0, 893.0, 1048.9656982421875, 893.1810913085938, 1049.97119140625, 894.1522827148438, 1050.0, 894.0], [1050.0, 894.0, 1050.024169921875, 893.8719482421875, 1051.02880859375, 893.8477172851562, 1051.0, 894.0], [1051.0, 894.0, 1050.9656982421875, 894.1810913085938, 1051.97119140625, 895.1522827148438, 1052.0, 895.0], [1052.0, 895.0, 1052.024169921875, 894.8719482421875, 1052.96044921875, 894.7514038085938, 1053.0, 895.0], [1053.0, 895.0, 1053.0665283203125, 895.4180908203125, 1055.03955078125, 897.2485961914062, 1055.0, 897.0], [1055.0, 897.0, 1054.9764404296875, 896.8521728515625, 1056.0, 897.0, 1056.0, 897.0]], "color_group_id": 0}], "stats": {"curves": 1, "segments": 60, "char": "<", "converter": "pillow_fill_skimage_skeleton_imagevectorizer"}}