{"version": 14, "source_image": "FontPngs\\003d.png", "width": 2048, "height": 2048, "vector_format": "bezier_cubic", "strokes": [{"segments": [[965.0, 753.0, 1003.3333333333334, 753.0, 1041.6666666666667, 753.0, 1080.0, 753.0]]}, {"segments": [[967.0, 868.0, 1004.3333333333334, 868.0, 1041.6666666666667, 868.0, 1079.0, 868.0]]}], "stats": {"curves": 2, "time_sec": 0.028, "seg_stride": 1, "min_stroke_points": 2, "curv_win_radius_small": 4, "curv_warn_angle": 22.0, "curv_corner_total_min": 80.0, "curv_corner_max_min": 50.0, "curv_lookahead_max": 10, "junc_continue_ang_max": 45.0, "merge_small_len_percentile": 75.0}}