{"version": 15, "source_image": "Luculine.otf", "width": 2048, "height": 2048, "vector_format": "bezier_cubic", "strokes": [{"segments": [[954.0, 769.0, 954.0, 769.0, 965.7223510742188, 768.754638671875, 965.0, 769.0], [965.0, 769.0, 964.740966796875, 769.0879516601562, 964.8629150390625, 770.2633056640625, 966.0, 770.0], [966.0, 770.0, 970.2760620117188, 769.009765625, 987.1370849609375, 769.7366943359375, 986.0, 770.0], [986.0, 770.0, 985.6976318359375, 770.0700073242188, 985.0244140625, 771.2831420898438, 987.0, 771.0], [987.0, 771.0, 998.1441040039062, 769.40283203125, 1033.9755859375, 771.2831420898438, 1032.0, 771.0], [1032.0, 771.0, 1031.6497802734375, 770.9498291015625, 1031.990234375, 769.7412719726562, 1033.0, 770.0], [1033.0, 770.0, 1036.5010986328125, 770.89697265625, 1051.009765625, 770.2587280273438, 1050.0, 770.0], [1050.0, 770.0, 1049.708740234375, 769.9253540039062, 1050.97119140625, 768.8477172851562, 1051.0, 769.0], [1051.0, 769.0, 1051.024169921875, 769.1280517578125, 1052.02880859375, 768.8477172851562, 1052.0, 769.0], [1052.0, 769.0, 1051.9656982421875, 769.1810913085938, 1052.79052734375, 770.1976318359375, 1053.0, 770.0], [1053.0, 770.0, 1053.3050537109375, 769.712158203125, 1056.20947265625, 770.1976318359375, 1056.0, 770.0], [1056.0, 770.0, 1055.856201171875, 769.8643188476562, 1057.0, 769.0, 1057.0, 769.0]], "color_group_id": 0}, {"segments": [[1074.0, 838.0, 1074.0, 838.0, 1072.97119140625, 838.1522827148438, 1073.0, 838.0], [1073.0, 838.0, 1073.0343017578125, 837.8189086914062, 1072.2880859375, 836.7909545898438, 1072.0, 837.0], [1072.0, 837.0, 1071.515380859375, 837.3515625, 1067.7119140625, 836.7909545898438, 1068.0, 837.0], [1068.0, 837.0, 1068.17138671875, 837.124267578125, 1067.1234130859375, 838.1810913085938, 1067.0, 838.0], [1067.0, 838.0, 1066.8531494140625, 837.78466796875, 1064.8765869140625, 837.8189086914062, 1065.0, 838.0], [1065.0, 838.0, 1065.103759765625, 838.1522827148438, 1064.722412109375, 839.245361328125, 1064.0, 839.0], [1064.0, 839.0, 1061.9853515625, 838.3157348632812, 1052.277587890625, 838.754638671875, 1053.0, 839.0], [1053.0, 839.0, 1053.259033203125, 839.0879516601562, 1053.1370849609375, 840.2633056640625, 1052.0, 840.0], [1052.0, 840.0, 1047.723876953125, 839.009765625, 1030.8629150390625, 839.7366943359375, 1032.0, 840.0], [1032.0, 840.0, 1032.3023681640625, 840.0700073242188, 1031.96533203125, 841.2569580078125, 1031.0, 841.0], [1031.0, 841.0, 1027.753173828125, 840.1357421875, 1014.0347290039062, 841.2569580078125, 1015.0, 841.0], [1015.0, 841.0, 1015.2869873046875, 840.923583984375, 1015.1776123046875, 839.7353515625, 1014.0, 840.0], [1014.0, 840.0, 1009.4620971679688, 841.0198364257812, 991.8223876953125, 840.2646484375, 993.0, 840.0], [993.0, 840.0, 993.3056030273438, 839.9313354492188, 992.7223510742188, 838.754638671875, 992.0, 839.0], [992.0, 839.0, 989.9853515625, 839.6842651367188, 981.0, 839.0, 981.0, 839.0]], "color_group_id": 0}], "stats": {"curves": 2, "segments": 27, "char": "=", "converter": "pillow_fill_skimage_skeleton_imagevectorizer"}}