{"version": 15, "source_image": "Luculine.otf", "width": 2048, "height": 2048, "vector_format": "bezier_cubic", "strokes": [{"segments": [[986.0, 742.0, 986.0, 742.0, 986.7867431640625, 741.5444946289062, 987.0, 742.0], [987.0, 742.0, 987.5670166015625, 743.211181640625, 992.2132568359375, 747.4555053710938, 992.0, 747.0], [992.0, 747.0, 991.9197998046875, 746.8287353515625, 992.690185546875, 746.437255859375, 993.0, 747.0], [993.0, 747.0, 993.9747314453125, 748.7705688476562, 1000.309814453125, 754.562744140625, 1000.0, 754.0], [1000.0, 754.0, 999.9015502929688, 753.8211669921875, 1000.7369995117188, 753.4888916015625, 1001.0, 754.0], [1001.0, 754.0, 1001.7660522460938, 755.4888916015625, 1007.2630004882812, 760.5111083984375, 1007.0, 760.0], [1007.0, 760.0, 1006.9097290039062, 759.8245239257812, 1007.690185546875, 759.437255859375, 1008.0, 760.0], [1008.0, 760.0, 1008.9747314453125, 761.7705688476562, 1015.309814453125, 767.562744140625, 1015.0, 767.0], [1015.0, 767.0, 1014.9015502929688, 766.8211669921875, 1015.690185546875, 766.437255859375, 1016.0, 767.0], [1016.0, 767.0, 1016.9747314453125, 768.7705688476562, 1023.309814453125, 774.562744140625, 1023.0, 774.0], [1023.0, 774.0, 1022.9015502929688, 773.8211669921875, 1023.690185546875, 773.437255859375, 1024.0, 774.0], [1024.0, 774.0, 1024.9747314453125, 775.7705688476562, 1031.309814453125, 781.562744140625, 1031.0, 781.0], [1031.0, 781.0, 1030.9014892578125, 780.8211669921875, 1031.737060546875, 780.4888916015625, 1032.0, 781.0], [1032.0, 781.0, 1032.7659912109375, 782.4888916015625, 1038.262939453125, 787.5111083984375, 1038.0, 787.0], [1038.0, 787.0, 1037.90966796875, 786.8245239257812, 1038.8975830078125, 786.6731567382812, 1039.0, 787.0], [1039.0, 787.0, 1039.2109375, 787.6731567382812, 1042.4071044921875, 790.0118408203125, 1042.0, 790.0], [1042.0, 790.0, 1041.720458984375, 789.9918823242188, 1041.8189697265625, 792.1234741210938, 1042.0, 792.0], [1042.0, 792.0, 1042.1522216796875, 791.8961791992188, 1043.1810302734375, 792.8765258789062, 1043.0, 793.0], [1043.0, 793.0, 1042.78466796875, 793.1467895507812, 1042.8189697265625, 795.1234741210938, 1043.0, 795.0], [1043.0, 795.0, 1043.1522216796875, 794.8961791992188, 1044.1810302734375, 795.8765258789062, 1044.0, 796.0], [1044.0, 796.0, 1043.78466796875, 796.1467895507812, 1043.8189697265625, 798.1234741210938, 1044.0, 798.0], [1044.0, 798.0, 1044.1522216796875, 797.8961791992188, 1045.1976318359375, 798.79052734375, 1045.0, 799.0], [1045.0, 799.0, 1044.712158203125, 799.3050537109375, 1044.8023681640625, 802.20947265625, 1045.0, 802.0], [1045.0, 802.0, 1045.1357421875, 801.856201171875, 1046.1810302734375, 802.8765258789062, 1046.0, 803.0], [1046.0, 803.0, 1045.78466796875, 803.1467895507812, 1046.1810302734375, 805.1234741210938, 1046.0, 805.0], [1046.0, 805.0, 1045.8477783203125, 804.8961791992188, 1044.8023681640625, 805.79052734375, 1045.0, 806.0], [1045.0, 806.0, 1045.287841796875, 806.3050537109375, 1045.1976318359375, 809.20947265625, 1045.0, 809.0], [1045.0, 809.0, 1044.8642578125, 808.856201171875, 1043.8189697265625, 809.8765258789062, 1044.0, 810.0], [1044.0, 810.0, 1044.21533203125, 810.1467895507812, 1044.1810302734375, 812.1234741210938, 1044.0, 812.0], [1044.0, 812.0, 1043.8477783203125, 811.8961791992188, 1042.8189697265625, 812.8765258789062, 1043.0, 813.0], [1043.0, 813.0, 1043.21533203125, 813.1467895507812, 1043.1810302734375, 815.1234741210938, 1043.0, 815.0], [1043.0, 815.0, 1042.8477783203125, 814.8961791992188, 1041.8477783203125, 815.97119140625, 1042.0, 816.0], [1042.0, 816.0, 1042.1280517578125, 816.0242309570312, 1042.1522216796875, 817.02880859375, 1042.0, 817.0], [1042.0, 817.0, 1041.8189697265625, 816.9657592773438, 1040.8477783203125, 817.97119140625, 1041.0, 818.0], [1041.0, 818.0, 1041.1280517578125, 818.0242309570312, 1041.3267822265625, 818.8975830078125, 1041.0, 819.0], [1041.0, 819.0, 1040.3267822265625, 819.2109985351562, 1037.8975830078125, 822.3268432617188, 1038.0, 822.0], [1038.0, 822.0, 1038.0496826171875, 821.84130859375, 1037.1024169921875, 821.6731567382812, 1037.0, 822.0], [1037.0, 822.0, 1036.7890625, 822.6731567382812, 1033.8975830078125, 825.3268432617188, 1034.0, 825.0], [1034.0, 825.0, 1034.0496826171875, 824.84130859375, 1033.2132568359375, 824.5444946289062, 1033.0, 825.0], [1033.0, 825.0, 1032.4329833984375, 826.211181640625, 1027.7867431640625, 830.4555053710938, 1028.0, 830.0], [1028.0, 830.0, 1028.0802001953125, 829.8287353515625, 1027.7745361328125, 828.9448852539062, 1027.0, 830.0], [1027.0, 830.0, 1022.8806762695312, 835.6115112304688, 1005.9448852539062, 850.7745361328125, 1007.0, 850.0], [1007.0, 850.0, 1007.1984252929688, 849.8543701171875, 1007.4555053710938, 850.7867431640625, 1007.0, 851.0], [1007.0, 851.0, 1005.788818359375, 851.5670166015625, 1001.5444946289062, 856.2132568359375, 1002.0, 856.0], [1002.0, 856.0, 1002.1712646484375, 855.9197998046875, 1002.3946533203125, 856.8400268554688, 1002.0, 857.0], [1002.0, 857.0, 1001.0613403320312, 857.3805541992188, 997.6053466796875, 861.1599731445312, 998.0, 861.0], [998.0, 861.0, 998.1659545898438, 860.9327392578125, 998.3946533203125, 861.8400268554688, 998.0, 862.0], [998.0, 862.0, 997.0613403320312, 862.3805541992188, 993.6053466796875, 866.1599731445312, 994.0, 866.0], [994.0, 866.0, 994.1659545898438, 865.9327392578125, 994.2485961914062, 866.96044921875, 994.0, 867.0], [994.0, 867.0, 993.5819091796875, 867.0665283203125, 991.7514038085938, 869.03955078125, 992.0, 869.0], [992.0, 869.0, 992.1478271484375, 868.9765014648438, 992.3268432617188, 869.8975830078125, 992.0, 870.0], [992.0, 870.0, 991.3268432617188, 870.2109985351562, 988.6731567382812, 873.1024169921875, 989.0, 873.0], [989.0, 873.0, 989.15869140625, 872.9502563476562, 989.2485961914062, 873.96044921875, 989.0, 874.0], [989.0, 874.0, 988.5819091796875, 874.0665283203125, 986.7514038085938, 876.03955078125, 987.0, 876.0], [987.0, 876.0, 987.1478271484375, 875.9765014648438, 987.1522827148438, 877.02880859375, 987.0, 877.0], [987.0, 877.0, 986.8189086914062, 876.9657592773438, 985.8477172851562, 877.97119140625, 986.0, 878.0], [986.0, 878.0, 986.1280517578125, 878.0242309570312, 986.2485961914062, 878.96044921875, 986.0, 879.0], [986.0, 879.0, 985.5819091796875, 879.0665283203125, 983.7514038085938, 881.03955078125, 984.0, 881.0], [984.0, 881.0, 984.1478271484375, 880.9765014648438, 984.2485961914062, 881.96044921875, 984.0, 882.0], [984.0, 882.0, 983.5819091796875, 882.0665283203125, 981.7514038085938, 884.03955078125, 982.0, 884.0], [982.0, 884.0, 982.1478271484375, 883.9765014648438, 982.1522827148438, 885.02880859375, 982.0, 885.0], [982.0, 885.0, 981.8189086914062, 884.9657592773438, 980.8477172851562, 885.97119140625, 981.0, 886.0], [981.0, 886.0, 981.1280517578125, 886.0242309570312, 981.2485961914062, 886.96044921875, 981.0, 887.0], [981.0, 887.0, 980.5819091796875, 887.0665283203125, 979.0, 889.0, 979.0, 889.0]], "color_group_id": 0}], "stats": {"curves": 1, "segments": 64, "char": ">", "converter": "pillow_fill_skimage_skeleton_imagevectorizer"}}