{"version": 15, "source_image": "Luculine.otf", "width": 2048, "height": 2048, "vector_format": "bezier_cubic", "strokes": [{"segments": [[940.0, 736.0, 940.0, 736.0, 939.697021484375, 591.0244750976562, 940.0, 595.0], [940.0, 595.0, 940.0303344726562, 595.3981323242188, 941.2481689453125, 594.7741088867188, 941.0, 594.0], [941.0, 594.0, 940.2771606445312, 591.7450561523438, 940.7518310546875, 581.2258911132812, 941.0, 582.0], [941.0, 582.0, 941.085205078125, 582.2657470703125, 942.2175903320312, 581.3610229492188, 942.0, 581.0], [942.0, 581.0, 941.5908203125, 580.3211669921875, 941.7824096679688, 575.6389770507812, 942.0, 576.0], [942.0, 576.0, 942.11572265625, 576.1920166015625, 943.2090454101562, 575.2881469726562, 943.0, 575.0], [943.0, 575.0, 942.6484375, 574.515380859375, 942.7909545898438, 570.7118530273438, 943.0, 571.0], [943.0, 571.0, 943.124267578125, 571.1713256835938, 944.1976318359375, 570.20947265625, 944.0, 570.0], [944.0, 570.0, 943.712158203125, 569.6949462890625, 943.8023681640625, 566.79052734375, 944.0, 567.0], [944.0, 567.0, 944.1356811523438, 567.143798828125, 945.1522827148438, 566.02880859375, 945.0, 566.0], [945.0, 566.0, 944.8719482421875, 565.9757690429688, 944.7514038085938, 565.03955078125, 945.0, 565.0], [945.0, 565.0, 945.4180908203125, 564.9334716796875, 947.03955078125, 562.7514038085938, 947.0, 563.0], [947.0, 563.0, 946.9765014648438, 563.1478271484375, 948.02880859375, 563.1522827148438, 948.0, 563.0], [948.0, 563.0, 947.9657592773438, 562.8189086914062, 948.79052734375, 561.8023681640625, 949.0, 562.0], [949.0, 562.0, 949.3050537109375, 562.287841796875, 952.20947265625, 562.1976318359375, 952.0, 562.0], [952.0, 562.0, 951.856201171875, 561.8643188476562, 952.79052734375, 560.8023681640625, 953.0, 561.0], [953.0, 561.0, 953.3050537109375, 561.287841796875, 956.20947265625, 561.1976318359375, 956.0, 561.0], [956.0, 561.0, 955.856201171875, 560.8643188476562, 956.5707397460938, 559.775634765625, 957.0, 560.0], [957.0, 560.0, 957.8841552734375, 560.4622192382812, 963.4292602539062, 560.224365234375, 963.0, 560.0], [963.0, 560.0, 962.7916259765625, 559.8910522460938, 961.1004028320312, 558.7051391601562, 964.0, 559.0], [964.0, 559.0, 986.2134399414062, 561.2587890625, 1049.8995361328125, 558.7051391601562, 1047.0, 559.0], [1047.0, 559.0, 1046.6214599609375, 559.0385131835938, 1046.7437744140625, 560.26708984375, 1048.0, 560.0], [1048.0, 560.0, 1053.066162109375, 558.9228515625, 1072.2562255859375, 559.73291015625, 1071.0, 560.0], [1071.0, 560.0, 1070.6884765625, 560.0662231445312, 1071.638916015625, 561.2175903320312, 1072.0, 561.0], [1072.0, 561.0, 1072.6788330078125, 560.5908203125, 1077.361083984375, 560.7824096679688, 1077.0, 561.0], [1077.0, 561.0, 1076.8079833984375, 561.11572265625, 1077.79052734375, 562.1976318359375, 1078.0, 562.0], [1078.0, 562.0, 1078.3050537109375, 561.712158203125, 1081.20947265625, 561.8023681640625, 1081.0, 562.0], [1081.0, 562.0, 1080.856201171875, 562.1356811523438, 1081.8765869140625, 563.1810913085938, 1082.0, 563.0], [1082.0, 563.0, 1082.1468505859375, 562.78466796875, 1084.1234130859375, 562.8189086914062, 1084.0, 563.0], [1084.0, 563.0, 1083.896240234375, 563.1522827148438, 1085.1810302734375, 563.8765258789062, 1085.0, 564.0], [1085.0, 564.0, 1084.78466796875, 564.1467895507812, 1084.8189697265625, 566.1234741210938, 1085.0, 566.0], [1085.0, 566.0, 1085.1522216796875, 565.8961791992188, 1086.1976318359375, 566.79052734375, 1086.0, 567.0], [1086.0, 567.0, 1085.712158203125, 567.3050537109375, 1085.8023681640625, 570.20947265625, 1086.0, 570.0], [1086.0, 570.0, 1086.1357421875, 569.856201171875, 1087.208984375, 570.7118530273438, 1087.0, 571.0], [1087.0, 571.0, 1086.6484375, 571.484619140625, 1086.791015625, 575.2881469726562, 1087.0, 575.0], [1087.0, 575.0, 1087.124267578125, 574.8286743164062, 1088.234619140625, 575.4453125, 1088.0, 576.0], [1088.0, 576.0, 1087.44189453125, 577.3192138671875, 1087.765380859375, 584.5546875, 1088.0, 584.0], [1088.0, 584.0, 1088.0986328125, 583.7667846679688, 1089.30322265625, 580.9916381835938, 1089.0, 585.0], [1089.0, 585.0, 1085.9512939453125, 625.3064575195312, 1089.30322265625, 732.0083618164062, 1089.0, 728.0], [1089.0, 728.0, 1088.9698486328125, 727.6013793945312, 1087.719970703125, 727.2005004882812, 1088.0, 729.0], [1088.0, 729.0, 1089.470458984375, 738.4500122070312, 1088.280029296875, 769.7994995117188, 1088.0, 768.0], [1088.0, 768.0, 1087.9466552734375, 767.6573486328125, 1086.7381591796875, 767.9043579101562, 1087.0, 769.0], [1087.0, 769.0, 1087.9599609375, 773.0159301757812, 1087.2618408203125, 789.0956420898438, 1087.0, 788.0], [1087.0, 788.0, 1086.9285888671875, 787.7011108398438, 1085.77001953125, 788.5064086914062, 1086.0, 789.0], [1086.0, 789.0, 1086.5115966796875, 790.09814453125, 1086.22998046875, 796.4935913085938, 1086.0, 796.0], [1086.0, 796.0, 1085.8966064453125, 795.7781372070312, 1084.775634765625, 796.5707397460938, 1085.0, 797.0], [1085.0, 797.0, 1085.462158203125, 797.8841552734375, 1085.224365234375, 803.4292602539062, 1085.0, 803.0], [1085.0, 803.0, 1084.89111328125, 802.7916259765625, 1083.7823486328125, 803.6389770507812, 1084.0, 804.0], [1084.0, 804.0, 1084.4091796875, 804.6788330078125, 1084.2176513671875, 809.3610229492188, 1084.0, 809.0], [1084.0, 809.0, 1083.88427734375, 808.8079833984375, 1082.8023681640625, 809.79052734375, 1083.0, 810.0], [1083.0, 810.0, 1083.287841796875, 810.3050537109375, 1083.1976318359375, 813.20947265625, 1083.0, 813.0], [1083.0, 813.0, 1082.8642578125, 812.856201171875, 1081.8477783203125, 813.97119140625, 1082.0, 814.0], [1082.0, 814.0, 1082.1280517578125, 814.0242309570312, 1082.1522216796875, 815.02880859375, 1082.0, 815.0], [1082.0, 815.0, 1081.8189697265625, 814.9657592773438, 1080.8189697265625, 815.8765258789062, 1081.0, 816.0], [1081.0, 816.0, 1081.21533203125, 816.1467895507812, 1081.4071044921875, 817.9881591796875, 1081.0, 818.0], [1081.0, 818.0, 1080.4071044921875, 818.0172119140625, 1077.8975830078125, 821.3268432617188, 1078.0, 821.0], [1078.0, 821.0, 1078.0496826171875, 820.84130859375, 1076.97119140625, 820.8477172851562, 1077.0, 821.0], [1077.0, 821.0, 1077.0343017578125, 821.1810913085938, 1076.20947265625, 822.1976318359375, 1076.0, 822.0], [1076.0, 822.0, 1075.6949462890625, 821.712158203125, 1072.79052734375, 821.8023681640625, 1073.0, 822.0], [1073.0, 822.0, 1073.143798828125, 822.1356811523438, 1072.20947265625, 823.1976318359375, 1072.0, 823.0], [1072.0, 823.0, 1071.6949462890625, 822.712158203125, 1068.79052734375, 822.8023681640625, 1069.0, 823.0], [1069.0, 823.0, 1069.143798828125, 823.1356811523438, 1068.361083984375, 824.2175903320312, 1068.0, 824.0], [1068.0, 824.0, 1067.3211669921875, 823.5908203125, 1062.638916015625, 823.7824096679688, 1063.0, 824.0], [1063.0, 824.0, 1063.1920166015625, 824.11572265625, 1062.02880859375, 825.1522827148438, 1062.0, 825.0], [1062.0, 825.0, 1061.975830078125, 824.8719482421875, 1060.97119140625, 824.8477172851562, 1061.0, 825.0], [1061.0, 825.0, 1061.0343017578125, 825.1810913085938, 1060.7740478515625, 826.2481689453125, 1060.0, 826.0], [1060.0, 826.0, 1057.7451171875, 825.2771606445312, 1047.2259521484375, 825.7518310546875, 1048.0, 826.0], [1048.0, 826.0, 1048.2657470703125, 826.085205078125, 1048.05322265625, 827.2603759765625, 1047.0, 827.0], [1047.0, 827.0, 1043.242431640625, 826.0711669921875, 1027.94677734375, 826.7396240234375, 1029.0, 827.0], [1029.0, 827.0, 1029.295166015625, 827.072998046875, 1028.42919921875, 828.224365234375, 1028.0, 828.0], [1028.0, 828.0, 1027.1158447265625, 827.5377807617188, 1021.5707397460938, 827.775634765625, 1022.0, 828.0], [1022.0, 828.0, 1022.2083740234375, 828.1089477539062, 1021.1234741210938, 829.1810913085938, 1021.0, 829.0], [1021.0, 829.0, 1020.8532104492188, 828.78466796875, 1018.8765258789062, 828.8189086914062, 1019.0, 829.0], [1019.0, 829.0, 1019.1038208007812, 829.1522827148438, 1018.02880859375, 830.1522827148438, 1018.0, 830.0], [1018.0, 830.0, 1017.9757690429688,