{"version": 15, "source_image": "Luculine.otf", "width": 2048, "height": 2048, "vector_format": "bezier_cubic", "strokes": [{"segments": [[918.0, 836.0, 918.0, 836.0, 919.3333129882812, 835.0, 919.0, 835.0], [919.0, 835.0, 918.6666870117188, 835.0, 918.0, 834.0, 918.0, 834.0], [918.0, 834.0, 918.0, 834.0, 916.7071533203125, 835.7030029296875, 917.0, 833.0], [917.0, 833.0, 919.1183471679688, 813.447509765625, 917.2928466796875, 756.2969970703125, 917.0, 759.0], [917.0, 759.0, 916.9595336914062, 759.3736572265625, 915.7081298828125, 760.6119384765625, 916.0, 758.0], [916.0, 758.0, 918.0532836914062, 739.623779296875, 916.2918701171875, 685.3880615234375, 916.0, 688.0], [916.0, 688.0, 915.95849609375, 688.3712768554688, 914.7084350585938, 689.5888061523438, 915.0, 687.0], [915.0, 687.0, 917.0367431640625, 668.9171752929688, 914.7084350585938, 615.4111938476562, 915.0, 618.0], [915.0, 618.0, 915.041748046875, 618.37060546875, 916.2481689453125, 617.7741088867188, 916.0, 617.0], [916.0, 617.0, 915.2771606445312, 614.7450561523438, 915.7518310546875, 604.2258911132812, 916.0, 605.0], [916.0, 605.0, 916.085205078125, 605.2657470703125, 917.2481689453125, 604.7741088867188, 917.0, 604.0], [917.0, 604.0, 916.2771606445312, 601.7450561523438, 916.7518310546875, 591.2258911132812, 917.0, 592.0], [917.0, 592.0, 917.085205078125, 592.2657470703125, 918.2090454101562, 591.2881469726562, 918.0, 591.0], [918.0, 591.0, 917.6484375, 590.515380859375, 917.7909545898438, 586.7118530273438, 918.0, 587.0], [918.0, 587.0, 918.124267578125, 587.1713256835938, 919.2090454101562, 586.2881469726562, 919.0, 586.0], [919.0, 586.0, 918.6484375, 585.515380859375, 918.7909545898438, 581.7118530273438, 919.0, 582.0], [919.0, 582.0, 919.124267578125, 582.1713256835938, 920.1976318359375, 581.20947265625, 920.0, 581.0], [920.0, 581.0, 919.712158203125, 580.6949462890625, 919.6617431640625, 577.8455810546875, 920.0, 578.0], [920.0, 578.0, 920.3284301757812, 578.14990234375, 922.2485961914062, 575.96044921875, 922.0, 576.0], [922.0, 576.0, 921.8521728515625, 576.0234985351562, 921.8477172851562, 574.97119140625, 922.0, 575.0], [922.0, 575.0, 922.1810913085938, 575.0342407226562, 922.97119140625, 573.8477172851562, 923.0, 574.0], [923.0, 574.0, 923.0242309570312, 574.1280517578125, 924.02880859375, 574.1522827148438, 924.0, 574.0], [924.0, 574.0, 923.9657592773438, 573.8189086914062, 924.8765258789062, 572.8189086914062, 925.0, 573.0], [925.0, 573.0, 925.1467895507812, 573.21533203125, 927.1234741210938, 573.1810913085938, 927.0, 573.0], [927.0, 573.0, 926.8961791992188, 572.8477172851562, 927.7118530273438, 571.7909545898438, 928.0, 572.0], [928.0, 572.0, 928.484619140625, 572.3515625, 932.2881469726562, 572.2090454101562, 932.0, 572.0], [932.0, 572.0, 931.8286743164062, 571.875732421875, 932.7118530273438, 570.7909545898438, 933.0, 571.0], [933.0, 571.0, 933.484619140625, 571.3515625, 937.2881469726562, 571.2090454101562, 937.0, 571.0], [937.0, 571.0, 936.8286743164062, 570.875732421875, 937.2258911132812, 569.7518310546875, 938.0, 570.0], [938.0, 570.0, 940.2549438476562, 570.7228393554688, 950.7741088867188, 570.2481689453125, 950.0, 570.0], [950.0, 570.0, 949.7342529296875, 569.914794921875, 948.5535278320312, 568.7100830078125, 951.0, 569.0], [951.0, 569.0, 967.3287353515625, 570.9348754882812, 1016.4464721679688, 569.2899169921875, 1014.0, 569.0], [1014.0, 569.0, 1013.6334838867188, 568.95654296875, 1013.6312866210938, 567.7296752929688, 1015.0, 568.0], [1015.0, 568.0, 1020.8687133789062, 569.158935546875, 1042.3687744140625, 568.2703247070312, 1041.0, 568.0], [1041.0, 568.0, 1040.6807861328125, 567.9369506835938, 1041.4453125, 566.7653198242188, 1042.0, 567.0], [1042.0, 567.0, 1043.3192138671875, 567.5581665039062, 1050.5546875, 567.2346801757812, 1050.0, 567.0], [1050.0, 567.0, 1049.766845703125, 566.9013061523438, 1050.277587890625, 565.754638671875, 1051.0, 566.0], [1051.0, 566.0, 1053.0146484375, 566.6842651367188, 1062.722412109375, 566.245361328125, 1062.0, 566.0], [1062.0, 566.0, 1061.740966796875, 565.9120483398438, 1062.331298828125, 564.7577514648438, 1063.0, 565.0], [1063.0, 565.0, 1064.7781982421875, 565.6441650390625, 1073.668701171875, 565.2422485351562, 1073.0, 565.0], [1073.0, 565.0, 1072.74853515625, 564.9088745117188, 1072.990234375, 563.7412719726562, 1074.0, 564.0], [1074.0, 564.0, 1077.5010986328125, 564.89697265625, 1092.009765625, 563.7412719726562, 1091.0, 564.0], [1091.0, 564.0, 1090.708740234375, 564.0746459960938, 1091.7119140625, 565.2090454101562, 1092.0, 565.0], [1092.0, 565.0, 1092.484619140625, 564.6484375, 1096.2880859375, 564.7909545898438, 1096.0, 565.0], [1096.0, 565.0, 1095.82861328125, 565.124267578125, 1096.8765869140625, 566.1810913085938, 1097.0, 566.0], [1097.0, 566.0, 1097.1468505859375, 565.78466796875, 1099.1234130859375, 565.8189086914062, 1099.0, 566.0], [1099.0, 566.0, 1098.896240234375, 566.1522827148438, 1099.79052734375, 567.1976318359375, 1100.0, 567.0], [1100.0, 567.0, 1100.3050537109375, 566.712158203125, 1103.20947265625, 566.8023681640625, 1103.0, 567.0], [1103.0, 567.0, 1102.856201171875, 567.1356811523438, 1104.1810302734375, 567.8765258789062, 1104.0, 568.0], [1104.0, 568.0, 1103.78466796875, 568.1467895507812, 1103.8189697265625, 570.1234741210938, 1104.0, 570.0], [1104.0, 570.0, 1104.1522216796875, 569.8961791992188, 1105.1522216796875, 570.97119140625, 1105.0, 571.0], [1105.0, 571.0, 1104.8719482421875, 571.0242309570312, 1104.8477783203125, 572.02880859375, 1105.0, 572.0], [1105.0, 572.0, 1105.1810302734375, 571.9657592773438, 1106.1810302734375, 572.8765258789062, 1106.0, 573.0], [1106.0, 573.0, 1105.78466796875, 573.1467895507812, 1105.8189697265625, 575.1234741210938, 1106.0, 575.0], [1106.0, 575.0, 1106.1522216796875, 574.8961791992188, 1107.1976318359375, 575.79052734375, 1107.0, 576.0], [1107.0, 576.0, 1106.712158203125, 576.3050537109375, 1106.8023681640625, 579.20947265625, 1107.0, 579.0], [1107.0, 579.0, 1107.1357421875, 578.856201171875, 1108.1976318359375, 579.79052734375, 1108.0, 580.0], [1108.0, 580.0, 1107.712158203125, 580.3050537109375, 1107.8023681640625, 583.20947265625, 1108.0, 583.0], [1108.0, 583.0, 1108.1357421875, 582.856201171875, 1109.224365234375, 583.5707397460938, 1109.0, 584.0], [1109.0, 584.0, 1108.537841796875, 584.8841552734375, 1108.775634765625, 590.4292602539062, 1109.0, 590.0], [1109.0, 590.0, 1109.10888671875, 589.7916259765625, 1110.2176513671875, 590.6389770507812, 1110.0, 591.0], [1110.0, 591.0, 1109.5908203125, 591.6788330078125, 1109.7823486328125, 596.3610229492188, 1110.0, 596.0], [1110.0, 596.0, 1110.11572265625, 595.8079833984375, 1111.2506103515625, 596.1759033203125, 1111.0, 597.0], [1111.0, 597.0, 1110.239990234375, 599.4985961914062, 1110.7493896484375, 610.8240966796875, 1111.0, 610.0], [1111.0, 610.0, 1111.0826416015625, 609.7282104492188, 1112.270263671875, 609.6312866210938, 1112.0, 611.0], [1112.0, 611.0, 1110.841064453125, 616.8687133789062, 1111.729736328125, 638.3687133789062, 1112.0, 637.0], [1112.0, 637.0, 1112.06298828125, 636.6807861328125, 1113.29052734375, 635.50537109375, 1113.0, 638.0], [1113.0, 638.0, 1111.0306396484375, 654.9122314453125, 1113.29052734375, 705.49462890625, 1113.0, 703.0], [1113.0, 703.0, 1112.9571533203125, 702.6320190429688, 1111.730712890625, 702.6680908203125, 1112.0, 704.0], [1112.0, 704.0, 1113.1322021484375, 709.5999145507812, 1112.269287109375, 730.3319091796875, 1112.0, 729.0], [1112.0, 729.0, 1111.9359130859375, 728.6832275390625, 1110.7353515625, 728.8223876953125, 1111.0, 730.0], [1111.0, 730.0, 1112.0198974609375, 734.5379028320312, 1111.2646484375, 752.1776123046875, 1111.0, 751.0], [1111.0, 751.0, 1110.9312744140625, 750.6943969726562, 1109.7381591796875, 750.9043579101562, 1110.0, 752.0], [1110.0, 752.0, 1110.9599609375, 756.0159301757812, 1110.2618408203125, 772.0956420898438, 1110.0, 771.0], [1110.0, 771.0, 1109.9285888671875, 770.7011108398438, 1108.7413330078125, 770.9901733398438, 1109.0, 772.0], [1109.0, 772.0, 