{"version": 15, "source_image": "Luculine.otf", "width": 2048, "height": 2048, "vector_format": "bezier_cubic", "strokes": [{"segments": [[1097.0, 681.0, 1097.0, 681.0, 1097.23876953125, 671.3870849609375, 1097.0, 672.0], [1097.0, 672.0, 1096.9053955078125, 672.2429809570312, 1095.8477783203125, 671.02880859375, 1096.0, 671.0], [1096.0, 671.0, 1096.1280517578125, 670.9757690429688, 1095.8477783203125, 669.97119140625, 1096.0, 670.0], [1096.0, 670.0, 1096.1810302734375, 670.0342407226562, 1097.1522216796875, 669.02880859375, 1097.0, 669.0], [1097.0, 669.0, 1096.8719482421875, 668.9757690429688, 1097.1522216796875, 667.97119140625, 1097.0, 668.0], [1097.0, 668.0, 1096.8189697265625, 668.0342407226562, 1095.8477783203125, 667.02880859375, 1096.0, 667.0], [1096.0, 667.0, 1096.1280517578125, 666.9757690429688, 1095.8477783203125, 665.97119140625, 1096.0, 666.0], [1096.0, 666.0, 1096.1810302734375, 666.0342407226562, 1097.27880859375, 666.7380981445312, 1097.0, 665.0], [1097.0, 665.0, 1095.5738525390625, 656.1097412109375, 1096.72119140625, 626.2619018554688, 1097.0, 628.0], [1097.0, 628.0, 1097.0545654296875, 628.3397827148438, 1098.280029296875, 628.7994995117188, 1098.0, 627.0], [1098.0, 627.0, 1096.529541015625, 617.5499877929688, 1098.280029296875, 586.2005004882812, 1098.0, 588.0], [1098.0, 588.0, 1097.9466552734375, 588.3426513671875, 1096.775634765625, 587.4292602539062, 1097.0, 587.0], [1097.0, 587.0, 1097.462158203125, 586.1158447265625, 1097.224365234375, 580.5707397460938, 1097.0, 581.0], [1097.0, 581.0, 1096.89111328125, 581.2083740234375, 1095.8023681640625, 580.20947265625, 1096.0, 580.0], [1096.0, 580.0, 1096.287841796875, 579.6949462890625, 1096.1976318359375, 576.79052734375, 1096.0, 577.0], [1096.0, 577.0, 1095.8642578125, 577.143798828125, 1094.8023681640625, 576.20947265625, 1095.0, 576.0], [1095.0, 576.0, 1095.287841796875, 575.6949462890625, 1095.1976318359375, 572.79052734375, 1095.0, 573.0], [1095.0, 573.0, 1094.8642578125, 573.143798828125, 1093.8189697265625, 572.1234741210938, 1094.0, 572.0], [1094.0, 572.0, 1094.21533203125, 571.8532104492188, 1094.1810302734375, 569.8765258789062, 1094.0, 570.0], [1094.0, 570.0, 1093.8477783203125, 570.1038208007812, 1093.02880859375, 568.8477172851562, 1093.0, 569.0], [1093.0, 569.0, 1092.975830078125, 569.1280517578125, 1091.97119140625, 569.1522827148438, 1092.0, 569.0], [1092.0, 569.0, 1092.0343017578125, 568.8189086914062, 1091.20947265625, 567.8023681640625, 1091.0, 568.0], [1091.0, 568.0, 1090.6949462890625, 568.287841796875, 1087.79052734375, 568.1976318359375, 1088.0, 568.0], [1088.0, 568.0, 1088.143798828125, 567.8643188476562, 1087.361083984375, 566.7824096679688, 1087.0, 567.0], [1087.0, 567.0, 1086.3211669921875, 567.4091796875, 1081.638916015625, 567.2175903320312, 1082.0, 567.0], [1082.0, 567.0, 1082.1920166015625, 566.88427734375, 1081.42919921875, 565.775634765625, 1081.0, 566.0], [1081.0, 566.0, 1080.1158447265625, 566.4622192382812, 1074.57080078125, 566.224365234375, 1075.0, 566.0], [1075.0, 566.0, 1075.2083740234375, 565.8910522460938, 1075.009765625, 564.7412719726562, 1074.0, 565.0], [1074.0, 565.0, 1070.4989013671875, 565.89697265625, 1055.990234375, 564.7412719726562, 1057.0, 565.0], [1057.0, 565.0, 1057.291259765625, 565.0746459960938, 1057.4049072265625, 566.271240234375, 1056.0, 566.0], [1056.0, 566.0, 1049.861328125, 564.8147583007812, 1027.5950927734375, 565.728759765625, 1029.0, 566.0], [1029.0, 566.0, 1029.321533203125, 566.0620727539062, 1029.3687744140625, 567.2703247070312, 1028.0, 567.0], [1028.0, 567.0, 1022.1312866210938, 565.841064453125, 1000.6312866210938, 566.7296752929688, 1002.0, 567.0], [1002.0, 567.0, 1002.3192138671875, 567.0630493164062, 1002.2562255859375, 568.26708984375, 1001.0, 568.0], [1001.0, 568.0, 995.933837890625, 566.9228515625, 976.7437744140625, 567.73291015625, 978.0, 568.0], [978.0, 568.0, 978.3115234375, 568.0662231445312, 977.5546875, 569.2346801757812, 977.0, 569.0], [977.0, 569.0, 975.6807861328125, 568.4418334960938, 968.4453125, 568.7653198242188, 969.0, 569.0], [969.0, 569.0, 969.2332153320312, 569.0986938476562, 968.6129150390625, 570.2387084960938, 968.0, 570.0], [968.0, 570.0, 966.4537963867188, 569.3978271484375, 958.3870849609375, 569.7612915039062, 959.0, 570.0], [959.0, 570.0, 959.2429809570312, 570.0946044921875, 958.2881469726562, 571.2090454101562, 958.0, 571.0], [958.0, 571.0, 957.515380859375, 570.6484375, 953.7118530273438, 570.7909545898438, 954.0, 571.0], [954.0, 571.0, 954.1713256835938, 571.124267578125, 953.1234741210938, 572.1810913085938, 953.0, 572.0], [953.0, 572.0, 952.8532104492188, 571.78466796875, 950.8765258789062, 571.8189086914062, 951.0, 572.0], [951.0, 572.0, 951.1038208007812, 572.1522827148438, 950.2881469726562, 573.2090454101562, 950.0, 573.0], [950.0, 573.0, 949.515380859375, 572.6484375, 945.7118530273438, 572.7909545898438, 946.0, 573.0], [946.0, 573.0, 946.1713256835938, 573.124267578125, 945.20947265625, 574.1976318359375, 945.0, 574.0], [945.0, 574.0, 944.6949462890625, 573.712158203125, 941.79052734375, 573.8023681640625, 942.0, 574.0], [942.0, 574.0, 942.143798828125, 574.1356811523438, 941.02880859375, 575.1522827148438, 941.0, 575.0], [941.0, 575.0, 940.9757690429688, 574.8719482421875, 940.03955078125, 574.7514038085938, 940.0, 575.0], [940.0, 575.0, 939.9334716796875, 575.4180908203125, 937.7514038085938, 577.03955078125, 938.0, 577.0], [938.0, 577.0, 938.1478271484375, 576.9765014648438, 938.1522827148438, 578.02880859375, 938.0, 578.0], [938.0, 578.0, 937.8189086914062, 577.9657592773438, 936.8477172851562, 578.97119140625, 937.0, 579.0], [937.0, 579.0, 937.1280517578125, 579.0242309570312, 937.1522827148438, 580.02880859375, 937.0, 580.0], [937.0, 580.0, 936.8189086914062, 579.9657592773438, 935.8189086914062, 580.8765258789062, 936.0, 581.0], [936.0, 581.0, 936.21533203125, 581.1467895507812, 936.1810913085938, 583.1234741210938, 936.0, 583.0], [936.0, 583.0, 935.8477172851562, 582.8961791992188, 934.7909545898438, 583.7118530273438, 935.0, 584.0], [935.0, 584.0, 935.3515625, 584.484619140625, 935.2090454101562, 588.2881469726562, 935.0, 588.0], [935.0, 588.0, 934.875732421875, 587.8286743164062, 933.8477172851562, 588.97119140625, 934.0, 589.0], [934.0, 589.0, 934.1280517578125, 589.0242309570312, 934.1522827148438, 590.02880859375, 934.0, 590.0], [934.0, 590.0, 933.8189086914062, 589.9657592773438, 932.775634765625, 590.5707397460938, 933.0, 591.0], [933.0, 591.0, 933.4622192382812, 591.8841552734375, 933.224365234375, 597.4292602539062, 933.0, 597.0], [933.0, 597.0, 932.8910522460938, 596.7916259765625, 931.775634765625, 597.5707397460938, 932.0, 598.0], [932.0, 598.0, 932.4622192382812, 598.8841552734375, 932.224365234375, 604.4292602539062, 932.0, 604.0], [932.0, 604.0, 931.8910522460938, 603.7916259765625, 930.7396240234375, 603.94677734375, 931.0, 605.0], [931.0, 605.0, 931.9288330078125, 608.757568359375, 931.2603759765625, 624.05322265625, 931.0, 623.0], [931.0, 623.0, 930.927001953125, 622.7047729492188, 929.754638671875, 623.2776489257812, 930.0, 624.0], [930.0, 624.0, 930.6842651367188, 626.0146484375, 930.245361328125, 635.7223510742188, 930.0, 635.0], [930.0, 635.0, 929.9120483398438, 634.740966796875, 928.7340698242188, 634.7826538085938, 929.0, 636.0], [929.0, 636.0, 930.048828125, 640.80126953125, 929.2659301757812, 659.2173461914062, 929.0, 658.0], [929.0, 658.0, 928.9325561523438, 657.6913452148438, 927.705810546875, 656.164794921875, 928.0, 659.0], [928.0, 659.0, 930.2128295898438, 680.3243408203125, 927.705810546875, 741.835205078125, 928.0, 739.0], [928.0, 739.0, 928.0391235351562, 738.623046875, 929.2826538085938, 738.052978515625, 929.0, 740.0], [929.0, 740.0, 927.42333984375, 750.8603515625, 928.7173461914062, 785.947021484375, 929.0, 784.0], [929.0, 784.0, 929.0506591796875, 783.6509399414062, 930.274658203125, 783.4560546875, 930.0, 785.0], [930.0, 785.0, 928.7140502929688, 792.2286987304688, 929.725341796875, 817.5439453125, 930.0, 816.0], 