{"version": 15, "source_image": "Luculine.otf", "width": 2048, "height": 2048, "vector_format": "bezier_cubic", "strokes": [{"segments": [[927.0, 570.0, 927.0, 570.0, 926.7340698242188, 593.2173461914062, 927.0, 592.0], [927.0, 592.0, 927.0674438476562, 591.6913452148438, 928.290771484375, 590.4815673828125, 928.0, 593.0], [928.0, 593.0, 926.0136108398438, 610.2044067382812, 927.709228515625, 661.5184326171875, 928.0, 659.0], [928.0, 659.0, 928.0425415039062, 658.63134765625, 929.28759765625, 657.7279663085938, 929.0, 660.0], [929.0, 660.0, 927.1900634765625, 674.297119140625, 928.71240234375, 718.2720336914062, 929.0, 716.0], [929.0, 716.0, 929.0457153320312, 715.638916015625, 930.2869262695312, 714.7797241210938, 930.0, 717.0], [930.0, 717.0, 928.2271118164062, 730.7199096679688, 929.7130737304688, 773.2202758789062, 930.0, 771.0], [930.0, 771.0, 930.0464477539062, 770.6406860351562, 931.2872924804688, 769.7537231445312, 931.0, 772.0], [931.0, 772.0, 929.20849609375, 786.00830078125, 930.7127075195312, 829.2462768554688, 931.0, 827.0], [931.0, 827.0, 931.0460815429688, 826.6398315429688, 932.2872924804688, 825.7537231445312, 932.0, 828.0], [932.0, 828.0, 930.20849609375, 842.00830078125, 931.7127075195312, 885.2462768554688, 932.0, 883.0], [932.0, 883.0, 932.0460815429688, 882.6398315429688, 933.2869262695312, 881.7797241210938, 933.0, 884.0], [933.0, 884.0, 931.2271118164062, 897.7199096679688, 932.7130737304688, 940.2202758789062, 933.0, 938.0], [933.0, 938.0, 933.0464477539062, 937.6406860351562, 934.2872924804688, 936.7537231445312, 934.0, 939.0], [934.0, 939.0, 932.20849609375, 953.00830078125, 933.7127075195312, 996.2462768554688, 934.0, 994.0], [934.0, 994.0, 934.0460815429688, 993.6398315429688, 935.2633056640625, 993.8629150390625, 935.0, 995.0], [935.0, 995.0, 934.009765625, 999.2760620117188, 935.0, 1015.0, 935.0, 1015.0]], "color_group_id": 0}, {"segments": [[928.0, 593.0, 928.0, 593.0, 927.7826538085938, 591.7340698242188, 929.0, 592.0], [929.0, 592.0, 933.80126953125, 593.048828125, 952.2173461914062, 592.2659301757812, 951.0, 592.0], [951.0, 592.0, 950.6913452148438, 591.9325561523438, 951.0804443359375, 590.7449951171875, 952.0, 591.0], [952.0, 591.0, 954.9948120117188, 591.83056640625, 967.9195556640625, 591.2550048828125, 967.0, 591.0], [967.0, 591.0, 966.7176513671875, 590.9216918945312, 967.5707397460938, 589.775634765625, 968.0, 590.0], [968.0, 590.0, 968.8841552734375, 590.4622192382812, 974.4292602539062, 590.224365234375, 974.0, 590.0], [974.0, 590.0, 973.7916259765625, 589.8910522460938, 974.4453125, 588.7653198242188, 975.0, 589.0], [975.0, 589.0, 976.3192138671875, 589.5581665039062, 983.5546875, 589.2346801757812, 983.0, 589.0], [983.0, 589.0, 982.7667846679688, 588.9013061523438, 982.9901733398438, 587.7412719726562, 984.0, 588.0], [984.0, 588.0, 987.5011596679688, 588.89697265625, 1002.0098266601562, 588.2587280273438, 1001.0, 588.0], [1001.0, 588.0, 1000.708740234375, 587.9253540039062, 1001.2776489257812, 586.754638671875, 1002.0, 587.0], [1002.0, 587.0, 1004.0146484375, 587.6842651367188, 1013.7223510742188, 587.245361328125, 1013.0, 587.0], [1013.0, 587.0, 1012.740966796875, 586.9120483398438, 1011.8858642578125, 585.7146606445312, 1014.0, 586.0], [1014.0, 586.0, 1026.570556640625, 587.6966552734375, 1066.1141357421875, 585.7146606445312, 1064.0, 586.0], [1064.0, 586.0, 1063.6444091796875, 586.0479736328125, 1064.5064697265625, 587.22998046875, 1065.0, 587.0], [1065.0, 587.0, 1066.09814453125, 586.4883422851562, 1072.4935302734375, 586.77001953125, 1072.0, 587.0], [1072.0, 587.0, 1071.7781982421875, 587.1033935546875, 1072.79052734375, 588.1976318359375, 1073.0, 588.0], [1073.0, 588.0, 1073.3050537109375, 587.712158203125, 1076.20947265625, 587.8023681640625, 1076.0, 588.0], [1076.0, 588.0, 1075.856201171875, 588.1356811523438, 1076.79052734375, 589.1976318359375, 1077.0, 589.0], [1077.0, 589.0, 1077.3050537109375, 588.712158203125, 1080.20947265625, 588.8023681640625, 1080.0, 589.0], [1080.0, 589.0, 1079.856201171875, 589.1356811523438, 1080.7119140625, 590.2090454101562, 1081.0, 590.0], [1081.0, 590.0, 1081.484619140625, 589.6484375, 1085.2880859375, 589.7909545898438, 1085.0, 590.0], [1085.0, 590.0, 1084.82861328125, 590.124267578125, 1085.8765869140625, 591.1810913085938, 1086.0, 591.0], [1086.0, 591.0, 1086.1468505859375, 590.78466796875, 1088.1234130859375, 590.8189086914062, 1088.0, 591.0], [1088.0, 591.0, 1087.896240234375, 591.1522827148438, 1088.97119140625, 592.1522827148438, 1089.0, 592.0], [1089.0, 592.0, 1089.024169921875, 591.8719482421875, 1090.02880859375, 591.8477172851562, 1090.0, 592.0], [1090.0, 592.0, 1089.9656982421875, 592.1810913085938, 1090.97119140625, 593.1522827148438, 1091.0, 593.0], [1091.0, 593.0, 1091.024169921875, 592.8719482421875, 1092.02880859375, 592.8477172851562, 1092.0, 593.0], [1092.0, 593.0, 1091.9656982421875, 593.1810913085938, 1093.1522216796875, 593.97119140625, 1093.0, 594.0], [1093.0, 594.0, 1092.8719482421875, 594.0242309570312, 1092.8477783203125, 595.02880859375, 1093.0, 595.0], [1093.0, 595.0, 1093.1810302734375, 594.9657592773438, 1094.1810302734375, 595.8765258789062, 1094.0, 596.0], [1094.0, 596.0, 1093.78466796875, 596.1467895507812, 1093.8189697265625, 598.1234741210938, 1094.0, 598.0], [1094.0, 598.0, 1094.1522216796875, 597.8961791992188, 1095.1976318359375, 598.79052734375, 1095.0, 599.0], [1095.0, 599.0, 1094.712158203125, 599.3050537109375, 1094.8023681640625, 602.20947265625, 1095.0, 602.0], [1095.0, 602.0, 1095.1357421875, 601.856201171875, 1096.208984375, 602.7118530273438, 1096.0, 603.0], [1096.0, 603.0, 1095.6484375, 603.484619140625, 1095.791015625, 607.2881469726562, 1096.0, 607.0], [1096.0, 607.0, 1096.124267578125, 606.8286743164062, 1097.1810302734375, 607.8765258789062, 1097.0, 608.0], [1097.0, 608.0, 1096.78466796875, 608.1467895507812, 1096.8189697265625, 610.1234741210938, 1097.0, 610.0], [1097.0, 610.0, 1097.1522216796875, 609.8961791992188, 1098.22998046875, 610.5064086914062, 1098.0, 611.0], [1098.0, 611.0, 1097.4884033203125, 612.09814453125, 1097.77001953125, 618.4935913085938, 1098.0, 618.0], [1098.0, 618.0, 1098.1033935546875, 617.7781372070312, 1099.2176513671875, 618.6389770507812, 1099.0, 619.0], [1099.0, 619.0, 1098.5908203125, 619.6788330078125, 1098.7823486328125, 624.3610229492188, 1099.0, 624.0], [1099.0, 624.0, 1099.11572265625, 623.8079833984375, 1100.2681884765625, 623.70556640625, 1100.0, 625.0], [1100.0, 625.0, 1098.89501953125, 630.3323974609375, 1099.7318115234375, 650.29443359375, 1100.0, 649.0], [1100.0, 649.0, 1100.0650634765625, 648.685791015625, 1101.2646484375, 648.8223876953125, 1101.0, 650.0], [1101.0, 650.0, 1099.9801025390625, 654.5379028320312, 1100.7353515625, 672.1776123046875, 1101.0, 671.0], [1101.0, 671.0, 1101.0687255859375, 670.6943969726562, 1102.3011474609375, 668.3129272460938, 1102.0, 672.0], [1102.0, 672.0, 1099.179931640625, 706.5250244140625, 1102.3011474609375, 799.6870727539062, 1102.0, 796.0], [1102.0, 796.0, 1101.9678955078125, 795.6062622070312, 1100.6968994140625, 793.008056640625, 1101.0, 797.0], [1101.0, 797.0, 1104.037109375, 837.001220703125, 1101.3031005859375, 942.991943359375, 1101.0, 939.0], [1101.0, 939.0, 1100.9697265625, 938.6016235351562, 1099.730712890625, 938.6680908203125, 1100.0, 940.0], [1100.0, 940.0, 1101.1322021484375, 945.5999145507812, 1100.269287109375, 966.3319091796875, 1100.0, 965.0], [1100.0, 965.0, 1099.9359130859375, 964.6832275390625, 1098.76123046875, 965.3870849609375, 1099.0, 966.0], [1099.0, 966.0, 1099.6021728515625, 967.5462036132812, 1099.23876953125, 975.6129150390625, 1099.0, 975.0], [1099.0, 975.0, 1098.9053955078125, 974.7570190429688, 1097.7823486328125, 975.6389770507812, 1098.0, 976.0], [1098.0, 976.0, 1098.4091796875, 976.6788330078125, 1098.2176513671875, 981.3610229492188, 1098.0, 981.0], [1098.0, 981.0, 1097.88427734375, 980.8079833984375, 1096.8023681640625, 981.79052734375, 1097.0, 982.0], [1097.0, 982.0, 1097.287841796875, 