{"version": 15, "source_image": "Luculine.otf", "width": 2048, "height": 2048, "vector_format": "bezier_cubic", "strokes": [{"segments": [[941.0, 791.0, 941.0, 791.0, 939.8477172851562, 792.3333129882812, 940.0, 792.0], [940.0, 792.0, 940.1280517578125, 791.7197265625, 940.0, 787.4254150390625, 940.0, 791.0], [940.0, 791.0, 940.0, 829.3333129882812, 940.300048828125, 909.5265502929688, 940.0, 906.0], [940.0, 906.0, 939.9667358398438, 905.6089477539062, 938.728759765625, 905.5950927734375, 939.0, 907.0], [939.0, 907.0, 940.1852416992188, 913.1386108398438, 939.271240234375, 935.4049072265625, 939.0, 934.0], [939.0, 934.0, 938.9379272460938, 933.678466796875, 937.7577514648438, 934.331298828125, 938.0, 935.0], [938.0, 935.0, 938.6441650390625, 936.7782592773438, 938.2422485351562, 945.668701171875, 938.0, 945.0], [938.0, 945.0, 937.9088745117188, 944.74853515625, 936.7653198242188, 945.4453125, 937.0, 946.0], [937.0, 946.0, 937.5581665039062, 947.3192138671875, 937.2346801757812, 954.5546875, 937.0, 954.0], [937.0, 954.0, 936.9013061523438, 953.7667846679688, 935.7518310546875, 954.2258911132812, 936.0, 955.0], [936.0, 955.0, 936.7228393554688, 957.2549438476562, 936.2481689453125, 967.7741088867188, 936.0, 967.0], [936.0, 967.0, 935.914794921875, 966.7342529296875, 934.7366943359375, 966.8629150390625, 935.0, 968.0], [935.0, 968.0, 935.990234375, 972.2760620117188, 935.2633056640625, 989.1370849609375, 935.0, 988.0], [935.0, 988.0, 934.9299926757812, 987.6976318359375, 933.8477172851562, 988.97119140625, 934.0, 989.0], [934.0, 989.0, 934.1280517578125, 989.0242309570312, 933.8477172851562, 990.02880859375, 934.0, 990.0], [934.0, 990.0, 934.1810913085938, 989.9657592773438, 935.2090454101562, 990.7118530273438, 935.0, 991.0], [935.0, 991.0, 934.6484375, 991.484619140625, 934.7909545898438, 995.2881469726562, 935.0, 995.0], [935.0, 995.0, 935.124267578125, 994.8286743164062, 936.1976318359375, 995.79052734375, 936.0, 996.0], [936.0, 996.0, 935.712158203125, 996.3050537109375, 935.8023681640625, 999.20947265625, 936.0, 999.0], [936.0, 999.0, 936.1356811523438, 998.856201171875, 937.1810913085938, 999.8765258789062, 937.0, 1000.0], [937.0, 1000.0, 936.78466796875, 1000.1467895507812, 936.8189086914062, 1002.1234741210938, 937.0, 1002.0], [937.0, 1002.0, 937.1522827148438, 1001.8961791992188, 938.1522827148438, 1002.97119140625, 938.0, 1003.0], [938.0, 1003.0, 937.8719482421875, 1003.0242309570312, 937.8477172851562, 1004.02880859375, 938.0, 1004.0], [938.0, 1004.0, 938.1810913085938, 1003.9657592773438, 938.97119140625, 1005.1522827148438, 939.0, 1005.0], [939.0, 1005.0, 939.0242309570312, 1004.8719482421875, 940.02880859375, 1004.8477172851562, 940.0, 1005.0], [940.0, 1005.0, 939.9657592773438, 1005.1810913085938, 940.8765258789062, 1006.1810913085938, 941.0, 1006.0], [941.0, 1006.0, 941.1467895507812, 1005.78466796875, 943.1234741210938, 1005.8189086914062, 943.0, 1006.0], [943.0, 1006.0, 942.8961791992188, 1006.1522827148438, 943.7118530273438, 1007.2090454101562, 944.0, 1007.0], [944.0, 1007.0, 944.484619140625, 1006.6484375, 948.2881469726562, 1006.7909545898438, 948.0, 1007.0], [948.0, 1007.0, 947.8286743164062, 1007.124267578125, 948.79052734375, 1008.1976318359375, 949.0, 1008.0], [949.0, 1008.0, 949.3050537109375, 1007.712158203125, 952.20947265625, 1007.8023681640625, 952.0, 1008.0], [952.0, 1008.0, 951.856201171875, 1008.1356811523438, 952.5707397460938, 1009.224365234375, 953.0, 1009.0], [953.0, 1009.0, 953.8841552734375, 1008.5377807617188, 959.4292602539062, 1008.775634765625, 959.0, 1009.0], [959.0, 1009.0, 958.7916259765625, 1009.1089477539062, 959.3870849609375, 1010.2387084960938, 960.0, 1010.0], [960.0, 1010.0, 961.5462036132812, 1009.3978271484375, 969.6129150390625, 1009.7612915039062, 969.0, 1010.0], [969.0, 1010.0, 968.7570190429688, 1010.0946044921875, 968.6312866210938, 1011.2703247070312, 970.0, 1011.0], [970.0, 1011.0, 975.8687133789062, 1009.841064453125, 997.3687133789062, 1010.7296752929688, 996.0, 1011.0], [996.0, 1011.0, 995.6807861328125, 1011.0630493164062, 995.7437744140625, 1012.26708984375, 997.0, 1012.0], [997.0, 1012.0, 1002.066162109375, 1010.9228515625, 1021.2562255859375, 1011.73291015625, 1020.0, 1012.0], [1020.0, 1012.0, 1019.6884765625, 1012.0662231445312, 1018.6771240234375, 1013.288330078125, 1021.0, 1013.0], [1021.0, 1013.0, 1035.875732421875, 1011.1536254882812, 1081.3228759765625, 1013.288330078125, 1079.0, 1013.0], [1079.0, 1013.0, 1078.6373291015625, 1012.9549560546875, 1079.2259521484375, 1011.7518310546875, 1080.0, 1012.0], [1080.0, 1012.0, 1082.2548828125, 1012.7228393554688, 1092.7740478515625, 1011.7518310546875, 1092.0, 1012.0], [1092.0, 1012.0, 1091.7342529296875, 1012.085205078125, 1092.97119140625, 1013.1522827148438, 1093.0, 1013.0], [1093.0, 1013.0, 1093.024169921875, 1012.8719482421875, 1094.0, 1013.0, 1094.0, 1013.0]],