{"version": 15, "source_image": "Luculine.otf", "width": 2048, "height": 2048, "vector_format": "bezier_cubic", "strokes": [{"segments": [[1085.0, 568.0, 1085.0, 568.0, 1077.5064697265625, 567.77001953125, 1078.0, 568.0], [1078.0, 568.0, 1078.2218017578125, 568.1033935546875, 1077.96533203125, 569.2569580078125, 1077.0, 569.0], [1077.0, 569.0, 1073.753173828125, 568.1357421875, 1060.03466796875, 568.7430419921875, 1061.0, 569.0], [1061.0, 569.0, 1061.2869873046875, 569.076416015625, 1061.009765625, 570.2587280273438, 1060.0, 570.0], [1060.0, 570.0, 1056.4989013671875, 569.10302734375, 1041.990234375, 569.7412719726562, 1043.0, 570.0], [1043.0, 570.0, 1043.291259765625, 570.0746459960938, 1043.0955810546875, 571.2619018554688, 1042.0, 571.0], [1042.0, 571.0, 1037.984130859375, 570.0401000976562, 1021.9043579101562, 570.7380981445312, 1023.0, 571.0], [1023.0, 571.0, 1023.2988891601562, 571.0714721679688, 1023.0956420898438, 572.2619018554688, 1022.0, 572.0], [1022.0, 572.0, 1017.9840698242188, 571.0401000976562, 1001.9043579101562, 571.7380981445312, 1003.0, 572.0], [1003.0, 572.0, 1003.2988891601562, 572.0714721679688, 1003.05322265625, 573.2603759765625, 1002.0, 573.0], [1002.0, 573.0, 998.242431640625, 572.0711669921875, 982.94677734375, 572.7396240234375, 984.0, 573.0], [984.0, 573.0, 984.2952270507812, 573.072998046875, 983.7223510742188, 574.245361328125, 983.0, 574.0], [983.0, 574.0, 980.9853515625, 573.3157348632812, 971.2776489257812, 573.754638671875, 972.0, 574.0], [972.0, 574.0, 972.259033203125, 574.0879516601562, 971.4935913085938, 575.22998046875, 971.0, 575.0], [971.0, 575.0, 969.90185546875, 574.4883422851562, 963.5064086914062, 574.77001953125, 964.0, 575.0], [964.0, 575.0, 964.2218627929688, 575.1033935546875, 963.2881469726562, 576.2090454101562, 963.0, 576.0], [963.0, 576.0, 962.515380859375, 575.6484375, 958.7118530273438, 575.7909545898438, 959.0, 576.0], [959.0, 576.0, 959.1713256835938, 576.124267578125, 958.1234741210938, 577.1810913085938, 958.0, 577.0], [958.0, 577.0, 957.8532104492188, 576.78466796875, 955.8765258789062, 576.8189086914062, 956.0, 577.0], [956.0, 577.0, 956.1038208007812, 577.1522827148438, 955.02880859375, 578.1522827148438, 955.0, 578.0], [955.0, 578.0, 954.9757690429688, 577.8719482421875, 953.97119140625, 577.8477172851562, 954.0, 578.0], [954.0, 578.0, 954.0342407226562, 578.1810913085938, 953.20947265625, 579.1976318359375, 953.0, 579.0], [953.0, 579.0, 952.6949462890625, 578.712158203125, 949.79052734375, 578.8023681640625, 950.0, 579.0], [950.0, 579.0, 950.143798828125, 579.1356811523438, 949.02880859375, 580.1522827148438, 949.0, 580.0], [949.0, 580.0, 948.9757690429688, 579.8719482421875, 947.97119140625, 579.8477172851562, 948.0, 580.0], [948.0, 580.0, 948.0342407226562, 580.1810913085938, 946.8189086914062, 580.8765258789062, 947.0, 581.0], [947.0, 581.0, 947.21533203125, 581.1467895507812, 947.3045043945312, 583.0576171875, 947.0, 583.0], [947.0, 583.0, 946.6378784179688, 582.9314575195312, 944.6954956054688, 584.9423828125, 945.0, 585.0], [945.0, 585.0, 945.256103515625, 585.0484619140625, 945.1810913085938, 587.1234741210938, 945.0, 587.0], [945.0, 587.0, 944.8477172851562, 586.8961791992188, 943.8189086914062, 587.8765258789062, 944.0, 588.0], [944.0, 588.0, 944.21533203125, 588.1467895507812, 944.1810913085938, 590.1234741210938, 944.0, 590.0], [944.0, 590.0, 943.8477172851562, 589.8961791992188, 942.8477172851562, 590.97119140625, 943.0, 591.0], [943.0, 591.0, 943.1280517578125, 591.0242309570312, 943.1522827148438, 592.02880859375, 943.0, 592.0], [943.0, 592.0, 942.8189086914062, 591.9657592773438, 941.7824096679688, 592.6389770507812, 942.0, 593.0], [942.0, 593.0, 942.4091796875, 593.6788330078125, 942.2175903320312, 598.3610229492188, 942.0, 598.0], [942.0, 598.0, 941.88427734375, 597.8079833984375, 940.8023681640625, 598.79052734375, 941.0, 599.0], [941.0, 599.0, 941.287841796875, 599.3050537109375, 941.1976318359375, 602.20947265625, 941.0, 602.0], [941.0, 602.0, 940.8643188476562, 601.856201171875, 939.775634765625, 602.5707397460938, 940.0, 603.0], [940.0, 603.0, 940.4622192382812, 603.8841552734375, 940.224365234375, 609.4292602539062, 940.0, 609.0], [940.0, 609.0, 939.8910522460938, 608.7916259765625, 938.7518310546875, 609.2258911132812, 939.0, 610.0], [939.0, 610.0, 939.7228393554688, 612.2549438476562, 939.2481689453125, 622.7741088867188, 939.0, 622.0], [939.0, 622.0, 938.914794921875, 621.7342529296875, 937.7045288085938, 620.0371704101562, 938.0, 623.0], [938.0, 623.0, 940.303955078125, 646.1044921875, 937.7045288085938, 711.9628295898438, 938.0, 709.0], [938.0, 709.0, 938.0379028320312, 708.6200561523438, 939.307373046875, 705.1641235351562, 939.0, 710.0], [939.0, 710.0, 935.3632202148438, 767.219970703125, 938.692626953125, 912.8358154296875, 939.0, 908.0], [939.0, 908.0, 939.0260009765625, 907.59130859375, 940.2998046875, 905.5099487304688, 940.0, 909.0], [940.0, 909.0, 937.3201904296875, 940.197021484375, 940.0, 1022.0, 940.0, 1022.0]], "color_group_id": 0}, {"segments": [[1027.0, 773.0, 1027.0, 773.0, 1025.97119140625, 773.1522827148438, 1026.0, 773.0], [1026.0, 773.0, 1026.0343017578125, 772.8189086914062, 1025.668701171875, 771.7577514648438, 1025.0, 772.0], [1025.0, 772.0, 1023.2217407226562, 772.6441650390625, 1014.331298828125, 771.7577514648438, 1015.0, 772.0], [1015.0, 772.0, 1015.25146484375, 772.0911254882812, 1015.2562255859375, 773.26708984375, 1014.0, 773.0], [1014.0, 773.0, 1008.933837890625, 771.9228515625, 989.7437744140625, 772.73291015625, 991.0, 773.0], [991.0, 773.0, 991.3115234375, 773.0662231445312, 991.4755249023438, 774.2730102539062, 990.0, 774.0], [990.0, 774.0, 983.3182983398438, 772.7636108398438, 959.5244750976562, 773.7269897460938, 961.0, 774.0], [961.0, 774.0, 961.3258666992188, 774.060302734375, 961.1776123046875, 775.2646484375, 960.0, 775.0], [960.0, 775.0, 955.4620971679688, 773.9801635742188, 939.0, 775.0, 939.0, 775.0]], "color_group_id": 0}, {"segments": [[939.0, 774.0, 939.0, 774.0, 940.3333129882812, 775.0, 940.0, 775.0], [940.0, 775.0, 939.6666870117188, 775.0, 939.0, 776.0, 939.0, 776.0]], "color_group_id": 0}], "stats": {"curves": 3, "segments": 58, "char": "F", "converter": "pillow_fill_skimage_skeleton_imagevectorizer"}}