{"version": 14, "source_image": "FontPngs\\0046.png", "width": 2048, "height": 2048, "vector_format": "bezier_cubic", "strokes": [{"segments": [[953.0, 665.0, 952.8189086914062, 664.9657592773438, 951.6666870117188, 666.4810180664062, 952.0, 666.0], [952.0, 666.0, 952.4191284179688, 665.3952026367188, 953.3333129882812, 663.5189819335938, 953.0, 664.0], [953.0, 664.0, 952.7349243164062, 664.3825073242188, 951.8477172851562, 664.97119140625, 952.0, 665.0], [952.0, 665.0, 952.1280517578125, 665.0242309570312, 952.1522827148438, 666.02880859375, 952.0, 666.0], [952.0, 666.0, 951.8189086914062, 665.9657592773438, 950.8477172851562, 666.97119140625, 951.0, 667.0], [951.0, 667.0, 951.1280517578125, 667.0242309570312, 951.1522827148438, 668.02880859375, 951.0, 668.0], [951.0, 668.0, 950.8189086914062, 667.9657592773438, 949.8023681640625, 668.79052734375, 950.0, 669.0], [950.0, 669.0, 950.287841796875, 669.3050537109375, 950.1976318359375, 672.20947265625, 950.0, 672.0], [950.0, 672.0, 949.8643188476562, 671.856201171875, 948.8189086914062, 672.8765258789062, 949.0, 673.0], [949.0, 673.0, 949.21533203125, 673.1467895507812, 949.1810913085938, 675.1234741210938, 949.0, 675.0], [949.0, 675.0, 948.8477172851562, 674.8961791992188, 947.7909545898438, 675.7118530273438, 948.0, 676.0], [948.0, 676.0, 948.3515625, 676.484619140625, 948.2090454101562, 680.2881469726562, 948.0, 680.0], [948.0, 680.0, 947.875732421875, 679.8286743164062, 946.7824096679688, 680.6389770507812, 947.0, 681.0], [947.0, 681.0, 947.4091796875, 681.6788330078125, 947.2175903320312, 686.3610229492188, 947.0, 686.0], [947.0, 686.0, 946.88427734375, 685.8079833984375, 945.7653198242188, 686.4453125, 946.0, 687.0], [946.0, 687.0, 946.5581665039062, 688.3192138671875, 946.2346801757812, 695.5546875, 946.0, 695.0], [946.0, 695.0, 945.9013061523438, 694.7667846679688, 944.7146606445312, 693.8858642578125, 945.0, 696.0], [945.0, 696.0, 946.6966552734375, 708.570556640625, 944.7146606445312, 748.1141357421875, 945.0, 746.0], [945.0, 746.0, 945.0479736328125, 745.6444702148438, 946.2659301757812, 745.7826538085938, 946.0, 747.0], [946.0, 747.0, 944.951171875, 751.80126953125, 945.7340698242188, 770.2173461914062, 946.0, 769.0], [946.0, 769.0, 946.0674438476562, 768.6913452148438, 947.274658203125, 768.4560546875, 947.0, 770.0], [947.0, 770.0, 945.7140502929688, 777.2286987304688, 946.725341796875, 802.5439453125, 947.0, 801.0], [947.0, 801.0, 947.0586547851562, 800.6702270507812, 948.26708984375, 800.7437744140625, 948.0, 802.0], [948.0, 802.0, 946.9228515625, 807.066162109375, 947.3004760742188, 826.6038818359375, 948.0, 825.0], [948.0, 825.0, 948.3004760742188, 824.3111572265625, 951.8164672851562, 828.8164672851562, 951.0, 828.0], [951.0, 828.0, 950.3333129882812, 827.3333129882812, 948.7514038085938, 825.5423583984375, 949.0, 826.0], [949.0, 826.0, 949.1478271484375, 826.2720947265625, 948.8333129882812, 827.1666870117188, 949.0, 827.0], [949.0, 827.0, 949.1666870117188, 826.8333129882812, 950.02880859375, 826.8477172851562, 950.0, 827.0], [950.0, 827.0, 949.9657592773438, 827.1810913085938, 951.0, 828.3333129882812, 951.0, 828.0], [951.0, 828.0, 951.0, 827.6666870117188, 950.8223876953125, 826.7353515625, 952.0, 827.0], [952.0, 827.0, 956.5379028320312, 828.0198364257812, 974.1776123046875, 827.2646484375, 973.0, 827.0], [973.0, 827.0, 972.6943969726562, 826.9313354492188, 972.052978515625, 825.7173461914062, 974.0, 826.0], [974.0, 826.0, 984.8603515625, 827.57666015625, 1019.947021484375, 826.2826538085938, 1018.0, 826.0], [1018.0, 826.0, 1017.6509399414062, 825.9493408203125, 1017.8629150390625, 824.7366943359375, 1019.0, 825.0], [1019.0, 825.0, 1023.2760620117188, 825.990234375, 1040.1370849609375, 825.2633056640625, 1039.0, 825.0], [1039.0, 825.0, 1038.6976318359375, 824.9299926757812, 1039.0804443359375, 823.7449951171875, 1040.0, 824.0], [1040.0, 824.0, 1042.994873046875, 824.83056640625, 1055.9195556640625, 824.2550048828125, 1055.0, 824.0], [1055.0, 824.0, 1054.7176513671875, 823.9216918945312, 1055.0804443359375, 822.7449951171875, 1056.0, 823.0], [1056.0, 823.0, 1058.994873046875, 823.83056640625, 1071.9195556640625, 823.2550048828125, 1071.0, 823.0], [1071.0, 823.0, 1070.7176513671875, 822.9216918945312, 1071.331298828125, 821.7577514648438, 1072.0, 822.0], [1072.0, 822.0, 1073.7781982421875, 822.6441650390625, 1082.668701171875, 822.2422485351562, 1082.0, 822.0], [1082.0, 822.0, 1081.74853515625, 821.9088745117188, 1082.1759033203125, 820.7493286132812, 1083.0, 821.0], [1083.0, 821.0, 1085.4986572265625, 821.7599487304688, 1096.8240966796875, 820.7493286132812, 1096.0, 821.0], [1096.0, 821.0, 1095.7281494140625, 821.0827026367188, 1097.0, 822.0, 1097.0, 822.0]]}, {"segments": [[951.0, 862.0, 951.0564575195312, 861.6649169921875, 952.2754516601562, 861.4225463867188, 952.0, 863.0], [952.0, 863.0, 950.6898193359375, 870.5036010742188, 951.7245483398438, 896.5774536132812, 952.0, 895.0], [952.0, 895.0, 952.0579223632812, 894.6683959960938, 953.2481689453125, 895.2258911132812, 953.0, 896.0], [953.0, 896.0, 952.2771606445312, 898.2549438476562, 952.7518310546875, 908.7741088867188, 953.0, 908.0], [953.0, 908.0, 953.085205078125, 907.7342529296875, 954.2506713867188, 908.1759033203125, 954.0, 909.0], [954.0, 909.0, 953.2400512695312, 911.4985961914062, 953.7493286132812, 922.8240966796875, 954.0, 922.0], [954.0, 922.0, 954.0827026367188, 921.7282104492188, 955.2506713867188, 922.1759033203125, 955.0, 923.0], [955.0, 923.0, 954.2400512695312, 925.4985961914062, 954.7493286132812, 936.8240966796875, 955.0, 936.0], [955.0, 936.0, 955.0827026367188, 935.7282104492188, 956.2506713867188, 936.1759033203125, 956.0, 937.0], [956.0, 937.0, 955.2400512695312, 939.4985961914062, 955.7493286132812, 950.8240966796875, 956.0, 950.0], [956.0, 950.0, 956.0827026367188, 949.7282104492188, 957.2506713867188, 950.1759033203125, 957.0, 951.0], [957.0, 951.0, 956.2400512695312, 953.4985961914062, 956.7493286132812, 964.8240966796875, 957.0, 964.0], [957.0, 964.0, 957.0827026367188, 963.7282104492188, 958.2387084960938, 964.3870849609375, 958.0, 965.0], [958.0, 965.0, 957.3978271484375, 966.5462036132812, 957.7612915039062, 974.6129150390625, 958.0, 974.0], [958.0, 974.0, 958.0946044921875, 973.7570190429688, 959.1810913085938, 974.8765258789062, 959.0, 975.0], [959.0, 975.0, 958.78466796875, 975.1467895507812, 958.8189086914062, 977.1234741210938, 959.0, 977.0], [959.0, 977.0, 959.1522827148438, 976.8961791992188, 960.2175903320312, 977.6389770507812, 960.0, 978.0], [960.0, 978.0, 959.5908203125, 978.6788330078125, 959.7824096679688, 983.3610229492188, 960.0, 983.0], [960.0, 983.0, 960.11572265625, 982.8079833984375, 961.224365234375, 983.5707397460938, 961.0, 984.0], [961.0, 984.0, 960.5377807617188, 984.8841552734375, 961.0, 990.0, 961.0, 990.0]]}, {"segments": [[1116.0, 663.0, 1116.1666259765625, 662.8333129882812, 1115.77001953125, 661.4367065429688, 1116.0, 662.0], [1116.0, 662.0, 1116.4366455078125, 663.0696411132812, 1118.22998046875, 665.5632934570312, 1118.0, 665.0], [1118.0, 665.0, 1117.87890625, 664.7033081054688, 1118.24853515625, 664.03955078125, 1118.0, 664.0], [1118.0, 664.0, 1117.5819091796875, 663.9334716796875, 1115.9190673828125, 661.9191284179688, 1116.0, 662.0], [1116.0, 662.0, 1116.0572509765625, 662.0571899414062, 1115.1234130859375, 660.8189086914062, 1115.0, 661.0], [1115.0, 661.0, 1114.8531494140625, 661.21533203125, 1112.8765869140625, 661.1810913085938, 1113.0, 661.0], [1113.0, 661.0, 1113.103759765625, 660.8477172851562, 1112.20947265625, 659.8023681640625, 1112.0, 660.0], [1112.0, 660.0, 1111.6949462890625, 660.287841796875, 1108.79052734375, 660.1976318359375, 1109.0, 660.0], [1109.0, 660.0, 1109.143798828125, 659.8643188476562, 1108.361083984375, 658.7824096679688, 1108.0, 659.0], [1108.0, 659.0, 1107.3211669921875, 659.4091796875, 1102.638916015625, 659.2175903320312, 1103.0, 659.0], [1103.0, 659.0, 1103.1920166015625, 658.88427734375, 1102.361083984375, 657.7824096679688, 