{"version": 15, "source_image": "Luculine.otf", "width": 2048, "height": 2048, "vector_format": "bezier_cubic", "strokes": [{"segments": [[1085.0, 667.0, 1085.0, 667.0, 1086.276123046875, 667.6104125976562, 1086.0, 666.0], [1086.0, 666.0, 1084.666015625, 658.2206420898438, 1085.723876953125, 631.3895874023438, 1086.0, 633.0], [1086.0, 633.0, 1086.05712890625, 633.3333740234375, 1087.27392578125, 633.510009765625, 1087.0, 632.0], [1087.0, 632.0, 1085.7386474609375, 625.0452880859375, 1086.72607421875, 600.489990234375, 1087.0, 602.0], [1087.0, 602.0, 1087.0594482421875, 602.3278198242188, 1088.274658203125, 602.5439453125, 1088.0, 601.0], [1088.0, 601.0, 1086.7139892578125, 593.7713012695312, 1088.274658203125, 568.4560546875, 1088.0, 570.0], [1088.0, 570.0, 1087.9412841796875, 570.3297729492188, 1086.791015625, 569.2881469726562, 1087.0, 569.0], [1087.0, 569.0, 1087.3515625, 568.515380859375, 1087.208984375, 564.7118530273438, 1087.0, 565.0], [1087.0, 565.0, 1086.875732421875, 565.1713256835938, 1085.8189697265625, 564.1234741210938, 1086.0, 564.0], [1086.0, 564.0, 1086.21533203125, 563.8532104492188, 1086.1810302734375, 561.8765258789062, 1086.0, 562.0], [1086.0, 562.0, 1085.8477783203125, 562.1038208007812, 1084.8477783203125, 561.02880859375, 1085.0, 561.0], [1085.0, 561.0, 1085.1280517578125, 560.9757690429688, 1085.24853515625, 560.03955078125, 1085.0, 560.0], [1085.0, 560.0, 1084.5819091796875, 559.9334716796875, 1083.0576171875, 557.6954956054688, 1083.0, 558.0], [1083.0, 558.0, 1082.9515380859375, 558.256103515625, 1080.8765869140625, 558.1810913085938, 1081.0, 558.0], [1081.0, 558.0, 1081.103759765625, 557.8477172851562, 1080.20947265625, 556.8023681640625, 1080.0, 557.0], [1080.0, 557.0, 1079.6949462890625, 557.287841796875, 1076.79052734375, 557.1976318359375, 1077.0, 557.0], [1077.0, 557.0, 1077.143798828125, 556.8643188476562, 1076.361083984375, 555.7824096679688, 1076.0, 556.0], [1076.0, 556.0, 1075.3211669921875, 556.4091796875, 1070.638916015625, 556.2175903320312, 1071.0, 556.0], [1071.0, 556.0, 1071.1920166015625, 555.88427734375, 1071.29443359375, 554.7317504882812, 1070.0, 555.0], [1070.0, 555.0, 1064.6676025390625, 556.10498046875, 1044.70556640625, 554.7317504882812, 1046.0, 555.0], [1046.0, 555.0, 1046.314208984375, 555.0651245117188, 1046.1370849609375, 556.2633056640625, 1045.0, 556.0], [1045.0, 556.0, 1040.723876953125, 555.009765625, 1023.8629150390625, 555.7366943359375, 1025.0, 556.0], [1025.0, 556.0, 1025.3023681640625, 556.0700073242188, 1025.1776123046875, 557.2646484375, 1024.0, 557.0], [1024.0, 557.0, 1019.4620971679688, 555.9801635742188, 1001.8223876953125, 556.7353515625, 1003.0, 557.0], [1003.0, 557.0, 1003.3056030273438, 557.0686645507812, 1002.7223510742188, 558.245361328125, 1002.0, 558.0], [1002.0, 558.0, 999.9853515625, 557.3157348632812, 990.2776489257812, 557.754638671875, 991.0, 558.0], [991.0, 558.0, 991.259033203125, 558.0879516601562, 990.668701171875, 559.2422485351562, 990.0, 559.0], [990.0, 559.0, 988.2217407226562, 558.3558349609375, 979.331298828125, 558.7577514648438, 980.0, 559.0], [980.0, 559.0, 980.25146484375, 559.0911254882812, 979.1234741210938, 560.1810913085938, 979.0, 560.0], [979.0, 560.0, 978.8532104492188, 559.78466796875, 976.8765258789062, 559.8189086914062, 977.0, 560.0], [977.0, 560.0, 977.1038208007812, 560.1522827148438, 976.3610229492188, 561.2175903320312, 976.0, 561.0], [976.0, 561.0, 975.3211669921875, 560.5908203125, 970.6389770507812, 560.7824096679688, 971.0, 561.0], [971.0, 561.0, 971.1920166015625, 561.11572265625, 970.2881469726562, 562.2090454101562, 970.0, 562.0], [970.0, 562.0, 969.515380859375, 561.6484375, 965.7118530273438, 561.7909545898438, 966.0, 562.0], [966.0, 562.0, 966.1713256835938, 562.124267578125, 965.20947265625, 563.1976318359375, 965.0, 563.0], [965.0, 563.0, 964.6949462890625, 562.712158203125, 961.79052734375, 562.8023681640625, 962.0, 563.0], [962.0, 563.0, 962.143798828125, 563.1356811523438, 961.02880859375, 564.1522827148438, 961.0, 564.0], [961.0, 564.0, 960.9757690429688, 563.8719482421875, 959.97119140625, 563.8477172851562, 960.0, 564.0], [960.0, 564.0, 960.0342407226562, 564.1810913085938, 959.02880859375, 565.1522827148438, 959.0, 565.0], [959.0, 565.0, 958.9757690429688, 564.8719482421875, 957.97119140625, 564.8477172851562, 958.0, 565.0], [958.0, 565.0, 958.0342407226562, 565.1810913085938, 957.02880859375, 566.1522827148438, 957.0, 566.0], [957.0, 566.0, 956.9757690429688, 565.8719482421875, 956.1599731445312, 565.6053466796875, 956.0, 566.0], [956.0, 566.0, 955.6194458007812, 566.9386596679688, 951.6053466796875, 570.1599731445312, 952.0, 570.0], [952.0, 570.0, 952.1659545898438, 569.9327392578125, 952.1522827148438, 571.02880859375, 952.0, 571.0], [952.0, 571.0, 951.8189086914062, 570.9657592773438, 950.8477172851562, 571.97119140625, 951.0, 572.0], [951.0, 572.0, 951.1280517578125, 572.0242309570312, 951.1522827148438, 573.02880859375, 951.0, 573.0], [951.0, 573.0, 950.8189086914062, 572.9657592773438, 949.8477172851562, 573.97119140625, 950.0, 574.0], [950.0, 574.0, 950.1280517578125, 574.0242309570312, 950.1522827148438, 575.02880859375, 950.0, 575.0], [950.0, 575.0, 949.8189086914062, 574.9657592773438, 948.8189086914062, 575.8765258789062, 949.0, 576.0], [949.0, 576.0, 949.21533203125, 576.1467895507812, 949.1810913085938, 578.1234741210938, 949.0, 578.0], [949.0, 578.0, 948.8477172851562, 577.8961791992188, 947.7909545898438, 578.7118530273438, 948.0, 579.0], [948.0, 579.0, 948.3515625, 579.484619140625, 948.2090454101562, 583.2881469726562, 948.0, 583.0], [948.0, 583.0, 947.875732421875, 582.8286743164062, 946.7824096679688, 583.6389770507812, 947.0, 584.0], [947.0, 584.0, 947.4091796875, 584.6788330078125, 947.2175903320312, 589.3610229492188, 947.0, 589.0], [947.0, 589.0, 946.88427734375, 588.8079833984375, 945.7653198242188, 589.4453125, 946.0, 590.0], [946.0, 590.0, 946.5581665039062, 591.3192138671875, 946.2346801757812, 598.5546875, 946.0, 598.0], [946.0, 598.0, 945.9013061523438, 597.7667846679688, 944.7340698242188, 597.7826538085938, 945.0, 599.0], [945.0, 599.0, 946.048828125, 603.80126953125, 945.2659301757812, 622.2173461914062, 945.0, 621.0], [945.0, 621.0, 944.9325561523438, 620.6913452148438, 943.6898193359375, 616.4312744140625, 944.0, 622.0], [944.0, 622.0, 948.1570434570312, 696.6306762695312, 944.3101806640625, 881.5687866210938, 944.0, 876.0], [944.0, 876.0, 943.9768676757812, 875.58447265625, 942.7317504882812, 875.70556640625, 943.0, 877.0], [943.0, 877.0, 944.10498046875, 882.3323974609375, 943.2682495117188, 902.29443359375, 943.0, 901.0], [943.0, 901.0, 942.9348754882812, 900.685791015625, 941.73291015625, 900.7437744140625, 942.0, 902.0], [942.0, 902.0, 943.0771484375, 907.066162109375, 942.26708984375, 926.2562255859375, 942.0, 925.0], [942.0, 925.0, 941.9337768554688, 924.6884765625, 940.73291015625, 924.7437744140625, 941.0, 926.0], [941.0, 926.0, 942.0771484375, 931.066162109375, 941.26708984375, 950.2562255859375, 941.0, 949.0], [941.0, 949.0, 940.9337768554688, 948.6884765625, 939.7396240234375, 948.94677734375, 940.0, 950.0], [940.0, 950.0, 940.9288330078125, 953.757568359375, 940.2603759765625, 969.05322265625, 940.0, 968.0], [940.0, 968.0, 939.927001953125, 967.7047729492188, 938.7470703125, 968.12744140625, 939.0, 969.0], [939.0, 969.0, 939.7958374023438, 971.745361328125, 938.7470703125, 983.87255859375, 939.0, 983.0], [939.0, 983.0, 939.0803833007812, 982.72265625, 940.2090454101562, 983.7118530273438, 940.0, 984.0], [940.0, 984.0, 939.6484375, 984.484619140625, 939.7909545898438, 988.2881469726562, 940.0, 988.0], [940.0, 988.0, 940.124267578125, 987.8286743164062, 941.1976318359375, 988.79052734375, 941.0, 989.0], [941.0, 989.0, 940.712158203125, 989.3050537109375, 940.8023681640625, 992.20947265625, 941.0, 992.0], [941.0, 992.0, 941.1356811523438, 991.856201171875, 942.1810913085938, 992.8765258789062, 942.0, 993.0], [942.0, 993.0, 941.78466796875, 993.1467895507812, 