{"version": 14, "source_image": "FontPngs\\0048.png", "width": 2048, "height": 2048, "vector_format": "bezier_cubic", "strokes": [{"segments": [[1121.0, 851.0, 1121.3333740234375, 851.0, 1122.3333740234375, 851.1522827148438, 1122.0, 851.0], [1122.0, 851.0, 1121.6036376953125, 850.8189086914062, 1120.8966064453125, 849.2067260742188, 1121.0, 850.0], [1121.0, 850.0, 1121.1962890625, 851.50634765625, 1120.128662109375, 855.5115356445312, 1120.0, 855.0], [1120.0, 855.0, 1119.9429931640625, 854.7734375, 1119.0, 855.0, 1119.0, 855.0], [1119.0, 855.0, 1119.0, 855.0, 1119.5826416015625, 855.0, 1118.0, 855.0], [1118.0, 855.0, 1107.742919921875, 855.0, 1074.1109619140625, 854.7183227539062, 1076.0, 855.0], [1076.0, 855.0, 1076.3466796875, 855.0516967773438, 1076.6104736328125, 856.2761840820312, 1075.0, 856.0], [1075.0, 856.0, 1067.2205810546875, 854.6659545898438, 1040.3895263671875, 855.7238159179688, 1042.0, 856.0], [1042.0, 856.0, 1042.3333740234375, 856.0571899414062, 1042.1776123046875, 857.2646484375, 1041.0, 857.0], [1041.0, 857.0, 1036.462158203125, 855.9801635742188, 1018.8223876953125, 856.7353515625, 1020.0, 857.0], [1020.0, 857.0, 1020.3056030273438, 857.0686645507812, 1020.1776123046875, 858.2646484375, 1019.0, 858.0], [1019.0, 858.0, 1014.4620971679688, 856.9801635742188, 996.8223876953125, 857.7353515625, 998.0, 858.0], [998.0, 858.0, 998.3056030273438, 858.0686645507812, 999.1141357421875, 859.2853393554688, 997.0, 859.0], [997.0, 859.0, 984.429443359375, 857.3033447265625, 944.8858642578125, 858.7146606445312, 947.0, 859.0], [947.0, 859.0, 947.3555297851562, 859.0479736328125, 947.05322265625, 860.2603759765625, 946.0, 860.0], [946.0, 860.0, 942.242431640625, 859.0711669921875, 927.1253051757812, 860.0, 928.0, 860.0], [928.0, 860.0, 928.2061767578125, 860.0, 926.6666870117188, 860.0, 927.0, 860.0], [927.0, 860.0, 927.3333129882812, 860.0, 928.4576416015625, 859.7514038085938, 928.0, 860.0], [928.0, 860.0, 927.2303466796875, 860.4180908203125, 925.96044921875, 862.2485961914062, 926.0, 862.0], [926.0, 862.0, 926.0234985351562, 861.8521728515625, 925.0808715820312, 862.0, 925.0, 862.0], [925.0, 862.0, 924.8856201171875, 862.0, 922.8765258789062, 861.8189086914062, 923.0, 862.0], [923.0, 862.0, 923.1038208007812, 862.1522827148438, 922.1234741210938, 863.1810913085938, 922.0, 863.0], [922.0, 863.0, 921.8532104492188, 862.78466796875, 919.8765258789062, 863.1810913085938, 920.0, 863.0], [920.0, 863.0, 920.1038208007812, 862.8477172851562, 919.1234741210938, 861.8189086914062, 919.0, 862.0], [919.0, 862.0, 918.8532104492188, 862.21533203125, 916.8765258789062, 861.8189086914062, 917.0, 862.0], [917.0, 862.0, 917.1038208007812, 862.1522827148438, 916.02880859375, 863.1522827148438, 916.0, 863.0], [916.0, 863.0, 915.9757690429688, 862.8719482421875, 914.97119140625, 863.1522827148438, 915.0, 863.0], [915.0, 863.0, 915.0342407226562, 862.8189086914062, 914.02880859375, 861.8477172851562, 914.0, 862.0], [914.0, 862.0, 913.9757690429688, 862.1280517578125, 912.97119140625, 861.8477172851562, 913.0, 862.0], [913.0, 862.0, 913.0342407226562, 862.1810913085938, 912.7741088867188, 863.2481689453125, 912.0, 863.0], [912.0, 863.0, 909.7450561523438, 862.2771606445312, 900.0, 863.0, 900.0, 863.0]]}, {"segments": [[928.0, 860.0, 927.0578002929688, 860.0826416015625, 924.409912109375, 862.0517578125, 925.0, 862.0], [925.0, 862.0, 925.3695678710938, 861.9675903320312, 926.1522827148438, 863.3333129882812, 926.0, 863.0], [926.0, 863.0, 925.8719482421875, 862.7197265625, 926.0, 859.5963134765625, 926.0, 862.0], [926.0, 862.0, 926.0, 879.3333129882812, 925.7138671875, 916.1676635742188, 926.0, 914.0], [926.0, 914.0, 926.0471801757812, 913.6425170898438, 927.2879638671875, 912.7024536132812, 927.0, 915.0], [927.0, 915.0, 925.1717529296875, 929.5862426757812, 926.7120361328125, 974.2975463867188, 927.0, 972.0], [927.0, 972.0, 927.0453491210938, 971.6381225585938, 928.2090454101562, 972.7118530273438, 928.0, 973.0], [928.0, 973.0, 927.6484375, 973.484619140625, 928.2090454101562, 977.2881469726562, 928.0, 977.0], [928.0, 977.0, 927.875732421875, 976.8286743164062, 926.8023681640625, 977.79052734375, 927.0, 978.0], [927.0, 978.0, 927.287841796875, 978.3050537109375, 926.8023681640625, 981.20947265625, 927.0, 981.0], [927.0, 981.0, 927.1356811523438, 980.856201171875, 928.0, 982.0, 928.0, 982.0]]}, {"segments": [[929.0, 675.0, 928.9172973632812, 674.7282104492188, 927.8477172851562, 675.97119140625, 928.0, 676.0], [928.0, 676.0, 928.1280517578125, 676.0242309570312, 927.8477172851562, 677.02880859375, 928.0, 677.0], [928.0, 677.0, 928.1810913085938, 676.9657592773438, 929.1810913085938, 677.8765258789062, 929.0, 678.0], [929.0, 678.0, 928.78466796875, 678.1467895507812, 929.1810913085938, 680.1234741210938, 929.0, 680.0], [929.0, 680.0, 928.8477172851562, 679.8961791992188, 927.8477172851562, 680.97119140625, 928.0, 681.0], [928.0, 681.0, 928.1280517578125, 681.0242309570312, 927.8477172851562, 682.02880859375, 928.0, 682.0], [928.0, 682.0, 928.1810913085938, 681.9657592773438, 929.2175903320312, 682.6389770507812, 929.0, 683.0], [929.0, 683.0, 928.5908203125, 683.6788330078125, 929.2175903320312, 688.3610229492188, 929.0, 688.0], [929.0, 688.0, 928.88427734375, 687.8079833984375, 927.7003173828125, 685.5283203125, 928.0, 689.0], [928.0, 689.0, 930.666748046875, 719.895263671875, 928.2996826171875, 804.4716796875, 928.0, 801.0], [928.0, 801.0, 927.96630859375, 800.60986328125, 926.7113647460938, 799.6520385742188, 927.0, 802.0], [927.0, 802.0, 928.8643798828125, 817.1656494140625, 927.0, 861.0, 927.0, 861.0]]}, {"segments": [[1119.0, 856.0, 1118.8719482421875, 855.7197265625, 1119.0, 851.4880981445312, 1119.0, 855.0], [1119.0, 855.0, 1119.0, 892.0, 1119.299560546875, 969.4532470703125, 1119.0, 966.0], [1119.0, 966.0, 1118.9661865234375, 965.6102294921875, 1117.8023681640625, 966.79052734375, 1118.0, 967.0], [1118.0, 967.0, 1118.287841796875, 967.3050537109375, 1117.8023681640625, 970.20947265625, 1118.0, 970.0], [1118.0, 970.0, 1118.1357421875, 969.856201171875, 1119.1522216796875, 970.97119140625, 1119.0, 971.0], [1119.0, 971.0, 1118.8719482421875, 971.0242309570312, 1119.1522216796875, 972.02880859375, 1119.0, 972.0], [1119.0, 972.0, 1118.8189697265625, 971.9657592773438, 1117.8477783203125, 972.97119140625, 1118.0, 973.0], [1118.0, 973.0, 1118.1280517578125, 973.0242309570312, 1117.8477783203125, 974.02880859375, 1118.0, 974.0], [1118.0, 974.0, 1118.1810302734375, 973.9657592773438, 1119.1522216796875, 974.97119140625, 1119.0, 975.0], [1119.0, 975.0, 1118.8719482421875, 975.0242309570312, 1119.1522216796875, 976.02880859375, 1119.0, 976.0], [1119.0, 976.0, 1118.8189697265625, 975.9657592773438, 1117.765380859375, 976.4453125, 1118.0, 977.0], [1118.0, 977.0, 1118.55810546875, 978.3192138671875, 1118.0, 985.0, 1118.0, 985.0]]}, {"segments": [[1134.0, 668.0, 1133.8966064453125, 667.7781372070312, 1132.8477783203125, 668.97119140625, 1133.0, 669.0], [1133.0, 669.0, 1133.1280517578125, 669.0242309570312, 1133.1522216796875, 670.02880859375, 1133.0, 670.0], [1133.0, 670.0, 1132.8189697265625, 669.9657592773438, 1131.775634765625, 670.5707397460938, 1132.0, 671.0], [1132.0, 671.0, 1132.462158203125, 671.8841552734375, 1132.224365234375, 677.4292602539062, 1132.0, 677.0], [1132.0, 677.0, 1131.89111328125, 676.7916259765625, 1130.765380859375, 677.4453125, 1131.0, 678.0], [1131.0, 678.0, 1131.55810546875, 679.3192138671875, 1131.234619140625, 686.5546875, 1131.0, 686.0], [1131.0, 686.0, 1130.9013671875, 685.7667846679688, 1129.77001953125, 686.5064086914062, 1130.0, 687.0], [1130.0, 687.0, 1130.5115966796875, 688.09814453125, 1130.22998046875, 694.4935913085938, 1130.0, 694.0], [1130.0, 694.0, 1129.8966064453125, 693.7781372070312, 1128.765380859375, 694.4453125, 1129.0, 695.0], [1129.0, 695.0, 1129.55810546875, 696.3192138671875, 1129.234619140625, 703.5546875, 1129.0, 703.0], [1129.0, 703.0, 1128.9013671875, 702.7667846679688, 1127.7470703125, 703.12744140625, 1128.0, 