{"version": 15, "source_image": "Luculine.otf", "width": 2048, "height": 2048, "vector_format": "bezier_cubic", "strokes": [{"segments": [[932.0, 570.0, 932.0, 570.0, 931.7493286132812, 583.8240966796875, 932.0, 583.0], [932.0, 583.0, 932.0827026367188, 582.7282104492188, 933.2954711914062, 581.0371704101562, 933.0, 584.0], [933.0, 584.0, 930.696044921875, 607.1044921875, 932.7045288085938, 672.9628295898438, 933.0, 670.0], [933.0, 670.0, 933.0379028320312, 669.6200561523438, 934.295654296875, 668.016357421875, 934.0, 671.0], [934.0, 671.0, 931.6812133789062, 694.4019165039062, 933.704345703125, 760.983642578125, 934.0, 758.0], [934.0, 758.0, 934.0377197265625, 757.6195678710938, 935.2952270507812, 756.0581665039062, 935.0, 759.0], [935.0, 759.0, 932.7109985351562, 781.8072509765625, 934.7047729492188, 846.9418334960938, 935.0, 844.0], [935.0, 844.0, 935.0380859375, 843.6205444335938, 936.2954711914062, 842.0371704101562, 936.0, 845.0], [936.0, 845.0, 933.696044921875, 868.1044921875, 935.7045288085938, 933.9628295898438, 936.0, 931.0], [936.0, 931.0, 936.0379028320312, 930.6200561523438, 937.2948608398438, 929.1004028320312, 937.0, 932.0], [937.0, 932.0, 934.7412109375, 954.2134399414062, 936.7051391601562, 1017.8995971679688, 937.0, 1015.0], [937.0, 1015.0, 937.0385131835938, 1014.6215209960938, 938.22998046875, 1015.5064086914062, 938.0, 1016.0], [938.0, 1016.0, 937.4883422851562, 1017.09814453125, 938.0, 1023.0, 938.0, 1023.0]], "color_group_id": 0}, {"segments": [[1092.0, 560.0, 1092.0, 560.0, 1091.8477783203125, 561.02880859375, 1092.0, 561.0], [1092.0, 561.0, 1092.1810302734375, 560.9657592773438, 1093.272216796875, 560.5595092773438, 1093.0, 562.0], [1093.0, 562.0, 1091.7889404296875, 568.4096069335938, 1092.727783203125, 591.4404907226562, 1093.0, 590.0], [1093.0, 590.0, 1093.0611572265625, 589.67626953125, 1094.270263671875, 589.6312866210938, 1094.0, 591.0], [1094.0, 591.0, 1092.841064453125, 596.8687133789062, 1093.729736328125, 618.3687133789062, 1094.0, 617.0], [1094.0, 617.0, 1094.06298828125, 616.6807861328125, 1095.27392578125, 616.489990234375, 1095.0, 618.0], [1095.0, 618.0, 1093.7386474609375, 624.9547119140625, 1094.72607421875, 649.510009765625, 1095.0, 648.0], [1095.0, 648.0, 1095.0594482421875, 647.6721801757812, 1096.299560546875, 645.5467529296875, 1096.0, 649.0], [1096.0, 649.0, 1093.346435546875, 679.5936279296875, 1096.299560546875, 763.4532470703125, 1096.0, 760.0], [1096.0, 760.0, 1095.9661865234375, 759.6102294921875, 1094.775634765625, 760.5707397460938, 1095.0, 761.0], [1095.0, 761.0, 1095.462158203125, 761.8841552734375, 1095.224365234375, 767.4292602539062, 1095.0, 767.0], [1095.0, 767.0, 1094.89111328125, 766.7916259765625, 1093.7470703125, 767.12744140625, 1094.0, 768.0], [1094.0, 768.0, 1094.7958984375, 770.745361328125, 1094.4599609375, 782.9871826171875, 1094.0, 782.0], [1094.0, 782.0, 1093.793212890625, 781.5562744140625, 1092.7913818359375, 784.4423828125, 1092.0, 784.0], [1092.0, 784.0, 1090.439453125, 783.1276245117188, 1080.277587890625, 784.245361328125, 1081.0, 784.0], [1081.0, 784.0, 1081.259033203125, 783.9120483398438, 1081.947021484375, 782.7173461914062, 1080.0, 783.0], [1080.0, 783.0, 1069.1396484375, 784.57666015625, 1034.052978515625, 783.2826538085938, 1036.0, 783.0], [1036.0, 783.0, 1036.34912109375, 782.9493408203125, 1036.8297119140625, 781.7194213867188, 1035.0, 782.0], [1035.0, 782.0, 1025.2691650390625, 783.4921875, 993.1702880859375, 782.2805786132812, 995.0, 782.0], [995.0, 782.0, 995.3440551757812, 781.947265625, 996.3479614257812, 780.7113647460938, 994.0, 781.0], [994.0, 781.0, 978.8343505859375, 782.8643798828125, 935.0, 781.0, 935.0, 781.0]], "color_group_id": 0}, {"segments": [[935.0, 780.0, 935.0, 780.0, 936.3333129882812, 781.0, 936.0, 781.0], [936.0, 781.0, 935.6666870117188, 781.0, 935.0, 782.0, 935.0, 782.0]], "color_group_id": 0}, {"segments": [[1092.0, 784.0, 1092.0, 784.0, 1093.3333740234375, 784.0, 1093.0, 784.0], [1093.0, 784.0, 1092.6666259765625, 784.0, 1091.6666259765625, 783.8477172851562, 1092.0, 784.0], [1092.0, 784.0, 1092.3963623046875, 784.1810913085938, 1093.1810302734375, 785.485595703125, 1093.0, 785.0], [1093.0, 785.0, 1092.78466796875, 784.4225463867188, 1093.0, 778.078369140625, 1093.0, 783.0], [1093.0, 783.0, 1093.0, 819.3333129882812, 1093.2991943359375, 895.4161376953125, 1093.0, 892.0], [1093.0, 892.0, 1092.9659423828125, 891.6109008789062, 1091.6998291015625, 889.455322265625, 1092.0, 893.0], [1092.0, 893.0, 1094.71875, 925.1030883789062, 1092.0, 1009.0, 1092.0, 1009.0]], "color_group_id": 0}], "stats": {"curves": 4, "segments": 43, "char": "H", "converter": "pillow_fill_skimage_skeleton_imagevectorizer"}}