{"version": 14, "source_image": "FontPngs\\0049.png", "width": 2048, "height": 2048, "vector_format": "bezier_cubic", "strokes": [{"segments": [[1014.0, 676.0, 1014.3333129882812, 677.5048828125, 1021.9067993164062, 683.0916137695312, 1021.0, 683.0], [1021.0, 683.0, 1020.423583984375, 682.9417724609375, 1020.7909545898438, 687.2881469726562, 1021.0, 687.0], [1021.0, 687.0, 1021.124267578125, 686.8286743164062, 1022.2587280273438, 686.9901733398438, 1022.0, 688.0], [1022.0, 688.0, 1021.10302734375, 691.5011596679688, 1021.7412719726562, 706.0098266601562, 1022.0, 705.0], [1022.0, 705.0, 1022.0746459960938, 704.708740234375, 1023.2928466796875, 703.2969970703125, 1023.0, 706.0], [1023.0, 706.0, 1020.8816528320312, 725.552490234375, 1022.7071533203125, 782.7030029296875, 1023.0, 780.0], [1023.0, 780.0, 1023.0404663085938, 779.6263427734375, 1024.2781982421875, 779.293212890625, 1024.0, 781.0], [1024.0, 781.0, 1022.5963745117188, 789.6113891601562, 1023.7218017578125, 818.706787109375, 1024.0, 817.0], [1024.0, 817.0, 1024.05517578125, 816.6616821289062, 1025.288330078125, 815.6771240234375, 1025.0, 818.0], [1025.0, 818.0, 1023.1536254882812, 832.8757934570312, 1024.711669921875, 878.3228759765625, 1025.0, 876.0], [1025.0, 876.0, 1025.0450439453125, 875.6372680664062, 1026.2913818359375, 874.4345092773438, 1026.0, 877.0], [1026.0, 877.0, 1023.9799194335938, 894.7897338867188, 1026.2913818359375, 947.5654907226562, 1026.0, 945.0], [1026.0, 945.0, 1025.9580078125, 944.6300048828125, 1024.723876953125, 944.3895874023438, 1025.0, 946.0], [1025.0, 946.0, 1026.333984375, 953.7793579101562, 1024.723876953125, 980.6104125976562, 1025.0, 979.0], [1025.0, 979.0, 1025.05712890625, 978.6666259765625, 1026.2481689453125, 979.2258911132812, 1026.0, 980.0], [1026.0, 980.0, 1025.2772216796875, 982.2549438476562, 1025.7518310546875, 992.7741088867188, 1026.0, 992.0], [1026.0, 992.0, 1026.085205078125, 991.7342529296875, 1027.0, 993.0, 1027.0, 993.0]]}], "stats": {"curves": 1, "time_sec": 0.037, "seg_stride": 1, "min_stroke_points": 2, "curv_win_radius_small": 4, "curv_warn_angle": 22.0, "curv_corner_total_min": 80.0, "curv_corner_max_min": 50.0, "curv_lookahead_max": 10, "junc_continue_ang_max": 45.0, "merge_small_len_percentile": 75.0}}