{"version": 15, "source_image": "Luculine.otf", "width": 2048, "height": 2048, "vector_format": "bezier_cubic", "strokes": [{"segments": [[972.0, 568.0, 972.0, 568.0, 983.7223510742188, 568.245361328125, 983.0, 568.0], [983.0, 568.0, 982.740966796875, 567.9120483398438, 982.6312866210938, 566.7296752929688, 984.0, 567.0], [984.0, 567.0, 989.8687133789062, 568.158935546875, 1011.4839477539062, 567.0, 1010.0, 567.0], [1010.0, 567.0, 1009.41796875, 567.0, 1014.2881469726562, 567.2090454101562, 1014.0, 567.0], [1014.0, 567.0, 1013.8286743164062, 566.875732421875, 1014.4453125, 565.7653198242188, 1015.0, 566.0], [1015.0, 566.0, 1016.3192138671875, 566.5581665039062, 1023.5546875, 565.7653198242188, 1023.0, 566.0], [1023.0, 566.0, 1022.7667846679688, 566.0986938476562, 1022.3895874023438, 567.2761840820312, 1024.0, 567.0], [1024.0, 567.0, 1031.7794189453125, 565.6659545898438, 1057.0, 567.0, 1057.0, 567.0]], "color_group_id": 0}, {"segments": [[985.0, 1022.0, 985.0, 1022.0, 984.6312866210938, 1020.7296752929688, 986.0, 1021.0], [986.0, 1021.0, 991.8687133789062, 1022.158935546875, 1013.3687133789062, 1021.2703247070312, 1012.0, 1021.0], [1012.0, 1021.0, 1011.6807861328125, 1020.9369506835938, 1012.79052734375, 1019.8023681640625, 1013.0, 1020.0], [1013.0, 1020.0, 1013.3050537109375, 1020.287841796875, 1016.20947265625, 1020.1976318359375, 1016.0, 1020.0], [1016.0, 1020.0, 1015.856201171875, 1019.8643188476562, 1016.97119140625, 1018.8477172851562, 1017.0, 1019.0], [1017.0, 1019.0, 1017.0242309570312, 1019.1280517578125, 1018.3333129882812, 1019.1522827148438, 1018.0, 1019.0], [1018.0, 1019.0, 1017.6035766601562, 1018.8189086914062, 1016.6666870117188, 1017.6666870117188, 1017.0, 1018.0], [1017.0, 1018.0, 1017.3333129882812, 1018.3333129882812, 1017.1759033203125, 1019.2506713867188, 1018.0, 1019.0], [1018.0, 1019.0, 1020.4985961914062, 1018.2400512695312, 1031.8240966796875, 1019.2506713867188, 1031.0, 1019.0], [1031.0, 1019.0, 1030.7281494140625, 1018.9172973632812, 1031.0804443359375, 1017.7449951171875, 1032.0, 1018.0], [1032.0, 1018.0, 1034.994873046875, 1018.83056640625, 1047.9195556640625, 1018.2550048828125, 1047.0, 1018.0], [1047.0, 1018.0, 1046.7176513671875, 1017.9216918945312, 1047.3870849609375, 1016.7612915039062, 1048.0, 1017.0], [1048.0, 1017.0, 1049.546142578125, 1017.6021728515625, 1057.6129150390625, 1016.7612915039062, 1057.0, 1017.0], [1057.0, 1017.0, 1056.757080078125, 1017.0946044921875, 1057.97119140625, 1018.1522827148438, 1058.0, 1018.0], [1058.0, 1018.0, 1058.024169921875, 1017.8719482421875, 1059.0, 1018.0, 1059.0, 1018.0]], "color_group_id": 0}, {"segments": [[1012.0, 567.0, 1012.0, 567.0, 1010.8477172851562, 568.3333129882812, 1011.0, 568.0], [1011.0, 568.0, 1011.1280517578125, 567.7197265625, 1011.0, 566.6666870117188, 1011.0, 567.0], [1011.0, 567.0, 1011.0, 567.3333129882812, 1011.1522827148438, 568.3333129882812, 1011.0, 568.0], [1011.0, 568.0, 1010.8189086914062, 567.6035766601562, 1009.6666870117188, 566.6666870117188, 1010.0, 567.0], [1010.0, 567.0, 1010.3333129882812, 567.3333129882812, 1011.306396484375, 563.3772583007812, 1011.0, 568.0], [1011.0, 568.0, 1007.5145874023438, 620.58544921875, 1010.693603515625, 755.6227416992188, 1011.0, 751.0], [1011.0, 751.0, 1011.0269165039062, 750.5936279296875, 1012.2928466796875, 749.2969970703125, 1012.0, 752.0], [1012.0, 752.0, 1009.8816528320312, 771.552490234375, 1011.7071533203125, 828.7030029296875, 1012.0, 826.0], [1012.0, 826.0, 1012.0404663085938, 825.6263427734375, 1013.2869262695312, 824.7797241210938, 1013.0, 827.0], [1013.0, 827.0, 1011.2271118164062, 840.7199096679688, 1012.7130737304688, 883.2202758789062, 1013.0, 881.0], [1013.0, 881.0, 1013.0464477539062, 880.6406860351562, 1014.2821655273438, 880.081787109375, 1014.0, 882.0], [1014.0, 882.0, 1012.444091796875, 892.5770874023438, 1013.7178344726562, 926.918212890625, 1014.0, 925.0], [1014.0, 925.0, 1014.0511474609375, 924.6521606445312, 1015.2775268554688, 924.3248901367188, 1015.0, 926.0], [1015.0, 926.0, 1013.6192626953125, 934.3333129882812, 1014.7224731445312, 962.6751098632812, 1015.0, 961.0], [1015.0, 961.0, 1015.0557861328125, 960.6632690429688, 1016.2754516601562, 960.4225463867188, 1016.0, 962.0], [1016.0, 962.0, 1014.6898193359375, 969.5036010742188, 1015.7245483398438, 995.5774536132812, 1016.0, 994.0], [1016.0, 994.0, 1016.0579223632812, 993.6683959960938, 1017.26708984375, 993.7437744140625, 1017.0, 995.0], [1017.0, 995.0, 1015.9228515625, 1000.066162109375, 1017.0, 1019.0469970703125, 1017.0, 1018.0], [1017.0, 1018.0, 1017.0, 1017.7816772460938, 1017.0, 1019.0, 1017.0, 1019.0]], "color_group_id": 0}], "stats": {"curves": 3, "segments": 42, "char": "I", "converter": "pillow_fill_skimage_skeleton_imagevectorizer"}}