{"version": 15, "source_image": "Luculine.otf", "width": 2048, "height": 2048, "vector_format": "bezier_cubic", "strokes": [{"segments": [[929.0, 567.0, 929.0, 567.0, 945.9652709960938, 567.2569580078125, 945.0, 567.0], [945.0, 567.0, 944.7130126953125, 566.923583984375, 943.8590087890625, 565.7142333984375, 946.0, 566.0], [946.0, 566.0, 958.8572387695312, 567.7160034179688, 999.1409912109375, 566.2857666015625, 997.0, 566.0], [997.0, 566.0, 996.6434936523438, 565.952392578125, 995.50537109375, 564.7095336914062, 998.0, 565.0], [998.0, 565.0, 1014.9122314453125, 566.9693603515625, 1065.49462890625, 564.7095336914062, 1063.0, 565.0], [1063.0, 565.0, 1062.632080078125, 565.0428466796875, 1063.638916015625, 566.2175903320312, 1064.0, 566.0], [1064.0, 566.0, 1064.6788330078125, 565.5908203125, 1069.361083984375, 565.7824096679688, 1069.0, 566.0], [1069.0, 566.0, 1068.8079833984375, 566.11572265625, 1069.79052734375, 567.1976318359375, 1070.0, 567.0], [1070.0, 567.0, 1070.3050537109375, 566.712158203125, 1073.20947265625, 566.8023681640625, 1073.0, 567.0], [1073.0, 567.0, 1072.856201171875, 567.1356811523438, 1073.8765869140625, 568.1810913085938, 1074.0, 568.0], [1074.0, 568.0, 1074.1468505859375, 567.78466796875, 1076.1234130859375, 567.8189086914062, 1076.0, 568.0], [1076.0, 568.0, 1075.896240234375, 568.1522827148438, 1076.97119140625, 569.1522827148438, 1077.0, 569.0], [1077.0, 569.0, 1077.024169921875, 568.8719482421875, 1077.96044921875, 568.7514038085938, 1078.0, 569.0], [1078.0, 569.0, 1078.0665283203125, 569.4180908203125, 1080.3045654296875, 570.9423828125, 1080.0, 571.0], [1080.0, 571.0, 1079.743896484375, 571.0484619140625, 1079.8189697265625, 573.1234741210938, 1080.0, 573.0], [1080.0, 573.0, 1080.1522216796875, 572.8961791992188, 1081.1976318359375, 573.79052734375, 1081.0, 574.0], [1081.0, 574.0, 1080.712158203125, 574.3050537109375, 1080.8023681640625, 577.20947265625, 1081.0, 577.0], [1081.0, 577.0, 1081.1357421875, 576.856201171875, 1082.208984375, 577.7118530273438, 1082.0, 578.0], [1082.0, 578.0, 1081.6484375, 578.484619140625, 1081.791015625, 582.2881469726562, 1082.0, 582.0], [1082.0, 582.0, 1082.124267578125, 581.8286743164062, 1083.208984375, 582.7118530273438, 1083.0, 583.0], [1083.0, 583.0, 1082.6484375, 583.484619140625, 1082.791015625, 587.2881469726562, 1083.0, 587.0], [1083.0, 587.0, 1083.124267578125, 586.8286743164062, 1084.265869140625, 586.7826538085938, 1084.0, 588.0], [1084.0, 588.0, 1082.951171875, 592.80126953125, 1083.734130859375, 611.2173461914062, 1084.0, 610.0], [1084.0, 610.0, 1084.0673828125, 609.6913452148438, 1085.3045654296875, 606.7525024414062, 1085.0, 611.0], [1085.0, 611.0, 1081.78125, 655.8958740234375, 1084.6954345703125, 773.2474975585938, 1085.0, 769.0], [1085.0, 769.0, 1085.02880859375, 768.59814453125, 1086.2481689453125, 769.2258911132812, 1086.0, 770.0], [1086.0, 770.0, 1085.2772216796875, 772.2549438476562, 1085.7518310546875, 782.7741088867188, 1086.0, 782.0], [1086.0, 782.0, 1086.085205078125, 781.7342529296875, 1087.2550048828125, 782.0804443359375, 1087.0, 783.0], [1087.0, 783.0, 1086.16943359375, 785.9948120117188, 1086.7449951171875, 798.9195556640625, 1087.0, 798.0], [1087.0, 798.0, 1087.0782470703125, 797.7176513671875, 1088.2506103515625, 798.1759033203125, 1088.0, 799.0], [1088.0, 799.0, 1087.239990234375, 801.4985961914062, 1087.7493896484375, 812.8240966796875, 1088.0, 812.0], [1088.0, 812.0, 1088.0826416015625, 811.7282104492188, 1089.234619140625, 812.4453125, 1089.0, 813.0], [1089.0, 813.0, 1088.44189453125, 814.3192138671875, 1088.765380859375, 821.5546875, 1089.0, 821.0], [1089.0, 821.0, 1089.0986328125, 820.7667846679688, 1090.234619140625, 821.4453125, 1090.0, 822.0], [1090.0, 822.0, 1089.44189453125, 823.3192138671875, 1089.765380859375, 830.5546875, 1090.0, 830.0], [1090.0, 830.0, 1090.0986328125, 829.7667846679688, 1091.22998046875, 830.5064086914062, 1091.0, 831.0], [1091.0, 831.0, 1090.4884033203125, 832.09814453125, 1090.77001953125, 838.4935913085938, 1091.0, 838.0], [1091.0, 838.0, 1091.1033935546875, 837.7781372070312, 1092.234619140625, 838.4453125, 1092.0, 839.0], [1092.0, 839.0, 1091.44189453125, 840.3192138671875, 1091.765380859375, 847.5546875, 1092.0, 847.0], [1092.0, 847.0, 1092.0986328125, 846.7667846679688, 1093.22998046875, 847.5064086914062, 1093.0, 848.0], [1093.0, 848.0, 1092.4884033203125, 849.09814453125, 1092.77001953125, 855.4935913085938, 1093.0, 855.0], [1093.0, 855.0, 1093.1033935546875, 854.7781372070312, 1094.22998046875, 855.5064086914062, 1094.0, 856.0], [1094.0, 856.0, 1093.4884033203125, 857.09814453125, 1093.77001953125, 863.4935913085938, 1094.0, 863.0], [1094.0, 863.0, 1094.1033935546875, 862.7781372070312, 1095.234619140625, 863.4453125, 1095.0, 864.0], [1095.0, 864.0, 1094.44189453125, 865.3192138671875, 1094.765380859375, 872.5546875, 1095.0, 872.0], [1095.0, 872.0, 1095.0986328125, 871.7667846679688, 1096.234619140625, 872.4453125, 1096.0, 873.0], [1096.0, 873.0, 1095.44189453125, 874.3192138671875, 1095.765380859375, 881.5546875, 1096.0, 881.0], [1096.0, 881.0, 1096.0986328125, 880.7667846679688, 1097.2421875, 881.331298828125, 1097.0, 882.0], [1097.0, 882.0, 1096.3558349609375, 883.7782592773438, 1096.7578125, 892.668701171875, 1097.0, 892.0], [1097.0, 892.0, 1097.091064453125, 891.74853515625, 1098.2421875, 892.331298828125, 1098.0, 893.0], [1098.0, 893.0, 1097.3558349609375, 894.7782592773438, 1097.7578125, 903.668701171875, 1098.0, 903.0], [1098.0, 903.0, 1098.091064453125, 902.74853515625, 1099.23876953125, 903.3870849609375, 1099.0, 904.0], [1099.0, 904.0, 1098.3978271484375, 905.5462036132812, 1098.76123046875, 913.6129150390625, 1099.0, 913.0], [1099.0, 913.0, 1099.0946044921875, 912.7570190429688, 1100.23876953125, 913.3870849609375, 1100.0, 914.0], [1100.0, 914.0, 1099.3978271484375, 915.5462036132812, 1099.76123046875, 923.6129150390625, 1100.0, 923.0], [1100.0, 923.0, 1100.0946044921875, 922.7570190429688, 1101.2481689453125, 923.2258911132812, 1101.0, 924.0], [1101.0, 924.0, 1100.2772216796875, 926.2549438476562, 1100.7518310546875, 936.7741088867188, 1101.0, 936.0], [1101.0, 936.0, 1101.085205078125, 935.7342529296875, 1102.272216796875, 935.5595092773438, 1102.0, 937.0], [1102.0, 937.0, 1100.7889404296875, 943.4096069335938, 1101.727783203125, 966.4404907226562, 1102.0, 965.0], [1102.0, 965.0, 1102.0611572265625, 964.67626953125, 1103.2176513671875, 965.6389770507812, 1103.0, 966.0], [1103.0, 966.0, 1102.5908203125, 966.6788330078125, 1103.2176513671875, 971.3610229492188, 1103.0, 971.0], [1103.0, 971.0, 1102.88427734375, 970.8079833984375, 1101.76123046875, 971.3870849609375, 1102.0, 972.0], [1102.0, 972.0, 1102.6021728515625, 973.5462036132812, 1102.23876953125, 981.6129150390625, 1102.0, 981.0], [1102.0, 981.0, 1101.9053955078125, 980.7570190429688, 1100.791015625, 981.7118530273438, 1101.0, 982.0], [1101.0, 982.0, 1101.3515625, 982.484619140625, 1101.208984375, 986.2881469726562, 1101.0, 986.0], [1101.0, 986.0, 1100.875732421875, 985.8286743164062, 1099.8023681640625, 986.79052734375, 1100.0, 987.0], [1100.0, 987.0, 1100.287841796875, 987.3050537109375, 1100.1976318359375, 990.20947265625, 1100.0, 990.0], [1100.0, 990.0, 1099.8642578125, 989.856201171875, 1098.8023681640625, 990.79052734375, 1099.0, 991.0], [1099.0, 991.0, 1099.287841796875, 991.3050537109375, 1099.456787109375, 994.08642578125, 1099.0, 994.0], [1099.0, 994.0, 1098.456787109375, 993.897216796875, 1096.08642578125, 997.456787109375, 1096.0, 997.0], [1096.0, 997.0, 1095.9273681640625, 996.6159057617188, 1092.79052734375, 996.8023681640625, 1093.0, 997.0], [1093.0, 997.0, 1093.143798828125, 997.1356811523438, 1092.2880859375, 998.2090454101562, 1092.0, 998.0], [1092.0, 998.0, 1091.515380859375, 997.6484375, 1087.7119140625, 997.7909545898438, 1088.0, 998.0], [1088.0, 998.0, 1088.17138671875, 998.124267578125, 1087.2880859375, 999.2090454101562, 1087.0, 999.0], [1087.0, 999.0, 1086.515380859375, 998.6484375, 1082.7119140625, 998.7909545898438, 