{"version": 14, "source_image": "FontPngs\\004c.png", "width": 2048, "height": 2048, "vector_format": "bezier_cubic", "strokes": [{"segments": [[966.0, 696.0, 966.085205078125, 695.7342529296875, 967.1976318359375, 696.79052734375, 967.0, 697.0], [967.0, 697.0, 966.712158203125, 697.3050537109375, 966.8023681640625, 700.20947265625, 967.0, 700.0], [967.0, 700.0, 967.1356811523438, 699.856201171875, 968.2587280273438, 699.9901733398438, 968.0, 701.0], [968.0, 701.0, 967.10302734375, 704.5011596679688, 967.7412719726562, 719.0098266601562, 968.0, 718.0], [968.0, 718.0, 968.0746459960938, 717.708740234375, 969.2761840820312, 717.3895874023438, 969.0, 719.0], [969.0, 719.0, 967.6659545898438, 726.7793579101562, 968.7238159179688, 753.6104125976562, 969.0, 752.0], [969.0, 752.0, 969.0571899414062, 751.6666259765625, 970.2933349609375, 750.2523803710938, 970.0, 753.0], [970.0, 753.0, 967.8497314453125, 773.1421508789062, 970.2933349609375, 831.7476196289062, 970.0, 829.0], [970.0, 829.0, 969.9599609375, 828.6251831054688, 968.7039794921875, 826.9749755859375, 969.0, 830.0], [969.0, 830.0, 971.3483276367188, 853.997314453125, 969.2960205078125, 922.0250244140625, 969.0, 919.0], [969.0, 919.0, 968.9627075195312, 918.61865234375, 967.7238159179688, 918.3895874023438, 968.0, 920.0], [968.0, 920.0, 969.3340454101562, 927.7793579101562, 967.7238159179688, 954.6104125976562, 968.0, 953.0], [968.0, 953.0, 968.0571899414062, 952.6666259765625, 969.2646484375, 952.8223876953125, 969.0, 954.0], [969.0, 954.0, 967.9801635742188, 958.5379028320312, 968.7353515625, 976.1776123046875, 969.0, 975.0], [969.0, 975.0, 969.0686645507812, 974.6943969726562, 970.224365234375, 975.5707397460938, 970.0, 976.0], [970.0, 976.0, 969.5377807617188, 976.8841552734375, 969.775634765625, 982.4292602539062, 970.0, 982.0], [970.0, 982.0, 970.1089477539062, 981.7916259765625, 971.2175903320312, 982.6389770507812, 971.0, 983.0], [971.0, 983.0, 970.5908203125, 983.6788330078125, 970.7824096679688, 988.3610229492188, 971.0, 988.0], [971.0, 988.0, 971.11572265625, 987.8079833984375, 972.1522827148438, 988.97119140625, 972.0, 989.0], [972.0, 989.0, 971.8719482421875, 989.0242309570312, 971.8333129882812, 990.1666870117188, 972.0, 990.0], [972.0, 990.0, 972.1666870117188, 989.8333129882812, 973.02880859375, 989.8477172851562, 973.0, 990.0], [973.0, 990.0, 972.9657592773438, 990.1810913085938, 973.8765258789062, 991.1810913085938, 974.0, 991.0], [974.0, 991.0, 974.1467895507812, 990.78466796875, 976.1234741210938, 990.8189086914062, 976.0, 991.0], [976.0, 991.0, 975.8961791992188, 991.1522827148438, 976.97119140625, 992.1522827148438, 977.0, 992.0], [977.0, 992.0, 977.0242309570312, 991.8719482421875, 978.02880859375, 991.8477172851562, 978.0, 992.0], [978.0, 992.0, 977.9657592773438, 992.1810913085938, 978.7118530273438, 993.2090454101562, 979.0, 993.0], [979.0, 993.0, 979.484619140625, 992.6484375, 983.2881469726562, 993.2090454101562, 983.0, 993.0], [983.0, 993.0, 982.8286743164062, 992.875732421875, 983.331298828125, 991.7577514648438, 984.0, 992.0], [984.0, 992.0, 985.7782592773438, 992.6441650390625, 994.668701171875, 992.2422485351562, 994.0, 992.0], [994.0, 992.0, 993.74853515625, 991.9088745117188, 994.1759033203125, 990.7493286132812, 995.0, 991.0], [995.0, 991.0, 997.4985961914062, 991.7599487304688, 1008.8240966796875, 991.2506713867188, 1008.0, 991.0], [1008.0, 991.0, 1007.7282104492188, 990.9172973632812, 1007.4225463867188, 989.7245483398438, 1009.0, 990.0], [1009.0, 990.0, 1016.5036010742188, 991.3101806640625, 1042.577392578125, 990.2754516601562, 1041.0, 990.0], [1041.0, 990.0, 1040.6683349609375, 989.9420776367188, 1041.331298828125, 988.7577514648438, 1042.0, 989.0], [1042.0, 989.0, 1043.7781982421875, 989.6441650390625, 1052.668701171875, 989.2422485351562, 1052.0, 989.0], [1052.0, 989.0, 1051.74853515625, 988.9088745117188, 1051.70556640625, 987.7317504882812, 1053.0, 988.0], [1053.0, 988.0, 1058.3323974609375, 989.10498046875, 1078.29443359375, 987.7317504882812, 1077.0, 988.0], [1077.0, 988.0, 1076.685791015625, 988.0651245117188, 1077.5064697265625, 989.22998046875, 1078.0, 989.0], [1078.0, 989.0, 1079.09814453125, 988.4883422851562, 1085.4935302734375, 988.77001953125, 1085.0, 989.0], [1085.0, 989.0, 1084.7781982421875, 989.1033935546875, 1085.1759033203125, 990.2506713867188, 1086.0, 990.0], [1086.0, 990.0, 1088.4986572265625, 989.2400512695312, 1099.0, 990.0, 1099.0, 990.0]]}, {"segments": [[968.0, 700.0, 967.6035766601562, 699.8189086914062, 966.6666870117188, 698.6666870117188, 967.0, 699.0], [967.0, 699.0, 967.3333129882812, 699.3333129882812, 968.1522827148438, 699.97119140625, 968.0, 700.0], [968.0, 700.0, 967.8719482421875, 700.0242309570312, 968.0, 701.0, 968.0, 701.0]]}, {"segments": [[972.0, 989.0, 972.3333333333334, 989.3333333333334, 972.6666666666666, 989.6666666666666, 973.0, 990.0]]}], "stats": {"curves": 3, "time_sec": 0.039, "seg_stride": 1, "min_stroke_points": 2, "curv_win_radius_small": 4, "curv_warn_angle": 22.0, "curv_corner_total_min": 80.0, "curv_corner_max_min": 50.0, "curv_lookahead_max": 10, "junc_continue_ang_max": 45.0, "merge_small_len_percentile": 75.0}}