{"version": 15, "source_image": "Luculine.otf", "width": 2048, "height": 2048, "vector_format": "bezier_cubic", "strokes": [{"segments": [[943.0, 577.0, 943.0, 577.0, 943.2844848632812, 627.0595092773438, 943.0, 625.0], [943.0, 625.0, 942.951171875, 624.646484375, 941.7120361328125, 623.7024536132812, 942.0, 626.0], [942.0, 626.0, 943.8282470703125, 640.5862426757812, 942.2879638671875, 685.2975463867188, 942.0, 683.0], [942.0, 683.0, 941.9546508789062, 682.6381225585938, 940.7003173828125, 680.5283203125, 941.0, 684.0], [941.0, 684.0, 943.666748046875, 714.895263671875, 940.7003173828125, 799.4716796875, 941.0, 796.0], [941.0, 796.0, 941.03369140625, 795.60986328125, 942.2933349609375, 794.2523803710938, 942.0, 797.0], [942.0, 797.0, 939.8497314453125, 817.1421508789062, 941.7066650390625, 875.7476196289062, 942.0, 873.0], [942.0, 873.0, 942.0400390625, 872.6251831054688, 943.2836303710938, 871.9961547851562, 943.0, 874.0], [943.0, 874.0, 941.3825073242188, 885.4284057617188, 942.7163696289062, 922.0038452148438, 943.0, 920.0], [943.0, 920.0, 943.0497436523438, 919.6486206054688, 944.2761840820312, 919.3895874023438, 944.0, 921.0], [944.0, 921.0, 942.6659545898438, 928.7793579101562, 943.7238159179688, 955.6104125976562, 944.0, 954.0], [944.0, 954.0, 944.0571899414062, 953.6666259765625, 945.2550048828125, 954.0804443359375, 945.0, 955.0], [945.0, 955.0, 944.16943359375, 957.9948120117188, 944.7449951171875, 970.9195556640625, 945.0, 970.0], [945.0, 970.0, 945.0783081054688, 969.7176513671875, 946.2346801757812, 970.4453125, 946.0, 971.0], [946.0, 971.0, 945.4418334960938, 972.3192138671875, 945.7653198242188, 979.5546875, 946.0, 979.0], [946.0, 979.0, 946.0986938476562, 978.7667846679688, 947.1810913085938, 979.8765258789062, 947.0, 980.0], [947.0, 980.0, 946.78466796875, 980.1467895507812, 946.8189086914062, 982.1234741210938, 947.0, 982.0], [947.0, 982.0, 947.1522827148438, 981.8961791992188, 948.2175903320312, 982.6389770507812, 948.0, 983.0], [948.0, 983.0, 947.5908203125, 983.6788330078125, 947.7824096679688, 988.3610229492188, 948.0, 988.0], [948.0, 988.0, 948.11572265625, 987.8079833984375, 949.1976318359375, 988.79052734375, 949.0, 989.0], [949.0, 989.0, 948.712158203125, 989.3050537109375, 948.8023681640625, 992.20947265625, 949.0, 992.0], [949.0, 992.0, 949.1356811523438, 991.856201171875, 950.1976318359375, 992.79052734375, 950.0, 993.0], [950.0, 993.0, 949.712158203125, 993.3050537109375, 949.8023681640625, 996.20947265625, 950.0, 996.0], [950.0, 996.0, 950.1356811523438, 995.856201171875, 951.1522827148438, 996.97119140625, 951.0, 997.0], [951.0, 997.0, 950.8719482421875, 997.0242309570312, 950.8477172851562, 998.02880859375, 951.0, 998.0], [951.0, 998.0, 951.1810913085938, 997.9657592773438, 951.8765258789062, 999.1810913085938, 952.0, 999.0], [952.0, 999.0, 952.1467895507812, 998.78466796875, 954.1234741210938, 998.8189086914062, 954.0, 999.0], [954.0, 999.0, 953.8961791992188, 999.1522827148438, 954.79052734375, 1000.1976318359375, 955.0, 1000.0], [955.0, 1000.0, 955.3050537109375, 999.712158203125, 958.20947265625, 999.8023681640625, 958.0, 1000.0], [958.0, 1000.0, 957.856201171875, 1000.1356811523438, 958.79052734375, 1001.1976318359375, 959.0, 1001.0], [959.0, 1001.0, 959.3050537109375, 1000.712158203125, 962.20947265625, 1000.8023681640625, 962.0, 1001.0], [962.0, 1001.0, 961.856201171875, 1001.1356811523438, 962.6389770507812, 1002.2175903320312, 963.0, 1002.0], [963.0, 1002.0, 963.6788330078125, 1001.5908203125, 968.3610229492188, 1001.7824096679688, 968.0, 1002.0], [968.0, 1002.0, 967.8079833984375, 1002.11572265625, 968.79052734375, 1003.1976318359375, 969.0, 1003.0], [969.0, 1003.0, 969.3050537109375, 1002.712158203125, 972.20947265625, 1002.8023681640625, 972.0, 1003.0], [972.0, 1003.0, 971.856201171875, 1003.1356811523438, 972.0347290039062, 1004.2569580078125, 973.0, 1004.0], [973.0, 1004.0, 976.246826171875, 1003.1357421875, 989.9652709960938, 1003.7430419921875, 989.0, 1004.0], [989.0, 1004.0, 988.7130126953125, 1004.076416015625, 986.8535766601562, 1005.2970581054688, 990.0, 1005.0], [990.0, 1005.0, 1015.7882080078125, 1002.5650634765625, 1085.0, 1005.0, 1085.0, 1005.0]], "color_group_id": 0}], "stats": {"curves": 1, "segments": 39, "char": "L", "converter": "pillow_fill_skimage_skeleton_imagevectorizer"}}