{"version": 15, "source_image": "Luculine.otf", "width": 2048, "height": 2048, "vector_format": "bezier_cubic", "strokes": [{"segments": [[939.0, 708.0, 939.0, 708.0, 939.2506713867188, 694.1759033203125, 939.0, 695.0], [939.0, 695.0, 938.9172973632812, 695.2717895507812, 937.8477172851562, 694.02880859375, 938.0, 694.0], [938.0, 694.0, 938.1280517578125, 693.9757690429688, 937.8477172851562, 692.97119140625, 938.0, 693.0], [938.0, 693.0, 938.1810913085938, 693.0342407226562, 939.2090454101562, 692.2881469726562, 939.0, 692.0], [939.0, 692.0, 938.6484375, 691.515380859375, 939.2090454101562, 687.7118530273438, 939.0, 688.0], [939.0, 688.0, 938.875732421875, 688.1713256835938, 937.7380981445312, 688.0956420898438, 938.0, 687.0], [938.0, 687.0, 938.9598999023438, 682.9840698242188, 937.7380981445312, 666.9043579101562, 938.0, 668.0], [938.0, 668.0, 938.0714721679688, 668.2988891601562, 939.2775268554688, 668.6751098632812, 939.0, 667.0], [939.0, 667.0, 937.6192626953125, 658.6666870117188, 938.7224731445312, 630.3248901367188, 939.0, 632.0], [939.0, 632.0, 939.0557861328125, 632.3367309570312, 940.2550048828125, 631.9195556640625, 940.0, 631.0], [940.0, 631.0, 939.16943359375, 628.0051879882812, 939.7449951171875, 615.0804443359375, 940.0, 616.0], [940.0, 616.0, 940.0783081054688, 616.2823486328125, 941.2550048828125, 615.9195556640625, 941.0, 615.0], [941.0, 615.0, 940.16943359375, 612.0051879882812, 940.7449951171875, 599.0804443359375, 941.0, 600.0], [941.0, 600.0, 941.0783081054688, 600.2823486328125, 942.1976318359375, 599.20947265625, 942.0, 599.0], [942.0, 599.0, 941.712158203125, 598.6949462890625, 941.8023681640625, 595.79052734375, 942.0, 596.0], [942.0, 596.0, 942.1356811523438, 596.143798828125, 943.224365234375, 595.4292602539062, 943.0, 595.0], [943.0, 595.0, 942.5377807617188, 594.1158447265625, 942.775634765625, 588.5707397460938, 943.0, 589.0], [943.0, 589.0, 943.1089477539062, 589.2083740234375, 944.1522827148438, 588.02880859375, 944.0, 588.0], [944.0, 588.0, 943.8719482421875, 587.9757690429688, 943.8477172851562, 586.97119140625, 944.0, 587.0], [944.0, 587.0, 944.1810913085938, 587.0342407226562, 945.1976318359375, 586.20947265625, 945.0, 586.0], [945.0, 586.0, 944.712158203125, 585.6949462890625, 944.8023681640625, 582.79052734375, 945.0, 583.0], [945.0, 583.0, 945.1356811523438, 583.143798828125, 946.1810913085938, 582.1234741210938, 946.0, 582.0], [946.0, 582.0, 945.78466796875, 581.8532104492188, 945.8189086914062, 579.8765258789062, 946.0, 580.0], [946.0, 580.0, 946.1522827148438, 580.1038208007812, 947.1522827148438, 579.02880859375, 947.0, 579.0], [947.0, 579.0, 946.8719482421875, 578.9757690429688, 946.7514038085938, 578.03955078125, 947.0, 578.0], [947.0, 578.0, 947.4180908203125, 577.9334716796875, 948.8455810546875, 575.6617431640625, 949.0, 576.0], [949.0, 576.0, 949.1589965820312, 576.3483276367188, 952.20947265625, 576.1976318359375, 952.0, 576.0], [952.0, 576.0, 951.856201171875, 575.8643188476562, 952.79052734375, 574.8023681640625, 953.0, 575.0], [953.0, 575.0, 953.3050537109375, 575.287841796875, 956.20947265625, 575.1976318359375, 956.0, 575.0], [956.0, 575.0, 955.856201171875, 574.8643188476562, 956.79052734375, 573.8023681640625, 957.0, 574.0], [957.0, 574.0, 957.3050537109375, 574.287841796875, 960.20947265625, 574.1976318359375, 960.0, 574.0], [960.0, 574.0, 959.856201171875, 573.8643188476562, 960.6389770507812, 572.7824096679688, 961.0, 573.0], [961.0, 573.0, 961.6788330078125, 573.4091796875, 966.3610229492188, 573.2175903320312, 966.0, 573.0], [966.0, 573.0, 965.8079833984375, 572.88427734375, 964.577880859375, 571.7103881835938, 967.0, 572.0], [967.0, 572.0, 983.0374755859375, 573.91748046875, 1031.422119140625, 572.2896118164062, 1029.0, 572.0], [1029.0, 572.0, 1028.6341552734375, 571.9562377929688, 1028.489990234375, 570.7261352539062, 1030.0, 571.0], [1030.0, 571.0, 1036.9547119140625, 572.2614135742188, 1061.510009765625, 570.7261352539062, 1060.0, 571.0], [1060.0, 571.0, 1059.672119140625, 571.0594482421875, 1060.277587890625, 572.245361328125, 1061.0, 572.0], [1061.0, 572.0, 1063.0146484375, 571.3157348632812, 1072.722412109375, 571.754638671875, 1072.0, 572.0], [1072.0, 572.0, 1071.740966796875, 572.0879516601562, 1072.7119140625, 573.2090454101562, 1073.0, 573.0], [1073.0, 573.0, 1073.484619140625, 572.6484375, 1077.2880859375, 572.7909545898438, 1077.0, 573.0], [1077.0, 573.0, 1076.82861328125, 573.124267578125, 1077.7119140625, 574.2090454101562, 1078.0, 574.0], [1078.0, 574.0, 1078.484619140625, 573.6484375, 1082.2880859375, 573.7909545898438, 1082.0, 574.0], [1082.0, 574.0, 1081.82861328125, 574.124267578125, 1082.8765869140625, 575.1810913085938, 1083.0, 575.0], [1083.0, 575.0, 1083.1468505859375, 574.78466796875, 1085.0576171875, 574.6954956054688, 1085.0, 575.0], [1085.0, 575.0, 1084.9315185546875, 575.3621215820312, 1087.3045654296875, 576.9423828125, 1087.0, 577.0], [1087.0, 577.0, 1086.743896484375, 577.0484619140625, 1086.8189697265625, 579.1234741210938, 1087.0, 579.0], [1087.0, 579.0, 1087.1522216796875, 578.8961791992188, 1088.1976318359375, 579.79052734375, 1088.0, 580.0], [1088.0, 580.0, 1087.712158203125, 580.3050537109375, 1087.8023681640625, 583.20947265625, 1088.0, 583.0], [1088.0, 583.0, 1088.1357421875, 582.856201171875, 1089.2176513671875, 583.6389770507812, 1089.0, 584.0], [1089.0, 584.0, 1088.5908203125, 584.6788330078125, 1088.7823486328125, 589.3610229492188, 1089.0, 589.0], [1089.0, 589.0, 1089.11572265625, 588.8079833984375, 1090.2421875, 589.331298828125, 1090.0, 590.0], [1090.0, 590.0, 1089.3558349609375, 591.7782592773438, 1089.7578125, 600.668701171875, 1090.0, 600.0], [1090.0, 600.0, 1090.091064453125, 599.74853515625, 1091.2603759765625, 599.94677734375, 1091.0, 601.0], [1091.0, 601.0, 1090.0711669921875, 604.757568359375, 1091.2603759765625, 620.05322265625, 1091.0, 619.0], [1091.0, 619.0, 1090.927001953125, 618.7047729492188, 1089.728759765625, 618.5950927734375, 1090.0, 620.0], [1090.0, 620.0, 1091.1851806640625, 626.1386108398438, 1090.271240234375, 648.4049072265625, 1090.0, 647.0], [1090.0, 647.0, 1089.9378662109375, 646.678466796875, 1088.729736328125, 646.6312866210938, 1089.0, 648.0], [1089.0, 648.0, 1090.158935546875, 653.8687133789062, 1089.270263671875, 675.3687133789062, 1089.0, 674.0], [1089.0, 674.0, 1088.93701171875, 673.6807861328125, 1087.7470703125, 674.12744140625, 1088.0, 675.0], [1088.0, 675.0, 1088.7958984375, 677.745361328125, 1088.2529296875, 689.87255859375, 1088.0, 689.0], [1088.0, 689.0, 1087.9195556640625, 688.72265625, 1086.7518310546875, 689.2258911132812, 1087.0, 690.0], [1087.0, 690.0, 1087.7227783203125, 692.2549438476562, 1087.2481689453125, 702.7741088867188, 1087.0, 702.0], [1087.0, 702.0, 1086.914794921875, 701.7342529296875, 1085.7518310546875, 702.2258911132812, 1086.0, 703.0], [1086.0, 703.0, 1086.7227783203125, 705.2549438476562, 1086.2481689453125, 715.7741088867188, 1086.0, 715.0], [1086.0, 715.0, 1085.914794921875, 714.7342529296875, 1084.754638671875, 715.2776489257812, 1085.0, 716.0], [1085.0, 716.0, 1085.684326171875, 718.0146484375, 1085.245361328125, 727.7223510742188, 1085.0, 727.0], [1085.0, 727.0, 1084.9119873046875, 726.740966796875, 1083.7518310546875, 727.2258911132812, 1084.0, 728.0], [1084.0, 728.0, 1084.7227783203125, 730.2549438476562, 1084.2481689453125, 740.7741088867188, 1084.0, 740.0], [1084.0, 740.0, 1083.914794921875, 739.7342529296875, 1082.7493896484375, 740.1759033203125, 1083.0, 741.0], [1083.0, 741.0, 1083.760009765625, 743.4985961914062, 1083.2506103515625, 754.8240966796875, 1083.0, 754.0], [1083.0, 754.0, 1082.9173583984375, 753.7282104492188, 1081.7470703125, 754.12744140625, 1082.0, 755.0], [1082.0, 755.0, 1082.7958984375, 757.745361328125, 1082.2529296875, 769.87255859375, 1082.0, 769.0], [1082.0, 769.0, 1081.9195556640625, 768.72265625, 1080.7449951171875, 769.0804443359375, 1081.0, 770.0], [1081.0, 770.0, 1081.83056640625, 772.9948120117188, 1081.2550048828125, 785.9195556640625, 