{"version": 15, "source_image": "Luculine.otf", "width": 2048, "height": 2048, "vector_format": "bezier_cubic", "strokes": [{"segments": [[943.0, 892.0, 943.0, 892.0, 944.3333129882812, 891.0, 944.0, 891.0], [944.0, 891.0, 943.6666870117188, 891.0, 942.7008666992188, 893.3973999023438, 943.0, 890.0], [943.0, 890.0, 945.6138305664062, 860.3103637695312, 943.2991333007812, 778.6026000976562, 943.0, 782.0], [943.0, 782.0, 942.9657592773438, 782.3887939453125, 941.7173461914062, 782.947021484375, 942.0, 781.0], [942.0, 781.0, 943.57666015625, 770.1396484375, 942.2826538085938, 735.052978515625, 942.0, 737.0], [942.0, 737.0, 941.9493408203125, 737.3490600585938, 940.72314453125, 737.6430053710938, 941.0, 736.0], [941.0, 736.0, 942.3575439453125, 727.944091796875, 941.27685546875, 700.3569946289062, 941.0, 702.0], [941.0, 702.0, 940.9435424804688, 702.3350830078125, 939.7278442382812, 702.4404907226562, 940.0, 701.0], [940.0, 701.0, 941.2110595703125, 694.5903930664062, 940.2721557617188, 671.5595092773438, 940.0, 673.0], [940.0, 673.0, 939.9388427734375, 673.32373046875, 938.7340698242188, 673.2173461914062, 939.0, 672.0], [939.0, 672.0, 940.048828125, 667.19873046875, 939.2659301757812, 648.7826538085938, 939.0, 650.0], [939.0, 650.0, 938.9325561523438, 650.3086547851562, 937.7317504882812, 650.29443359375, 938.0, 649.0], [938.0, 649.0, 939.10498046875, 643.6676025390625, 938.2682495117188, 623.70556640625, 938.0, 625.0], [938.0, 625.0, 937.9348754882812, 625.314208984375, 936.7245483398438, 625.5774536132812, 937.0, 624.0], [937.0, 624.0, 938.3101806640625, 616.4963989257812, 936.7245483398438, 590.4225463867188, 937.0, 592.0], [937.0, 592.0, 937.0579223632812, 592.3316040039062, 938.224365234375, 591.4292602539062, 938.0, 591.0], [938.0, 591.0, 937.5377807617188, 590.1158447265625, 937.775634765625, 584.5707397460938, 938.0, 585.0], [938.0, 585.0, 938.1089477539062, 585.2083740234375, 939.2090454101562, 584.2881469726562, 939.0, 584.0], [939.0, 584.0, 938.6484375, 583.515380859375, 938.7909545898438, 579.7118530273438, 939.0, 580.0], [939.0, 580.0, 939.124267578125, 580.1713256835938, 940.1976318359375, 579.20947265625, 940.0, 579.0], [940.0, 579.0, 939.712158203125, 578.6949462890625, 939.8023681640625, 575.79052734375, 940.0, 576.0], [940.0, 576.0, 940.1356811523438, 576.143798828125, 941.1976318359375, 575.20947265625, 941.0, 575.0], [941.0, 575.0, 940.712158203125, 574.6949462890625, 940.8023681640625, 571.79052734375, 941.0, 572.0], [941.0, 572.0, 941.1356811523438, 572.143798828125, 942.1522827148438, 571.02880859375, 942.0, 571.0], [942.0, 571.0, 941.8719482421875, 570.9757690429688, 941.8477172851562, 569.97119140625, 942.0, 570.0], [942.0, 570.0, 942.1810913085938, 570.0342407226562, 942.97119140625, 568.8477172851562, 943.0, 569.0], [943.0, 569.0, 943.0242309570312, 569.1280517578125, 944.02880859375, 569.1522827148438, 944.0, 569.0], [944.0, 569.0, 943.9657592773438, 568.8189086914062, 944.8765258789062, 567.8189086914062, 945.0, 568.0], [945.0, 568.0, 945.1467895507812, 568.21533203125, 947.1234741210938, 568.1810913085938, 947.0, 568.0], [947.0, 568.0, 946.8961791992188, 567.8477172851562, 947.7118530273438, 566.7909545898438, 948.0, 567.0], [948.0, 567.0, 948.484619140625, 567.3515625, 952.2881469726562, 567.2090454101562, 952.0, 567.0], [952.0, 567.0, 951.8286743164062, 566.875732421875, 952.7118530273438, 565.7909545898438, 953.0, 566.0], [953.0, 566.0, 953.484619140625, 566.3515625, 957.2881469726562, 566.2090454101562, 957.0, 566.0], [957.0, 566.0, 956.8286743164062, 565.875732421875, 957.6389770507812, 564.7824096679688, 958.0, 565.0], [958.0, 565.0, 958.6788330078125, 565.4091796875, 963.3610229492188, 565.2175903320312, 963.0, 565.0], [963.0, 565.0, 962.8079833984375, 564.88427734375, 962.6312866210938, 563.7296752929688, 964.0, 564.0], [964.0, 564.0, 969.8687133789062, 565.158935546875, 991.3687133789062, 563.7296752929688, 990.0, 564.0], [990.0, 564.0, 989.6807861328125, 564.0630493164062, 990.0347290039062, 565.2569580078125, 991.0, 565.0], [991.0, 565.0, 994.246826171875, 564.1357421875, 1007.9652709960938, 564.7430419921875, 1007.0, 565.0], [1007.0, 565.0, 1006.7130126953125, 565.076416015625, 1006.9901733398438, 566.2587280273438, 1008.0, 566.0], [1008.0, 566.0, 1011.5011596679688, 565.10302734375, 1026.009765625, 565.7412719726562, 1025.0, 566.0], [1025.0, 566.0, 1024.708740234375, 566.0746459960938, 1025.277587890625, 567.245361328125, 1026.0, 567.0], [1026.0, 567.0, 1028.0146484375, 566.3157348632812, 1037.722412109375, 566.754638671875, 1037.0, 567.0], [1037.0, 567.0, 1036.740966796875, 567.0879516601562, 1037.4453125, 568.2346801757812, 1038.0, 568.0], [1038.0, 568.0, 1039.3192138671875, 567.4418334960938, 1046.5546875, 567.7653198242188, 1046.0, 568.0], [1046.0, 568.0, 1045.766845703125, 568.0986938476562, 1046.5064697265625, 569.22998046875, 1047.0, 569.0], [1047.0, 569.0, 1048.09814453125, 568.4883422851562, 1054.4935302734375, 568.77001953125, 1054.0, 569.0], [1054.0, 569.0, 1053.7781982421875, 569.1033935546875, 1054.57080078125, 570.224365234375, 1055.0, 570.0], [1055.0, 570.0, 1055.8841552734375, 569.5377807617188, 1061.42919921875, 569.775634765625, 1061.0, 570.0], [1061.0, 570.0, 1060.7916259765625, 570.1089477539062, 1061.57080078125, 571.224365234375, 1062.0, 571.0], [1062.0, 571.0, 1062.8841552734375, 570.5377807617188, 1068.42919921875, 570.775634765625, 1068.0, 571.0], [1068.0, 571.0, 1067.7916259765625, 571.1089477539062, 1068.5064697265625, 572.22998046875, 1069.0, 572.0], [1069.0, 572.0, 1070.09814453125, 571.4883422851562, 1076.4935302734375, 571.77001953125, 1076.0, 572.0], [1076.0, 572.0, 1075.7781982421875, 572.1033935546875, 1076.57080078125, 573.224365234375, 1077.0, 573.0], [1077.0, 573.0, 1077.8841552734375, 572.5377807617188, 1083.42919921875, 572.775634765625, 1083.0, 573.0], [1083.0, 573.0, 1082.7916259765625, 573.1089477539062, 1083.97119140625, 574.1522827148438, 1084.0, 574.0], [1084.0, 574.0, 1084.024169921875, 573.8719482421875, 1085.02880859375, 573.8477172851562, 1085.0, 574.0], [1085.0, 574.0, 1084.9656982421875, 574.1810913085938, 1085.97119140625, 575.1522827148438, 1086.0, 575.0], [1086.0, 575.0, 1086.024169921875, 574.8719482421875, 1087.02880859375, 574.8477172851562, 1087.0, 575.0], [1087.0, 575.0, 1086.9656982421875, 575.1810913085938, 1088.1810302734375, 575.8765258789062, 1088.0, 576.0], [1088.0, 576.0, 1087.78466796875, 576.1467895507812, 1087.8189697265625, 578.1234741210938, 1088.0, 578.0], [1088.0, 578.0, 1088.1522216796875, 577.8961791992188, 1089.208984375, 578.7118530273438, 1089.0, 579.0], [1089.0, 579.0, 1088.6484375, 579.484619140625, 1088.791015625, 583.2881469726562, 1089.0, 583.0], [1089.0, 583.0, 1089.124267578125, 582.8286743164062, 1090.1522216796875, 583.97119140625, 1090.0, 584.0], [1090.0, 584.0, 1089.8719482421875, 584.0242309570312, 1089.8477783203125, 585.02880859375, 1090.0, 585.0], [1090.0, 585.0, 1090.1810302734375, 584.9657592773438, 1091.265869140625, 584.7826538085938, 1091.0, 586.0], [1091.0, 586.0, 1089.951171875, 590.80126953125, 1090.734130859375, 609.2173461914062, 1091.0, 608.0], [1091.0, 608.0, 1091.0673828125, 607.6913452148438, 1092.2781982421875, 607.293212890625, 1092.0, 609.0], [1092.0, 609.0, 1090.596435546875, 617.6113891601562, 1091.7218017578125, 646.706787109375, 1092.0, 645.0], [1092.0, 645.0, 1092.05517578125, 644.6616821289062, 1093.3006591796875, 642.383544921875, 1093.0, 646.0], [1093.0, 646.0, 1090.230224609375, 679.3130493164062, 1093.3006591796875, 769.616455078125, 1093.0, 766.0], [1093.0, 766.0, 1092.9674072265625, 765.607421875, 1091.724609375, 765.4225463867188, 1092.0, 767.0], [1092.0, 767.0, 1093.3101806640625, 774.5036010742188, 1092.275390625, 800.5774536132812, 1092.0, 799.0], [1092.0, 799.0, 1091.942138671875, 798.6683959960938, 1090.73291015625, 798.7437744140625, 1091.0, 800.0], [1091.0, 800.0, 1092.0771484375, 805.066162109375, 1091.26708984375, 824.2562255859375, 1091.0, 823.0], [1091.0, 823.0, 