{"version": 15, "source_image": "Luculine.otf", "width": 2048, "height": 2048, "vector_format": "bezier_cubic", "strokes": [{"segments": [[934.0, 886.0, 934.0, 886.0, 935.3333129882812, 885.0, 935.0, 885.0], [935.0, 885.0, 934.6666870117188, 885.0, 933.7013549804688, 887.3408813476562, 934.0, 884.0], [934.0, 884.0, 936.5735473632812, 855.2130737304688, 934.2986450195312, 775.6591186523438, 934.0, 779.0], [934.0, 779.0, 933.96533203125, 779.3876953125, 932.719970703125, 779.7994995117188, 933.0, 778.0], [933.0, 778.0, 934.470458984375, 768.5499877929688, 933.280029296875, 737.2005004882812, 933.0, 739.0], [933.0, 739.0, 932.9466552734375, 739.3426513671875, 931.725341796875, 739.5439453125, 932.0, 738.0], [932.0, 738.0, 933.2859497070312, 730.7713012695312, 932.274658203125, 705.4560546875, 932.0, 707.0], [932.0, 707.0, 931.9413452148438, 707.3297729492188, 930.730712890625, 707.3319091796875, 931.0, 706.0], [931.0, 706.0, 932.1322021484375, 700.4000854492188, 931.269287109375, 679.6680908203125, 931.0, 681.0], [931.0, 681.0, 930.9359741210938, 681.3167724609375, 929.7296752929688, 681.3687133789062, 930.0, 680.0], [930.0, 680.0, 931.158935546875, 674.1312866210938, 930.2703247070312, 652.6312866210938, 930.0, 654.0], [930.0, 654.0, 929.9369506835938, 654.3192138671875, 928.73291015625, 654.2562255859375, 929.0, 653.0], [929.0, 653.0, 930.0771484375, 647.933837890625, 929.26708984375, 628.7437744140625, 929.0, 630.0], [929.0, 630.0, 928.9337768554688, 630.3115234375, 927.7353515625, 630.1776123046875, 928.0, 629.0], [928.0, 629.0, 929.0198364257812, 624.4620971679688, 928.2646484375, 606.8223876953125, 928.0, 608.0], [928.0, 608.0, 927.9313354492188, 608.3056030273438, 926.7430419921875, 607.9652709960938, 927.0, 607.0], [927.0, 607.0, 927.8642578125, 603.753173828125, 926.7430419921875, 590.0347290039062, 927.0, 591.0], [927.0, 591.0, 927.076416015625, 591.2869873046875, 928.224365234375, 590.4292602539062, 928.0, 590.0], [928.0, 590.0, 927.5377807617188, 589.1158447265625, 927.775634765625, 583.5707397460938, 928.0, 584.0], [928.0, 584.0, 928.1089477539062, 584.2083740234375, 929.2175903320312, 583.3610229492188, 929.0, 583.0], [929.0, 583.0, 928.5908203125, 582.3211669921875, 928.7824096679688, 577.6389770507812, 929.0, 578.0], [929.0, 578.0, 929.11572265625, 578.1920166015625, 930.1976318359375, 577.20947265625, 930.0, 577.0], [930.0, 577.0, 929.712158203125, 576.6949462890625, 929.8023681640625, 573.79052734375, 930.0, 574.0], [930.0, 574.0, 930.1356811523438, 574.143798828125, 931.1976318359375, 573.20947265625, 931.0, 573.0], [931.0, 573.0, 930.712158203125, 572.6949462890625, 930.6617431640625, 569.8455810546875, 931.0, 570.0], [931.0, 570.0, 931.3284301757812, 570.14990234375, 933.2485961914062, 567.96044921875, 933.0, 568.0], [933.0, 568.0, 932.8521728515625, 568.0234985351562, 932.8477172851562, 566.97119140625, 933.0, 567.0], [933.0, 567.0, 933.1810913085938, 567.0342407226562, 933.97119140625, 565.8477172851562, 934.0, 566.0], [934.0, 566.0, 934.0242309570312, 566.1280517578125, 935.02880859375, 566.1522827148438, 935.0, 566.0], [935.0, 566.0, 934.9657592773438, 565.8189086914062, 935.79052734375, 564.8023681640625, 936.0, 565.0], [936.0, 565.0, 936.3050537109375, 565.287841796875, 939.20947265625, 565.1976318359375, 939.0, 565.0], [939.0, 565.0, 938.856201171875, 564.8643188476562, 939.79052734375, 563.8023681640625, 940.0, 564.0], [940.0, 564.0, 940.3050537109375, 564.287841796875, 943.20947265625, 564.1976318359375, 943.0, 564.0], [943.0, 564.0, 942.856201171875, 563.8643188476562, 943.79052734375, 562.8023681640625, 944.0, 563.0], [944.0, 563.0, 944.3050537109375, 563.287841796875, 947.20947265625, 563.1976318359375, 947.0, 563.0], [947.0, 563.0, 946.856201171875, 562.8643188476562, 947.5707397460938, 561.775634765625, 948.0, 562.0], [948.0, 562.0, 948.8841552734375, 562.4622192382812, 954.4292602539062, 562.224365234375, 954.0, 562.0], [954.0, 562.0, 953.7916259765625, 561.8910522460938, 953.293212890625, 560.7218017578125, 955.0, 561.0], [955.0, 561.0, 963.6113891601562, 562.4036254882812, 992.706787109375, 560.7218017578125, 991.0, 561.0], [991.0, 561.0, 990.6616821289062, 561.0551147460938, 991.2258911132812, 562.2481689453125, 992.0, 562.0], [992.0, 562.0, 994.2549438476562, 561.2771606445312, 1004.7741088867188, 561.7518310546875, 1004.0, 562.0], [1004.0, 562.0, 1003.7342529296875, 562.085205078125, 1004.12744140625, 563.2529296875, 1005.0, 563.0], [1005.0, 563.0, 1007.745361328125, 562.2041625976562, 1019.87255859375, 562.7470703125, 1019.0, 563.0], [1019.0, 563.0, 1018.72265625, 563.0803833007812, 1019.0804443359375, 564.2550048828125, 1020.0, 564.0], [1020.0, 564.0, 1022.9948120117188, 563.16943359375, 1035.9195556640625, 563.7449951171875, 1035.0, 564.0], [1035.0, 564.0, 1034.7176513671875, 564.0783081054688, 1035.1759033203125, 565.2506713867188, 1036.0, 565.0], [1036.0, 565.0, 1038.4986572265625, 564.2400512695312, 1049.8240966796875, 564.7493286132812, 1049.0, 565.0], [1049.0, 565.0, 1048.7281494140625, 565.0827026367188, 1049.3870849609375, 566.2387084960938, 1050.0, 566.0], [1050.0, 566.0, 1051.546142578125, 565.3978271484375, 1059.6129150390625, 565.7612915039062, 1059.0, 566.0], [1059.0, 566.0, 1058.757080078125, 566.0946044921875, 1059.4453125, 567.2346801757812, 1060.0, 567.0], [1060.0, 567.0, 1061.3192138671875, 566.4418334960938, 1068.5546875, 566.7653198242188, 1068.0, 567.0], [1068.0, 567.0, 1067.766845703125, 567.0986938476562, 1068.5064697265625, 568.22998046875, 1069.0, 568.0], [1069.0, 568.0, 1070.09814453125, 567.4883422851562, 1076.4935302734375, 567.77001953125, 1076.0, 568.0], [1076.0, 568.0, 1075.7781982421875, 568.1033935546875, 1076.5064697265625, 569.22998046875, 1077.0, 569.0], [1077.0, 569.0, 1078.09814453125, 568.4883422851562, 1084.4935302734375, 568.77001953125, 1084.0, 569.0], [1084.0, 569.0, 1083.7781982421875, 569.1033935546875, 1084.638916015625, 570.2175903320312, 1085.0, 570.0], [1085.0, 570.0, 1085.6788330078125, 569.5908203125, 1090.361083984375, 569.7824096679688, 1090.0, 570.0], [1090.0, 570.0, 1089.8079833984375, 570.11572265625, 1090.79052734375, 571.1976318359375, 1091.0, 571.0], [1091.0, 571.0, 1091.3050537109375, 570.712158203125, 1094.20947265625, 570.8023681640625, 1094.0, 571.0], [1094.0, 571.0, 1093.856201171875, 571.1356811523438, 1094.97119140625, 572.1522827148438, 1095.0, 572.0], [1095.0, 572.0, 1095.024169921875, 571.8719482421875, 1096.02880859375, 571.8477172851562, 1096.0, 572.0], [1096.0, 572.0, 1095.9656982421875, 572.1810913085938, 1097.1976318359375, 572.79052734375, 1097.0, 573.0], [1097.0, 573.0, 1096.712158203125, 573.3050537109375, 1096.8023681640625, 576.20947265625, 1097.0, 576.0], [1097.0, 576.0, 1097.1357421875, 575.856201171875, 1098.1810302734375, 576.8765258789062, 1098.0, 577.0], [1098.0, 577.0, 1097.78466796875, 577.1467895507812, 1097.8189697265625, 579.1234741210938, 1098.0, 579.0], [1098.0, 579.0, 1098.1522216796875, 578.8961791992188, 1099.1810302734375, 579.8765258789062, 1099.0, 580.0], [1099.0, 580.0, 1098.78466796875, 580.1467895507812, 1098.8189697265625, 582.1234741210938, 1099.0, 582.0], [1099.0, 582.0, 1099.1522216796875, 581.8961791992188, 1100.2633056640625, 581.8629150390625, 1100.0, 583.0], [1100.0, 583.0, 1099.009765625, 587.2760620117188, 1099.7366943359375, 604.1370849609375, 1100.0, 603.0], [1100.0, 603.0, 1100.070068359375, 602.6976318359375, 1101.274658203125, 602.4560546875, 1101.0, 604.0], [1101.0, 604.0, 1099.7139892578125, 611.2286987304688, 1100.725341796875, 636.5439453125, 1101.0, 635.0], [1101.0, 635.0, 1101.0587158203125, 634.6702270507812, 1102.300537109375, 632.4013671875, 1102.0, 636.0], [1102.0, 636.0, 1099.242919921875, 669.0103759765625, 1102.300537109375, 758.5986328125, 1102.0, 755.0], [1102.0, 755.0, 1101.96728515625, 754.6077270507812, 1100.72607421875, 754.489990234375, 1101.0, 756.0], [1101.0, 756.0, 1102.2613525390625, 762.9547119140625, 1101.27392578125, 787.510009765625, 1101.0, 786.0], [1101.0, 786.0, 