{"version": 15, "source_image": "Luculine.otf", "width": 2048, "height": 2048, "vector_format": "bezier_cubic", "strokes": [{"segments": [[1092.0, 675.0, 1092.0, 675.0, 1092.23876953125, 665.3870849609375, 1092.0, 666.0], [1092.0, 666.0, 1091.9053955078125, 666.2429809570312, 1090.8477783203125, 665.02880859375, 1091.0, 665.0], [1091.0, 665.0, 1091.1280517578125, 664.9757690429688, 1090.8477783203125, 663.97119140625, 1091.0, 664.0], [1091.0, 664.0, 1091.1810302734375, 664.0342407226562, 1092.2781982421875, 664.706787109375, 1092.0, 663.0], [1092.0, 663.0, 1090.596435546875, 654.3886108398438, 1092.2781982421875, 625.293212890625, 1092.0, 627.0], [1092.0, 627.0, 1091.94482421875, 627.3383178710938, 1090.765380859375, 626.5546875, 1091.0, 626.0], [1091.0, 626.0, 1091.55810546875, 624.6807861328125, 1091.234619140625, 617.4453125, 1091.0, 618.0], [1091.0, 618.0, 1090.9013671875, 618.2332153320312, 1089.7518310546875, 617.7741088867188, 1090.0, 617.0], [1090.0, 617.0, 1090.7227783203125, 614.7450561523438, 1090.2481689453125, 604.2258911132812, 1090.0, 605.0], [1090.0, 605.0, 1089.914794921875, 605.2657470703125, 1088.7823486328125, 604.3610229492188, 1089.0, 604.0], [1089.0, 604.0, 1089.4091796875, 603.3211669921875, 1089.2176513671875, 598.6389770507812, 1089.0, 599.0], [1089.0, 599.0, 1088.88427734375, 599.1920166015625, 1087.7823486328125, 598.3610229492188, 1088.0, 598.0], [1088.0, 598.0, 1088.4091796875, 597.3211669921875, 1088.2176513671875, 592.6389770507812, 1088.0, 593.0], [1088.0, 593.0, 1087.88427734375, 593.1920166015625, 1086.8189697265625, 592.1234741210938, 1087.0, 592.0], [1087.0, 592.0, 1087.21533203125, 591.8532104492188, 1087.1810302734375, 589.8765258789062, 1087.0, 590.0], [1087.0, 590.0, 1086.8477783203125, 590.1038208007812, 1085.8477783203125, 589.02880859375, 1086.0, 589.0], [1086.0, 589.0, 1086.1280517578125, 588.9757690429688, 1086.24853515625, 588.03955078125, 1086.0, 588.0], [1086.0, 588.0, 1085.5819091796875, 587.9334716796875, 1083.96044921875, 585.7514038085938, 1084.0, 586.0], [1084.0, 586.0, 1084.0235595703125, 586.1478271484375, 1082.97119140625, 586.1522827148438, 1083.0, 586.0], [1083.0, 586.0, 1083.0343017578125, 585.8189086914062, 1082.1234130859375, 584.8189086914062, 1082.0, 585.0], [1082.0, 585.0, 1081.8531494140625, 585.21533203125, 1079.8765869140625, 585.1810913085938, 1080.0, 585.0], [1080.0, 585.0, 1080.103759765625, 584.8477172851562, 1079.1234130859375, 583.8189086914062, 1079.0, 584.0], [1079.0, 584.0, 1078.8531494140625, 584.21533203125, 1076.8765869140625, 584.1810913085938, 1077.0, 584.0], [1077.0, 584.0, 1077.103759765625, 583.8477172851562, 1076.42919921875, 582.775634765625, 1076.0, 583.0], [1076.0, 583.0, 1075.1158447265625, 583.4622192382812, 1069.57080078125, 583.224365234375, 1070.0, 583.0], [1070.0, 583.0, 1070.2083740234375, 582.8910522460938, 1069.42919921875, 581.775634765625, 1069.0, 582.0], [1069.0, 582.0, 1068.1158447265625, 582.4622192382812, 1062.57080078125, 582.224365234375, 1063.0, 582.0], [1063.0, 582.0, 1063.2083740234375, 581.8910522460938, 1062.42919921875, 580.775634765625, 1062.0, 581.0], [1062.0, 581.0, 1061.1158447265625, 581.4622192382812, 1055.57080078125, 581.224365234375, 1056.0, 581.0], [1056.0, 581.0, 1056.2083740234375, 580.8910522460938, 1055.4935302734375, 579.77001953125, 1055.0, 580.0], [1055.0, 580.0, 1053.90185546875, 580.5116577148438, 1047.5064697265625, 580.22998046875, 1048.0, 580.0], [1048.0, 580.0, 1048.2218017578125, 579.8966064453125, 1047.42919921875, 578.775634765625, 1047.0, 579.0], [1047.0, 579.0, 1046.1158447265625, 579.4622192382812, 1040.57080078125, 579.224365234375, 1041.0, 579.0], [1041.0, 579.0, 1041.2083740234375, 578.8910522460938, 1040.4935302734375, 577.77001953125, 1040.0, 578.0], [1040.0, 578.0, 1038.90185546875, 578.5116577148438, 1032.5064697265625, 578.22998046875, 1033.0, 578.0], [1033.0, 578.0, 1033.2218017578125, 577.8966064453125, 1032.42919921875, 576.775634765625, 1032.0, 577.0], [1032.0, 577.0, 1031.1158447265625, 577.4622192382812, 1025.57080078125, 577.224365234375, 1026.0, 577.0], [1026.0, 577.0, 1026.2083740234375, 576.8910522460938, 1025.4935302734375, 575.77001953125, 1025.0, 576.0], [1025.0, 576.0, 1023.90185546875, 576.5116577148438, 1017.5064086914062, 576.22998046875, 1018.0, 576.0], [1018.0, 576.0, 1018.2218627929688, 575.8966064453125, 1017.4935913085938, 574.77001953125, 1017.0, 575.0], [1017.0, 575.0, 1015.90185546875, 575.5116577148438, 1009.5064086914062, 575.22998046875, 1010.0, 575.0], [1010.0, 575.0, 1010.2218627929688, 574.8966064453125, 1009.4935913085938, 573.77001953125, 1009.0, 574.0], [1009.0, 574.0, 1007.90185546875, 574.5116577148438, 1001.5064086914062, 574.22998046875, 1002.0, 574.0], [1002.0, 574.0, 1002.2218627929688, 573.8966064453125, 1001.4935913085938, 572.77001953125, 1001.0, 573.0], [1001.0, 573.0, 999.90185546875, 573.5116577148438, 993.5064086914062, 573.22998046875, 994.0, 573.0], [994.0, 573.0, 994.2218627929688, 572.8966064453125, 993.5546875, 571.7653198242188, 993.0, 572.0], [993.0, 572.0, 991.6807861328125, 572.5581665039062, 984.4453125, 572.2346801757812, 985.0, 572.0], [985.0, 572.0, 985.2332153320312, 571.9013061523438, 984.6129150390625, 570.7612915039062, 984.0, 571.0], [984.0, 571.0, 982.4537963867188, 571.6021728515625, 974.3870849609375, 571.2387084960938, 975.0, 571.0], [975.0, 571.0, 975.2429809570312, 570.9053955078125, 975.0956420898438, 569.7380981445312, 974.0, 570.0], [974.0, 570.0, 969.9840698242188, 570.9598999023438, 953.9043579101562, 570.2619018554688, 955.0, 570.0], [955.0, 570.0, 955.2988891601562, 569.9285278320312, 954.5546875, 568.7653198242188, 954.0, 569.0], [954.0, 569.0, 952.6807861328125, 569.5581665039062, 945.4453125, 568.7653198242188, 946.0, 569.0], [946.0, 569.0, 946.2332153320312, 569.0986938476562, 945.2881469726562, 570.2090454101562, 945.0, 570.0], [945.0, 570.0, 944.515380859375, 569.6484375, 940.7118530273438, 569.7909545898438, 941.0, 570.0], [941.0, 570.0, 941.1713256835938, 570.124267578125, 940.20947265625, 571.1976318359375, 940.0, 571.0], [940.0, 571.0, 939.6949462890625, 570.712158203125, 936.79052734375, 570.8023681640625, 937.0, 571.0], [937.0, 571.0, 937.143798828125, 571.1356811523438, 936.1234741210938, 572.1810913085938, 936.0, 572.0], [936.0, 572.0, 935.8532104492188, 571.78466796875, 933.9423828125, 571.6954956054688, 934.0, 572.0], [934.0, 572.0, 934.0685424804688, 572.3621215820312, 931.6954956054688, 573.9423828125, 932.0, 574.0], [932.0, 574.0, 932.256103515625, 574.0484619140625, 932.1810913085938, 576.1234741210938, 932.0, 576.0], [932.0, 576.0, 931.8477172851562, 575.8961791992188, 930.8023681640625, 576.79052734375, 931.0, 577.0], [931.0, 577.0, 931.287841796875, 577.3050537109375, 931.1976318359375, 580.20947265625, 931.0, 580.0], [931.0, 580.0, 930.8643188476562, 579.856201171875, 929.7909545898438, 580.7118530273438, 930.0, 581.0], [930.0, 581.0, 930.3515625, 581.484619140625, 930.2090454101562, 585.2881469726562, 930.0, 585.0], [930.0, 585.0, 929.875732421875, 584.8286743164062, 928.7238159179688, 584.3895874023438, 929.0, 586.0], [929.0, 586.0, 930.3340454101562, 593.7793579101562, 928.7238159179688, 620.6104125976562, 929.0, 619.0], [929.0, 619.0, 929.0571899414062, 618.6666259765625, 930.2721557617188, 618.5595092773438, 930.0, 620.0], [930.0, 620.0, 928.7889404296875, 626.4096069335938, 929.7278442382812, 649.4404907226562, 930.0, 648.0], [930.0, 648.0, 930.0611572265625, 647.67626953125, 931.271240234375, 647.5950927734375, 931.0, 649.0], [931.0, 649.0, 929.8147583007812, 655.1386108398438, 930.728759765625, 677.4049072265625, 931.0, 676.0], [931.0, 676.0, 931.0620727539062, 675.678466796875, 932.2703247070312, 675.6312866210938, 932.0, 677.0], [932.0, 677.0, 930.841064453125, 682.8687133789062, 931.7296752929688, 704.3687133789062, 932.0, 703.0], [932.0, 703.0, 932.0630493164062, 702.6807861328125, 933.269287109375, 702.6680908203125, 933.0, 704.0], [933.0, 704.0, 931.8677978515625, 709.5999145507812, 