{"version": 15, "source_image": "Luculine.otf", "width": 2048, "height": 2048, "vector_format": "bezier_cubic", "strokes": [{"segments": [[923.0, 568.0, 923.0, 568.0, 1107.0, 568.0, 1107.0, 568.0]], "color_group_id": 0}, {"segments": [[1012.0, 568.0, 1012.0, 568.0, 1010.8477172851562, 569.3333129882812, 1011.0, 569.0], [1011.0, 569.0, 1011.1280517578125, 568.7197265625, 1011.0, 567.6666870117188, 1011.0, 568.0], [1011.0, 568.0, 1011.0, 568.3333129882812, 1011.1522827148438, 569.3333129882812, 1011.0, 569.0], [1011.0, 569.0, 1010.8189086914062, 568.6035766601562, 1009.6666870117188, 567.6666870117188, 1010.0, 568.0], [1010.0, 568.0, 1010.3333129882812, 568.3333129882812, 1011.3065795898438, 564.333984375, 1011.0, 569.0], [1011.0, 569.0, 1007.4838256835938, 622.51123046875, 1010.6934204101562, 759.666015625, 1011.0, 755.0], [1011.0, 755.0, 1011.0267333984375, 754.5931396484375, 1012.2910766601562, 753.4579467773438, 1012.0, 756.0], [1012.0, 756.0, 1009.9967041015625, 773.4969482421875, 1011.7089233398438, 825.5420532226562, 1012.0, 823.0], [1012.0, 823.0, 1012.0422973632812, 822.6306762695312, 1013.284912109375, 821.9130859375, 1013.0, 824.0], [1013.0, 824.0, 1011.3228149414062, 836.2843017578125, 1012.715087890625, 875.0869140625, 1013.0, 873.0], [1013.0, 873.0, 1013.0484008789062, 872.6454467773438, 1014.2794189453125, 872.2310180664062, 1014.0, 874.0], [1014.0, 874.0, 1012.5515747070312, 883.1697998046875, 1013.7205810546875, 913.7689819335938, 1014.0, 912.0], [1014.0, 912.0, 1014.0538940429688, 911.6587524414062, 1015.2775268554688, 911.3248901367188, 1015.0, 913.0], [1015.0, 913.0, 1013.6192626953125, 921.3333129882812, 1014.7224731445312, 949.6751098632812, 1015.0, 948.0], [1015.0, 948.0, 1015.0557861328125, 947.6632690429688, 1016.2721557617188, 947.5595092773438, 1016.0, 949.0], [1016.0, 949.0, 1014.7889404296875, 955.4096069335938, 1015.7278442382812, 978.4404907226562, 1016.0, 977.0], [1016.0, 977.0, 1016.0611572265625, 976.67626953125, 1017.2481689453125, 977.2258911132812, 1017.0, 978.0], [1017.0, 978.0, 1016.2771606445312, 980.2549438476562, 1016.7518310546875, 990.7741088867188, 1017.0, 990.0], [1017.0, 990.0, 1017.085205078125, 989.7342529296875, 1018.2387084960938, 990.3870849609375, 1018.0, 991.0], [1018.0, 991.0, 1017.3978271484375, 992.5462036132812, 1018.0, 1000.0, 1018.0, 1000.0]], "color_group_id": 0}], "stats": {"curves": 2, "segments": 21, "char": "T", "converter": "pillow_fill_skimage_skeleton_imagevectorizer"}}