{"version": 14, "source_image": "FontPngs\\0054.png", "width": 2048, "height": 2048, "vector_format": "bezier_cubic", "strokes": [{"segments": [[1033.0, 664.0, 1032.663330078125, 663.1729736328125, 1025.5064697265625, 663.77001953125, 1026.0, 664.0], [1026.0, 664.0, 1026.2218017578125, 664.1033935546875, 1025.722412109375, 665.245361328125, 1025.0, 665.0], [1025.0, 665.0, 1022.9853515625, 664.3157348632812, 1013.2776489257812, 664.754638671875, 1014.0, 665.0], [1014.0, 665.0, 1014.259033203125, 665.0879516601562, 1013.7223510742188, 666.245361328125, 1013.0, 666.0], [1013.0, 666.0, 1010.9853515625, 665.3157348632812, 1001.2776489257812, 665.754638671875, 1002.0, 666.0], [1002.0, 666.0, 1002.259033203125, 666.0879516601562, 1001.7741088867188, 667.2481689453125, 1001.0, 667.0], [1001.0, 667.0, 998.7450561523438, 666.2771606445312, 988.2258911132812, 666.7518310546875, 989.0, 667.0], [989.0, 667.0, 989.2657470703125, 667.085205078125, 988.8240966796875, 668.2506713867188, 988.0, 668.0], [988.0, 668.0, 985.5014038085938, 667.2400512695312, 974.1759033203125, 667.7493286132812, 975.0, 668.0], [975.0, 668.0, 975.2717895507812, 668.0827026367188, 974.668701171875, 669.2422485351562, 974.0, 669.0], [974.0, 669.0, 972.2217407226562, 668.3558349609375, 963.331298828125, 668.7577514648438, 964.0, 669.0], [964.0, 669.0, 964.25146484375, 669.0911254882812, 963.668701171875, 670.2422485351562, 963.0, 670.0], [963.0, 670.0, 961.2217407226562, 669.3558349609375, 952.331298828125, 669.7577514648438, 953.0, 670.0], [953.0, 670.0, 953.25146484375, 670.0911254882812, 952.2881469726562, 671.2090454101562, 952.0, 671.0], [952.0, 671.0, 951.515380859375, 670.6484375, 947.7118530273438, 670.7909545898438, 948.0, 671.0], [948.0, 671.0, 948.1713256835938, 671.124267578125, 947.3610229492188, 672.2175903320312, 947.0, 672.0], [947.0, 672.0, 946.3211669921875, 671.5908203125, 941.6389770507812, 671.7824096679688, 942.0, 672.0], [942.0, 672.0, 942.1920166015625, 672.11572265625, 941.20947265625, 673.1976318359375, 941.0, 673.0], [941.0, 673.0, 940.6949462890625, 672.712158203125, 937.79052734375, 672.8023681640625, 938.0, 673.0], [938.0, 673.0, 938.143798828125, 673.1356811523438, 937.4935913085938, 674.22998046875, 937.0, 674.0], [937.0, 674.0, 935.90185546875, 673.4883422851562, 930.0, 674.0, 930.0, 674.0]]}, {"segments": [[964.0, 670.0, 964.1810913085938, 669.6035766601562, 965.3333129882812, 668.6666870117188, 965.0, 669.0], [965.0, 669.0, 964.6666870117188, 669.3333129882812, 964.02880859375, 670.1522827148438, 964.0, 670.0], [964.0, 670.0, 963.9757690429688, 669.8719482421875, 963.0, 670.0, 963.0, 670.0]]}, {"segments": [[1038.0, 657.0, 1038.276123046875, 657.3905029296875, 1038.1953125, 659.276123046875, 1038.0, 659.0], [1038.0, 659.0, 1037.8619384765625, 658.8047485351562, 1036.8333740234375, 658.8333129882812, 1037.0, 659.0], [1037.0, 659.0, 1037.1666259765625, 659.1666870117188, 1037.1666259765625, 660.1666870117188, 1037.0, 660.0], [1037.0, 660.0, 1036.8333740234375, 659.8333129882812, 1035.8333740234375, 659.8333129882812, 1036.0, 660.0], [1036.0, 660.0, 1036.1666259765625, 660.1666870117188, 1036.1666259765625, 661.1666870117188, 1036.0, 661.0], [1036.0, 661.0, 1035.8333740234375, 660.8333129882812, 1034.8046875, 660.723876953125, 1035.0, 661.0], [1035.0, 661.0, 1035.276123046875, 661.3905029296875, 1035.1953125, 663.276123046875, 1035.0, 663.0], [1035.0, 663.0, 1034.8619384765625, 662.8047485351562, 1033.69677734375, 659.9531860351562, 1034.0, 663.0], [1034.0, 663.0, 1037.0467529296875, 693.619873046875, 1034.298095703125, 767.2642211914062, 1034.0, 764.0], [1034.0, 764.0, 1033.9647216796875, 763.61376953125, 1032.7127685546875, 762.7537231445312, 1033.0, 765.0], [1033.0, 765.0, 1034.79150390625, 779.00830078125, 1033.2872314453125, 822.2462768554688, 1033.0, 820.0], [1033.0, 820.0, 1032.9539794921875, 819.6398315429688, 1031.7269287109375, 819.5244750976562, 1032.0, 821.0], [1032.0, 821.0, 1033.2364501953125, 827.6817016601562, 1032.2730712890625, 851.4755249023438, 1032.0, 850.0], [1032.0, 850.0, 1031.939697265625, 849.6741333007812, 1030.728759765625, 849.5950927734375, 1031.0, 851.0], [1031.0, 851.0, 1032.1851806640625, 857.1386108398438, 1031.271240234375, 879.4049072265625, 1031.0, 878.0], [1031.0, 878.0, 1030.9378662109375, 877.678466796875, 1029.728759765625, 877.5950927734375, 1030.0, 879.0], [1030.0, 879.0, 1031.1851806640625, 885.1386108398438, 1030.271240234375, 907.4049072265625, 1030.0, 906.0], [1030.0, 906.0, 1029.9378662109375, 905.678466796875, 1028.727783203125, 905.5595092773438, 1029.0, 907.0], [1029.0, 907.0, 1030.2110595703125, 913.4096069335938, 1029.272216796875, 936.4404907226562, 1029.0, 935.0], [1029.0, 935.0, 1028.9388427734375, 934.67626953125, 1027.728759765625, 934.5950927734375, 1028.0, 936.0], [1028.0, 936.0, 1029.1851806640625, 942.1386108398438, 1027.728759765625, 964.4049072265625, 1028.0, 963.0], [1028.0, 963.0, 1028.0621337890625, 962.678466796875, 1029.2506103515625, 963.1759033203125, 1029.0, 964.0], [1029.0, 964.0, 1028.239990234375, 966.4985961914062, 1028.7493896484375, 977.8240966796875, 1029.0, 977.0], [1029.0, 977.0, 1029.0826416015625, 976.7282104492188, 1030.224365234375, 977.5707397460938, 1030.0, 978.0], [1030.0, 978.0, 1029.537841796875, 978.8841552734375, 1029.775634765625, 984.4292602539062, 1030.0, 984.0], [1030.0, 984.0, 1030.10888671875, 983.7916259765625, 1031.2176513671875, 984.6389770507812, 1031.0, 985.0], [1031.0, 985.0, 1030.5908203125, 985.6788330078125, 1030.7823486328125, 990.3610229492188, 1031.0, 990.0], [1031.0, 990.0, 1031.11572265625, 989.8079833984375, 1032.224365234375, 990.5707397460938, 1032.0, 991.0], [1032.0, 991.0, 1031.537841796875, 991.8841552734375, 1032.0, 997.0, 1032.0, 997.0]]}, {"segments": [[1114.0, 654.0, 1114.2218017578125, 653.8966064453125, 1113.2880859375, 652.7909545898438, 1113.0, 653.0], [1113.0, 653.0, 1112.515380859375, 653.3515625, 1108.7119140625, 653.2090454101562, 1109.0, 653.0], [1109.0, 653.0, 1109.17138671875, 652.875732421875, 1108.42919921875, 651.775634765625, 1108.0, 652.0], [1108.0, 652.0, 1107.1158447265625, 652.4622192382812, 1101.57080078125, 652.224365234375, 1102.0, 652.0], [1102.0, 652.0, 1102.2083740234375, 651.8910522460938, 1101.02880859375, 650.8477172851562, 1101.0, 651.0], [1101.0, 651.0, 1100.975830078125, 651.1280517578125, 1099.97119140625, 650.8477172851562, 1100.0, 651.0], [1100.0, 651.0, 1100.0343017578125, 651.1810913085938, 1099.96533203125, 652.2569580078125, 1099.0, 652.0], [1099.0, 652.0, 1095.753173828125, 651.1357421875, 1082.03466796875, 651.7430419921875, 1083.0, 652.0], [1083.0, 652.0, 1083.2869873046875, 652.076416015625, 1082.87255859375, 653.2529296875, 1082.0, 653.0], [1082.0, 653.0, 1079.254638671875, 652.2041625976562, 1067.12744140625, 652.7470703125, 1068.0, 653.0], [1068.0, 653.0, 1068.27734375, 653.0803833007812, 1067.7740478515625, 654.2481689453125, 1067.0, 654.0], [1067.0, 654.0, 1064.7451171875, 653.2771606445312, 1054.2259521484375, 653.7518310546875, 1055.0, 654.0], [1055.0, 654.0, 1055.2657470703125, 654.085205078125, 1054.361083984375, 655.2175903320312, 1054.0, 655.0], [1054.0, 655.0, 1053.3211669921875, 654.5908203125, 1048.638916015625, 654.7824096679688, 1049.0, 655.0], [1049.0, 655.0, 1049.1920166015625, 655.11572265625, 1048.2880859375, 656.2090454101562, 1048.0, 656.0], [1048.0, 656.0, 1047.515380859375, 655.6484375, 1043.7119140625, 655.7909545898438, 1044.0, 656.0], [1044.0, 656.0, 1044.17138671875, 656.124267578125, 1043.2880859375, 657.2090454101562, 1043.0, 657.0], [1043.0, 657.0, 1042.515380859375, 656.6484375, 1038.620361328125, 656.6185302734375, 1039.0, 657.0], [1039.0, 657.0, 1039.283935546875, 657.2852172851562, 1038.066162109375, 659.2671508789062, 1038.0, 659.0], [1038.0, 659.0, 1037.955810546875, 658.8213500976562, 1036.8333740234375, 658.8333129882812, 1037.0, 659.0], [1037.0, 659.0, 1037.1666259765625, 659.1666870117188, 1037.1666259765625, 660.1666870117188, 1037.0, 660.0], [1037.0, 