{"version": 15, "source_image": "Luculine.otf", "width": 2048, "height": 2048, "vector_format": "bezier_cubic", "strokes": [{"segments": [[1087.0, 565.0, 1087.0, 565.0, 1087.2481689453125, 577.7741088867188, 1087.0, 577.0], [1087.0, 577.0, 1086.914794921875, 576.7342529296875, 1085.714599609375, 575.8858642578125, 1086.0, 578.0], [1086.0, 578.0, 1087.6966552734375, 590.570556640625, 1086.285400390625, 630.1141357421875, 1086.0, 628.0], [1086.0, 628.0, 1085.9520263671875, 627.6444702148438, 1084.7159423828125, 626.9682006835938, 1085.0, 629.0], [1085.0, 629.0, 1086.6375732421875, 640.7131958007812, 1084.7159423828125, 678.0317993164062, 1085.0, 676.0], [1085.0, 676.0, 1085.04931640625, 675.6475830078125, 1086.2845458984375, 674.9404907226562, 1086.0, 677.0], [1086.0, 677.0, 1084.342529296875, 688.99853515625, 1085.7154541015625, 727.0595092773438, 1086.0, 725.0], [1086.0, 725.0, 1086.048828125, 724.646484375, 1087.265869140625, 724.7826538085938, 1087.0, 726.0], [1087.0, 726.0, 1085.951171875, 730.80126953125, 1086.734130859375, 749.2173461914062, 1087.0, 748.0], [1087.0, 748.0, 1087.0673828125, 747.6913452148438, 1088.2529296875, 748.12744140625, 1088.0, 749.0], [1088.0, 749.0, 1087.2041015625, 751.745361328125, 1087.7470703125, 763.87255859375, 1088.0, 763.0], [1088.0, 763.0, 1088.0804443359375, 762.72265625, 1089.2529296875, 763.12744140625, 1089.0, 764.0], [1089.0, 764.0, 1088.2041015625, 766.745361328125, 1088.7470703125, 778.87255859375, 1089.0, 778.0], [1089.0, 778.0, 1089.0804443359375, 777.72265625, 1090.2550048828125, 778.0804443359375, 1090.0, 779.0], [1090.0, 779.0, 1089.16943359375, 781.9948120117188, 1089.7449951171875, 794.9195556640625, 1090.0, 794.0], [1090.0, 794.0, 1090.0782470703125, 793.7176513671875, 1091.2550048828125, 794.0804443359375, 1091.0, 795.0], [1091.0, 795.0, 1090.16943359375, 797.9948120117188, 1090.7449951171875, 810.9195556640625, 1091.0, 810.0], [1091.0, 810.0, 1091.0782470703125, 809.7176513671875, 1092.2603759765625, 809.94677734375, 1092.0, 811.0], [1092.0, 811.0, 1091.0711669921875, 814.757568359375, 1091.7396240234375, 830.05322265625, 1092.0, 829.0], [1092.0, 829.0, 1092.072998046875, 828.7047729492188, 1093.269287109375, 828.6680908203125, 1093.0, 830.0], [1093.0, 830.0, 1091.8677978515625, 835.5999145507812, 1092.730712890625, 856.3319091796875, 1093.0, 855.0], [1093.0, 855.0, 1093.0640869140625, 854.6832275390625, 1094.272216796875, 854.5595092773438, 1094.0, 856.0], [1094.0, 856.0, 1092.7889404296875, 862.4096069335938, 1093.727783203125, 885.4404907226562, 1094.0, 884.0], [1094.0, 884.0, 1094.0611572265625, 883.67626953125, 1095.2481689453125, 884.2258911132812, 1095.0, 885.0], [1095.0, 885.0, 1094.2772216796875, 887.2549438476562, 1095.2481689453125, 897.7741088867188, 1095.0, 897.0], [1095.0, 897.0, 1094.914794921875, 896.7342529296875, 1093.7269287109375, 896.5244750976562, 1094.0, 898.0], [1094.0, 898.0, 1095.2364501953125, 904.6817016601562, 1094.2730712890625, 928.4755249023438, 1094.0, 927.0], [1094.0, 927.0, 1093.939697265625, 926.6741333007812, 1092.7413330078125, 926.9901733398438, 1093.0, 928.0], [1093.0, 928.0, 1093.89697265625, 931.5011596679688, 1093.2586669921875, 946.0098266601562, 1093.0, 945.0], [1093.0, 945.0, 1092.9254150390625, 944.708740234375, 1091.77001953125, 945.5064086914062, 1092.0, 946.0], [1092.0, 946.0, 1092.5115966796875, 947.09814453125, 1092.22998046875, 953.4935913085938, 1092.0, 953.0], [1092.0, 953.0, 1091.8966064453125, 952.7781372070312, 1090.754638671875, 953.2776489257812, 1091.0, 954.0], [1091.0, 954.0, 1091.684326171875, 956.0146484375, 1091.245361328125, 965.7223510742188, 1091.0, 965.0], [1091.0, 965.0, 1090.9119873046875, 964.740966796875, 1089.775634765625, 965.5707397460938, 1090.0, 966.0], [1090.0, 966.0, 1090.462158203125, 966.8841552734375, 1090.224365234375, 972.4292602539062, 1090.0, 972.0], [1090.0, 972.0, 1089.89111328125, 971.7916259765625, 1088.8023681640625, 972.79052734375, 1089.0, 973.0], [1089.0, 973.0, 1089.287841796875, 973.3050537109375, 1089.1976318359375, 976.20947265625, 1089.0, 976.0], [1089.0, 976.0, 1088.8642578125, 975.856201171875, 1087.791015625, 976.7118530273438, 1088.0, 977.0], [1088.0, 977.0, 1088.3515625, 977.484619140625, 1088.208984375, 981.2881469726562, 1088.0, 981.0], [1088.0, 981.0, 1087.875732421875, 980.8286743164062, 1086.8023681640625, 981.79052734375, 1087.0, 982.0], [1087.0, 982.0, 1087.287841796875, 982.3050537109375, 1087.1976318359375, 985.20947265625, 1087.0, 985.0], [1087.0, 985.0, 1086.8642578125, 984.856201171875, 1085.8477783203125, 985.97119140625, 1086.0, 986.0], [1086.0, 986.0, 1086.1280517578125, 986.0242309570312, 1086.1522216796875, 987.02880859375, 1086.0, 987.0], [1086.0, 987.0, 1085.8189697265625, 986.9657592773438, 1084.8477783203125, 987.97119140625, 1085.0, 988.0], [1085.0, 988.0, 1085.1280517578125, 988.0242309570312, 1085.1522216796875, 989.02880859375, 1085.0, 989.0], [1085.0, 989.0, 1084.8189697265625, 988.9657592773438, 1084.02880859375, 990.1522827148438, 1084.0, 990.0], [1084.0, 990.0, 1083.975830078125, 989.8719482421875, 1082.97119140625, 989.8477172851562, 1083.0, 990.0], [1083.0, 990.0, 1083.0343017578125, 990.1810913085938, 1082.1234130859375, 991.1810913085938, 1082.0, 991.0], [1082.0, 991.0, 1081.8531494140625, 990.78466796875, 1079.8765869140625, 990.8189086914062, 1080.0, 991.0], [1080.0, 991.0, 1080.103759765625, 991.1522827148438, 1079.20947265625, 992.1976318359375, 1079.0, 992.0], [1079.0, 992.0, 1078.6949462890625, 991.712158203125, 1075.79052734375, 991.8023681640625, 1076.0, 992.0], [1076.0, 992.0, 1076.143798828125, 992.1356811523438, 1075.2880859375, 993.2090454101562, 1075.0, 993.0], [1075.0, 993.0, 1074.515380859375, 992.6484375, 1070.7119140625, 992.7909545898438, 1071.0, 993.0], [1071.0, 993.0, 1071.17138671875, 993.124267578125, 1070.5546875, 994.2346801757812, 1070.0, 994.0], [1070.0, 994.0, 1068.6807861328125, 993.4418334960938, 1061.4453125, 993.7653198242188, 1062.0, 994.0], [1062.0, 994.0, 1062.233154296875, 994.0986938476562, 1062.4754638671875, 995.2730102539062, 1061.0, 995.0], [1061.0, 995.0, 1054.318359375, 993.7636108398438, 1030.5245361328125, 995.2730102539062, 1032.0, 995.0], [1032.0, 995.0, 1032.3258056640625, 994.939697265625, 1032.2562255859375, 993.73291015625, 1031.0, 994.0], [1031.0, 994.0, 1025.933837890625, 995.0771484375, 1006.7437744140625, 994.26708984375, 1008.0, 994.0], [1008.0, 994.0, 1008.3115234375, 993.9337768554688, 1007.5546875, 992.7653198242188, 1007.0, 993.0], [1007.0, 993.0, 1005.6807861328125, 993.5581665039062, 998.4453125, 993.2346801757812, 999.0, 993.0], [999.0, 993.0, 999.2332153320312, 992.9013061523438, 998.7741088867188, 991.7518310546875, 998.0, 992.0], [998.0, 992.0, 995.7450561523438, 992.7228393554688, 985.2258911132812, 992.2481689453125, 986.0, 992.0], [986.0, 992.0, 986.2657470703125, 991.914794921875, 985.4935913085938, 990.77001953125, 985.0, 991.0], [985.0, 991.0, 983.90185546875, 991.5116577148438, 977.5064086914062, 991.22998046875, 978.0, 991.0], [978.0, 991.0, 978.2218627929688, 990.8966064453125, 977.2881469726562, 989.7909545898438, 977.0, 990.0], [977.0, 990.0, 976.515380859375, 990.3515625, 972.7118530273438, 990.2090454101562, 973.0, 990.0], [973.0, 990.0, 973.1713256835938, 989.875732421875, 972.20947265625, 988.8023681640625, 972.0, 989.0], [972.0, 989.0, 971.6949462890625, 989.287841796875, 968.79052734375, 989.1976318359375, 969.0, 989.0], [969.0, 989.0, 969.143798828125, 988.8643188476562, 968.3610229492188, 987.7824096679688, 968.0, 988.0], [968.0, 988.0, 967.3211669921875, 988.4091796875, 962.6389770507812, 988.2175903320312, 963.0, 988.0], [963.0, 988.0, 963.1920166015625, 987.88427734375, 962.2881469726562, 986.7909545898438, 962.0, 987.0], [962.0, 987.0, 961.515380859375, 987.3515625, 957.7118530273438, 987.2090454101562, 958.0, 987.0], [958.0, 987.0, 958.1713256835938, 986.875732421875, 957.02880859375, 985.8477172851562, 957.0, 986.0], [957.0, 986.0, 956.9757690429688, 986.1280517578125, 