{"version": 15, "source_image": "Luculine.otf", "width": 2048, "height": 2048, "vector_format": "bezier_cubic", "strokes": [{"segments": [[925.0, 574.0, 925.0, 574.0, 924.7577514648438, 584.668701171875, 925.0, 584.0], [925.0, 584.0, 925.0911254882812, 583.74853515625, 926.224365234375, 584.5707397460938, 926.0, 585.0], [926.0, 585.0, 925.5377807617188, 585.8841552734375, 925.775634765625, 591.4292602539062, 926.0, 591.0], [926.0, 591.0, 926.1089477539062, 590.7916259765625, 927.2481689453125, 591.2258911132812, 927.0, 592.0], [927.0, 592.0, 926.2771606445312, 594.2549438476562, 926.7518310546875, 604.7741088867188, 927.0, 604.0], [927.0, 604.0, 927.085205078125, 603.7342529296875, 928.2506713867188, 604.1759033203125, 928.0, 605.0], [928.0, 605.0, 927.2400512695312, 607.4985961914062, 927.7493286132812, 618.8240966796875, 928.0, 618.0], [928.0, 618.0, 928.0827026367188, 617.7282104492188, 929.2529296875, 618.12744140625, 929.0, 619.0], [929.0, 619.0, 928.2041625976562, 621.745361328125, 928.7470703125, 633.87255859375, 929.0, 633.0], [929.0, 633.0, 929.0803833007812, 632.72265625, 930.2646484375, 632.8223876953125, 930.0, 634.0], [930.0, 634.0, 928.9801635742188, 638.5379028320312, 929.7353515625, 656.1776123046875, 930.0, 655.0], [930.0, 655.0, 930.0686645507812, 654.6943969726562, 931.2646484375, 654.8223876953125, 931.0, 656.0], [931.0, 656.0, 929.9801635742188, 660.5379028320312, 930.7353515625, 678.1776123046875, 931.0, 677.0], [931.0, 677.0, 931.0686645507812, 676.6943969726562, 932.2738647460938, 676.489990234375, 932.0, 678.0], [932.0, 678.0, 930.7385864257812, 684.9547119140625, 931.7261352539062, 709.510009765625, 932.0, 708.0], [932.0, 708.0, 932.0594482421875, 707.6721801757812, 933.2721557617188, 707.5595092773438, 933.0, 709.0], [933.0, 709.0, 931.7889404296875, 715.4096069335938, 932.7278442382812, 738.4404907226562, 933.0, 737.0], [933.0, 737.0, 933.0611572265625, 736.67626953125, 934.3007202148438, 734.383544921875, 934.0, 738.0], [934.0, 738.0, 931.2301635742188, 771.3130493164062, 933.6992797851562, 861.616455078125, 934.0, 858.0], [934.0, 858.0, 934.0326538085938, 857.607421875, 935.2175903320312, 858.6389770507812, 935.0, 859.0], [935.0, 859.0, 934.5908203125, 859.6788330078125, 934.7824096679688, 864.3610229492188, 935.0, 864.0], [935.0, 864.0, 935.11572265625, 863.8079833984375, 936.2090454101562, 864.7118530273438, 936.0, 865.0], [936.0, 865.0, 935.6484375, 865.484619140625, 935.7909545898438, 869.2881469726562, 936.0, 869.0], [936.0, 869.0, 936.124267578125, 868.8286743164062, 937.1976318359375, 869.79052734375, 937.0, 870.0], [937.0, 870.0, 936.712158203125, 870.3050537109375, 936.8023681640625, 873.20947265625, 937.0, 873.0], [937.0, 873.0, 937.1356811523438, 872.856201171875, 938.1810913085938, 873.8765258789062, 938.0, 874.0], [938.0, 874.0, 937.78466796875, 874.1467895507812, 937.6954956054688, 876.0576171875, 938.0, 876.0], [938.0, 876.0, 938.3621215820312, 875.9314575195312, 940.03955078125, 878.2485961914062, 940.0, 878.0], [940.0, 878.0, 939.9765014648438, 877.8521728515625, 941.02880859375, 877.8477172851562, 941.0, 878.0], [941.0, 878.0, 940.9657592773438, 878.1810913085938, 941.97119140625, 879.1522827148438, 942.0, 879.0], [942.0, 879.0, 942.0242309570312, 878.8719482421875, 943.02880859375, 878.8477172851562, 943.0, 879.0], [943.0, 879.0, 942.9657592773438, 879.1810913085938, 943.97119140625, 880.1522827148438, 944.0, 880.0], [944.0, 880.0, 944.0242309570312, 879.8719482421875, 945.02880859375, 879.8477172851562, 945.0, 880.0], [945.0, 880.0, 944.9657592773438, 880.1810913085938, 945.8765258789062, 881.1810913085938, 946.0, 881.0], [946.0, 881.0, 946.1467895507812, 880.78466796875, 948.1234741210938, 880.8189086914062, 948.0, 881.0], [948.0, 881.0, 947.8961791992188, 881.1522827148438, 948.97119140625, 882.1522827148438, 949.0, 882.0], [949.0, 882.0, 949.0242309570312, 881.8719482421875, 950.02880859375, 881.8477172851562, 950.0, 882.0], [950.0, 882.0, 949.9657592773438, 882.1810913085938, 950.79052734375, 883.1976318359375, 951.0, 883.0], [951.0, 883.0, 951.3050537109375, 882.712158203125, 954.20947265625, 882.8023681640625, 954.0, 883.0], [954.0, 883.0, 953.856201171875, 883.1356811523438, 954.79052734375, 884.1976318359375, 955.0, 884.0], [955.0, 884.0, 955.3050537109375, 883.712158203125, 958.20947265625, 883.8023681640625, 958.0, 884.0], [958.0, 884.0, 957.856201171875, 884.1356811523438, 958.8765258789062, 885.1810913085938, 959.0, 885.0], [959.0, 885.0, 959.1467895507812, 884.78466796875, 961.1234741210938, 884.8189086914062, 961.0, 885.0], [961.0, 885.0, 960.8961791992188, 885.1522827148438, 961.8765258789062, 886.1810913085938, 962.0, 886.0], [962.0, 886.0, 962.1467895507812, 885.78466796875, 964.1234741210938, 885.8189086914062, 964.0, 886.0], [964.0, 886.0, 963.8961791992188, 886.1522827148438, 964.7118530273438, 887.2090454101562, 965.0, 887.0], [965.0, 887.0, 965.484619140625, 886.6484375, 969.2881469726562, 886.7909545898438, 969.0, 887.0], [969.0, 887.0, 968.8286743164062, 887.124267578125, 969.6389770507812, 888.2175903320312, 970.0, 888.0], [970.0, 888.0, 970.6788330078125, 887.5908203125, 975.3610229492188, 887.7824096679688, 975.0, 888.0], [975.0, 888.0, 974.8079833984375, 888.11572265625, 975.79052734375, 889.1976318359375, 976.0, 889.0], [976.0, 889.0, 976.3050537109375, 888.712158203125, 979.20947265625, 888.8023681640625, 979.0, 889.0], [979.0, 889.0, 978.856201171875, 889.1356811523438, 979.3870849609375, 890.2387084960938, 980.0, 890.0], [980.0, 890.0, 981.5462036132812, 889.3978271484375, 989.6129150390625, 889.7612915039062, 989.0, 890.0], [989.0, 890.0, 988.7570190429688, 890.0946044921875, 989.0804443359375, 891.2550048828125, 990.0, 891.0], [990.0, 891.0, 992.9948120117188, 890.16943359375, 1005.9195556640625, 890.7449951171875, 1005.0, 891.0], [1005.0, 891.0, 1004.7176513671875, 891.0783081054688, 1005.2258911132812, 892.2481689453125, 1006.0, 892.0], [1006.0, 892.0, 1008.2549438476562, 891.2771606445312, 1019.6329956054688, 892.0, 1018.0, 892.0], [1018.0, 892.0, 1017.3333129882812, 892.0, 1015.514404296875, 891.8189086914062, 1016.0, 892.0], [1016.0, 892.0, 1016.4083251953125, 892.1522827148438, 1017.1522827148438, 893.3333129882812, 1017.0, 893.0], [1017.0, 893.0, 1016.8719482421875, 892.7197265625, 1017.0, 891.6666870117188, 1017.0, 892.0], [1017.0, 892.0, 1017.0, 892.3333129882812, 1017.0, 893.0, 1017.0, 893.0]],