{"version": 15, "source_image": "Luculine.otf", "width": 2048, "height": 2048, "vector_format": "bezier_cubic", "strokes": [{"segments": [[1041.0, 488.0, 1041.0, 488.0, 985.805908203125, 487.7134704589844, 988.0, 488.0], [988.0, 488.0, 988.3583984375, 488.04681396484375, 987.20947265625, 489.1976318359375, 987.0, 489.0], [987.0, 489.0, 986.6949462890625, 488.712158203125, 983.79052734375, 488.8023681640625, 984.0, 489.0], [984.0, 489.0, 984.143798828125, 489.13568115234375, 983.20947265625, 490.1976318359375, 983.0, 490.0], [983.0, 490.0, 982.6949462890625, 489.712158203125, 979.79052734375, 489.8023681640625, 980.0, 490.0], [980.0, 490.0, 980.143798828125, 490.13568115234375, 979.02880859375, 491.1522521972656, 979.0, 491.0], [979.0, 491.0, 978.9757690429688, 490.8719482421875, 978.03955078125, 490.75140380859375, 978.0, 491.0], [978.0, 491.0, 977.9334716796875, 491.4180908203125, 975.6617431640625, 492.8456115722656, 976.0, 493.0], [976.0, 493.0, 976.3483276367188, 493.1590270996094, 976.1976318359375, 496.2094421386719, 976.0, 496.0], [976.0, 496.0, 975.8643188476562, 495.856201171875, 974.8477172851562, 496.97119140625, 975.0, 497.0], [975.0, 497.0, 975.1280517578125, 497.02423095703125, 975.1522827148438, 498.02880859375, 975.0, 498.0], [975.0, 498.0, 974.8189086914062, 497.9657287597656, 973.7653198242188, 498.4453430175781, 974.0, 499.0], [974.0, 499.0, 974.5581665039062, 500.3192138671875, 974.2346801757812, 507.5546569824219, 974.0, 507.0], [974.0, 507.0, 973.9013061523438, 506.76678466796875, 972.7824096679688, 507.6389465332031, 973.0, 508.0], [973.0, 508.0, 973.4091796875, 508.6788635253906, 973.2175903320312, 513.3610229492188, 973.0, 513.0], [973.0, 513.0, 972.88427734375, 512.8079833984375, 971.7430419921875, 513.0347290039062, 972.0, 514.0], [972.0, 514.0, 972.8642578125, 517.246826171875, 972.2569580078125, 530.9652709960938, 972.0, 530.0], [972.0, 530.0, 971.923583984375, 529.7130126953125, 970.72119140625, 529.2619018554688, 971.0, 531.0], [971.0, 531.0, 972.4261474609375, 539.8902587890625, 971.27880859375, 569.7380981445312, 971.0, 568.0], [971.0, 568.0, 970.9454956054688, 567.6602172851562, 969.7051391601562, 566.1004028320312, 970.0, 569.0], [970.0, 569.0, 972.2587890625, 591.2134399414062, 970.2948608398438, 654.8995971679688, 970.0, 652.0], [970.0, 652.0, 969.9614868164062, 651.6215209960938, 968.6939697265625, 648.4501953125, 969.0, 653.0], [969.0, 653.0, 972.43359375, 704.0438842773438, 968.6939697265625, 835.5498046875, 969.0, 831.0], [969.0, 831.0, 969.0272827148438, 830.594482421875, 970.2948608398438, 829.1004028320312, 970.0, 832.0], [970.0, 832.0, 967.7412109375, 854.2134399414062, 969.7051391601562, 917.8995971679688, 970.0, 915.0], [970.0, 915.0, 970.0385131835938, 914.6215209960938, 971.2857666015625, 913.8590087890625, 971.0, 916.0], [971.0, 916.0, 969.2839965820312, 928.8572387695312, 970.7142333984375, 969.1409912109375, 971.0, 967.0], [971.0, 967.0, 971.047607421875, 966.6434936523438, 972.2811279296875, 966.1405029296875, 972.0, 968.0], [972.0, 968.0, 970.486328125, 978.0123291015625, 971.7188720703125, 1010.8594970703125, 972.0, 1009.0], [972.0, 1009.0, 972.0521850585938, 1008.6546630859375, 973.2619018554688, 1008.9043579101562, 973.0, 1010.0], [973.0, 1010.0, 972.0401000976562, 1014.0159301757812, 972.7380981445312, 1030.0955810546875, 973.0, 1029.0], [973.0, 1029.0, 973.0714721679688, 1028.7010498046875, 974.2422485351562, 1029.331298828125, 974.0, 1030.0], [974.0, 1030.0, 973.3558349609375, 1031.7781982421875, 973.7577514648438, 1040.668701171875, 974.0, 1040.0], [974.0, 1040.0, 974.0911254882812, 1039.74853515625, 975.224365234375, 1040.57080078125, 975.0, 1041.0], [975.0, 1041.0, 974.5377807617188, 1041.8841552734375, 974.775634765625, 1047.42919921875, 975.0, 1047.0], [975.0, 1047.0, 975.1089477539062, 1046.7916259765625, 976.1976318359375, 1047.79052734375, 976.0, 1048.0], [976.0, 1048.0, 975.712158203125, 1048.3050537109375, 975.8023681640625, 1051.20947265625, 976.0, 1051.0], [976.0, 1051.0, 976.1356811523438, 1050.856201171875, 977.1810913085938, 1051.8765869140625, 977.0, 1052.0], [977.0, 1052.0, 976.78466796875, 1052.1468505859375, 976.8189086914062, 1054.1234130859375, 977.0, 1054.0], [977.0, 1054.0, 977.1522827148438, 1053.896240234375, 978.1976318359375, 1054.79052734375, 978.0, 1055.0], [978.0, 1055.0, 977.712158203125, 1055.3050537109375, 977.8023681640625, 1058.20947265625, 978.0, 1058.0], [978.0, 1058.0, 978.1356811523438, 1057.856201171875, 979.1522827148438, 1058.97119140625, 979.0, 1059.0], [979.0, 1059.0, 978.8719482421875, 1059.024169921875, 978.7514038085938, 1059.96044921875, 979.0, 1060.0], [979.0, 1060.0, 979.4180908203125, 1060.0665283203125, 980.9423828125, 1062.3045654296875, 981.0, 1062.0], [981.0, 1062.0, 981.0484619140625, 1061.743896484375, 983.1234741210938, 1061.8189697265625, 983.0, 1062.0], [983.0, 1062.0, 982.8961791992188, 1062.1522216796875, 983.79052734375, 1063.1976318359375, 984.0, 1063.0], [984.0, 1063.0, 984.3050537109375, 1062.712158203125, 987.20947265625, 1062.8023681640625, 987.0, 1063.0], [987.0, 1063.0, 986.856201171875, 1063.1357421875, 987.79052734375, 1064.1976318359375, 988.0, 1064.0], [988.0, 1064.0, 988.3050537109375, 1063.712158203125, 991.20947265625, 1063.8023681640625, 991.0, 1064.0], [991.0, 1064.0, 990.856201171875, 1064.1357421875, 991.7118530273438, 1065.208984375, 992.0, 1065.0], [992.0, 1065.0, 992.484619140625, 1064.6484375, 996.2881469726562, 1064.791015625, 996.0, 1065.0], [996.0, 1065.0, 995.8286743164062, 1065.124267578125, 996.4453125, 1066.234619140625, 997.0, 1066.0], [997.0, 1066.0, 998.3192138671875, 1065.44189453125, 1005.5546875, 1065.765380859375, 1005.0, 1066.0], [1005.0, 1066.0, 1004.7667846679688, 1066.0986328125, 1005.8765258789062, 1067.1810302734375, 1006.0, 1067.0], [1006.0, 1067.0, 1006.1467895507812, 1066.78466796875, 1008.1234741210938, 1067.1810302734375, 1008.0, 1067.0], [1008.0, 1067.0, 1007.8961791992188, 1066.8477783203125, 1008.0347290039062, 1065.7430419921875, 1009.0, 1066.0], [1009.0, 1066.0, 1012.246826171875, 1066.8642578125, 1025.96533203125, 1066.2569580078125, 1025.0, 1066.0], [1025.0, 1066.0, 1024.7130126953125, 1065.923583984375, 1025.277587890625, 1064.754638671875, 1026.0, 1065.0], [1026.0, 1065.0, 1028.0146484375, 1065.684326171875, 1037.722412109375, 1065.245361328125, 1037.0, 1065.0], [1037.0, 1065.0, 1036.740966796875, 1064.9119873046875, 1037.5064697265625, 1063.77001953125, 1038.0, 1064.0], [1038.0, 1064.0, 1039.09814453125, 1064.5115966796875, 1045.4935302734375, 1064.22998046875, 1045.0, 1064.0], [1045.0, 1064.0, 1044.7781982421875, 1063.8966064453125, 1045.7119140625, 1062.791015625, 1046.0, 1063.0], [1046.0, 1063.0, 1046.484619140625, 1063.3515625, 1050.2880859375, 1063.208984375, 1050.0, 1063.0], [1050.0, 1063.0, 1049.82861328125, 1062.875732421875, 1050.5064697265625, 1061.77001953125, 1051.0, 1062.0], [1051.0, 1062.0, 1052.09814453125, 1062.5115966796875, 1058.0, 1062.0, 1058.0, 1062.0]], "color_group_id": 0}], "stats": {"curves": 1, "segments": 65, "char": "[", "converter": "pillow_fill_skimage_skeleton_imagevectorizer"}}