{"version": 14, "source_image": "FontPngs\\005b.png", "width": 2048, "height": 2048, "vector_format": "bezier_cubic", "strokes": [{"segments": [[1004.0, 607.0, 1003.8333129882812, 606.8333129882812, 1002.8333129882812, 606.8333129882812, 1003.0, 607.0], [1003.0, 607.0, 1003.1666870117188, 607.1666870117188, 1003.1522827148438, 608.02880859375, 1003.0, 608.0], [1003.0, 608.0, 1002.8189086914062, 607.9657592773438, 1001.5382690429688, 609.590087890625, 1002.0, 609.0], [1002.0, 609.0, 1002.7371826171875, 608.0578002929688, 1004.6666870117188, 605.1767578125, 1004.0, 606.0], [1004.0, 606.0, 1003.4095458984375, 606.7291259765625, 1001.6617431640625, 607.8455810546875, 1002.0, 608.0], [1002.0, 608.0, 1002.3483276367188, 608.1589965820312, 1002.3382568359375, 611.1544189453125, 1002.0, 611.0], [1002.0, 611.0, 1001.6715698242188, 610.85009765625, 999.6378784179688, 612.7531127929688, 1000.0, 613.0], [1000.0, 613.0, 1000.4306640625, 613.2936401367188, 1000.2090454101562, 617.2881469726562, 1000.0, 617.0], [1000.0, 617.0, 999.875732421875, 616.8286743164062, 998.8477172851562, 617.97119140625, 999.0, 618.0], [999.0, 618.0, 999.1280517578125, 618.0242309570312, 999.1522827148438, 619.02880859375, 999.0, 619.0], [999.0, 619.0, 998.8189086914062, 618.9657592773438, 997.7909545898438, 619.7118530273438, 998.0, 620.0], [998.0, 620.0, 998.3515625, 620.484619140625, 998.2090454101562, 624.2881469726562, 998.0, 624.0], [998.0, 624.0, 997.875732421875, 623.8286743164062, 996.7824096679688, 624.6389770507812, 997.0, 625.0], [997.0, 625.0, 997.4091796875, 625.6788330078125, 997.2175903320312, 630.3610229492188, 997.0, 630.0], [997.0, 630.0, 996.88427734375, 629.8079833984375, 995.7909545898438, 630.7118530273438, 996.0, 631.0], [996.0, 631.0, 996.3515625, 631.484619140625, 996.2090454101562, 635.2881469726562, 996.0, 635.0], [996.0, 635.0, 995.875732421875, 634.8286743164062, 994.7612915039062, 635.3870849609375, 995.0, 636.0], [995.0, 636.0, 995.6021728515625, 637.5462036132812, 995.2387084960938, 645.6129150390625, 995.0, 645.0], [995.0, 645.0, 994.9053955078125, 644.7570190429688, 993.7577514648438, 645.331298828125, 994.0, 646.0], [994.0, 646.0, 994.6441650390625, 647.7782592773438, 994.2422485351562, 656.668701171875, 994.0, 656.0], [994.0, 656.0, 993.9088745117188, 655.74853515625, 992.7430419921875, 656.0347290039062, 993.0, 657.0], [993.0, 657.0, 993.8642578125, 660.246826171875, 993.2569580078125, 673.9652709960938, 993.0, 673.0], [993.0, 673.0, 992.923583984375, 672.7130126953125, 991.7010498046875, 670.621337890625, 992.0, 674.0], [992.0, 674.0, 994.6004638671875, 703.3885498046875, 992.2989501953125, 784.378662109375, 992.0, 781.0], [992.0, 781.0, 991.9656372070312, 780.611572265625, 990.7163696289062, 779.9961547851562, 991.0, 782.0], [991.0, 782.0, 992.6174926757812, 793.4284057617188, 991.2836303710938, 830.0038452148438, 991.0, 828.0], [991.0, 828.0, 990.9502563476562, 827.6486206054688, 989.7045288085938, 826.0371704101562, 990.0, 829.0], [990.0, 829.0, 992.303955078125, 852.1044921875, 990.2954711914062, 917.9628295898438, 990.0, 915.0], [990.0, 915.0, 989.9620971679688, 914.6200561523438, 988.7084350585938, 913.4111938476562, 989.0, 916.0], [989.0, 916.0, 991.0367431640625, 934.0828247070312, 988.7084350585938, 987.5888061523438, 989.0, 985.0], [989.0, 985.0, 989.041748046875, 984.62939453125, 990.2619018554688, 984.9043579101562, 990.0, 986.0], [990.0, 986.0, 989.0401000976562, 990.0159301757812, 989.7380981445312, 1006.0956420898438, 990.0, 1005.0], [990.0, 1005.0, 990.0714721679688, 1004.7011108398438, 991.2422485351562, 1005.331298828125, 991.0, 1006.0], [991.0, 1006.0, 990.3558349609375, 1007.7782592773438, 990.7577514648438, 1016.668701171875, 991.0, 1016.0], [991.0, 1016.0, 991.0911254882812, 1015.74853515625, 992.224365234375, 1016.5707397460938, 992.0, 1017.0], [992.0, 1017.0, 991.5377807617188, 1017.8841552734375, 991.775634765625, 1023.4292602539062, 992.0, 1023.0], [992.0, 1023.0, 992.1089477539062, 1022.7916259765625, 993.2090454101562, 1023.7118530273438, 993.0, 1024.0], [993.0, 1024.0, 992.6484375, 1024.484619140625, 992.7909545898438, 1028.2880859375, 993.0, 1028.0], [993.0, 1028.0, 993.124267578125, 1027.82861328125, 994.1976318359375, 1028.79052734375, 994.0, 1029.0], [994.0, 1029.0, 993.712158203125, 1029.3050537109375, 993.8023681640625, 1032.20947265625, 994.0, 1032.0], [994.0, 1032.0, 994.1356811523438, 1031.856201171875, 995.1810913085938, 1032.8765869140625, 995.0, 1033.0], [995.0, 1033.0, 994.78466796875, 1033.1468505859375, 994.8189086914062, 1035.1234130859375, 995.0, 1035.0], [995.0, 1035.0, 995.1522827148438, 1034.896240234375, 996.1976318359375, 1035.79052734375, 996.0, 1036.0], [996.0, 1036.0, 995.712158203125, 1036.3050537109375, 995.8023681640625, 1039.20947265625, 996.0, 1039.0], [996.0, 1039.0, 996.1356811523438, 1038.856201171875, 997.1522827148438, 1039.97119140625, 997.0, 1040.0], [997.0, 1040.0, 996.8719482421875, 1040.024169921875, 996.8477172851562, 1041.02880859375, 997.0, 1041.0], [997.0, 1041.0, 997.1810913085938, 1040.9656982421875, 997.8765258789062, 1042.1810302734375, 998.0, 1042.0], [998.0, 1042.0, 998.1467895507812, 1041.78466796875, 1000.1234741210938, 1041.8189697265625, 1000.0, 1042.0], [1000.0, 1042.0, 999.8961791992188, 1042.1522216796875, 1000.79052734375, 1043.1976318359375, 1001.0, 1043.0], [1001.0, 1043.0, 1001.3050537109375, 1042.712158203125, 1004.20947265625, 1042.8023681640625, 1004.0, 1043.0], [1004.0, 1043.0, 1003.856201171875, 1043.1357421875, 1004.8765258789062, 1044.1810302734375, 1005.0, 1044.0], [1005.0, 1044.0, 1005.1467895507812, 1043.78466796875, 1007.1234741210938, 1043.8189697265625, 1007.0, 1044.0], [1007.0, 1044.0, 1006.8961791992188, 1044.1522216796875, 1007.79052734375, 1045.1976318359375, 1008.0, 1045.0], [1008.0, 1045.0, 1008.3050537109375, 1044.712158203125, 1011.20947265625, 1044.8023681640625, 1011.0, 1045.0], [1011.0, 1045.0, 1010.856201171875, 1045.1357421875, 1011.7118530273438, 1046.208984375, 1012.0, 1046.0], [1012.0, 1046.0, 1012.484619140625, 1045.6484375, 1016.2881469726562, 1045.791015625, 1016.0, 1046.0], [1016.0, 1046.0, 1015.8286743164062, 1046.124267578125, 1016.6389770507812, 1047.2176513671875, 1017.0, 1047.0], [1017.0, 1047.0, 1017.6788330078125, 1046.5908203125, 1022.3610229492188, 1046.7823486328125, 1022.0, 1047.0], [1022.0, 1047.0, 1021.8079833984375, 1047.11572265625, 1022.3870849609375, 1048.23876953125, 1023.0, 1048.0], [1023.0, 1048.0, 1024.546142578125, 1047.3978271484375, 1032.6129150390625, 1047.76123046875, 1032.0, 1048.0], [1032.0, 1048.0, 1031.757080078125, 1048.0946044921875, 1031.5245361328125, 1049.2730712890625, 1033.0, 1049.0], [1033.0, 1049.0, 1039.681640625, 1047.7635498046875, 1063.4754638671875, 1049.2730712890625, 1062.0, 1049.0], [1062.0, 1049.0, 1061.6741943359375, 1048.939697265625, 1062.8765869140625, 1047.8189697265625, 1063.0, 1048.0], [1063.0, 1048.0, 1063.1468505859375, 1048.21533203125, 1065.1234130859375, 1047.8189697265625, 1065.0, 1048.0], [1065.0, 1048.0, 1064.896240234375, 1048.1522216796875, 1064.94677734375, 1049.2603759765625, 1066.0, 1049.0], [1066.0, 1049.0, 1069.757568359375, 1048.0711669921875, 1084.0, 1049.0, 1084.0, 1049.0]]}, {"segments": [[997.0, 631.0, 996.8189086914062, 630.9657592773438, 995.6666870117188, 632.3333129882812, 996.0, 632.0], [996.0, 632.0, 996.3333129882812, 631.6666870117188, 997.3333129882812, 630.8477172851562, 997.0, 631.0], [997.0, 631.0, 996.7197265625, 631.1280517578125, 996.0, 631.0, 996.0, 631.0]]}, {"segments": [[999.0, 620.0, 998.8189086914062, 619.9657592773438, 997.6666870117188, 621.3333129882812, 998.0, 621.0], [998.0, 621.0, 998.3333129882812, 620.6666870117188, 999.3333129882812, 619.8477172851562, 999.0, 620.0], [999.0, 620.0, 998.7197265625, 620.1280517578125, 998.0, 620.0, 998.0, 620.0]]}, {"segments": [[1031.0, 599.0, 1031.353515625, 599.048828125, 1030.361083984375, 600.2175903320312, 1030.0, 600.0], [1030.0, 600.0, 1029.3211669921875, 599.5908203125, 