{"version": 14, "source_image": "FontPngs\\005d.png", "width": 2048, "height": 2048, "vector_format": "bezier_cubic", "strokes": [{"segments": [[1041.0, 1042.0, 1040.975830078125, 1041.8719482421875, 1039.97119140625, 1041.8477783203125, 1040.0, 1042.0], [1040.0, 1042.0, 1040.0343017578125, 1042.1810302734375, 1039.1234130859375, 1043.1810302734375, 1039.0, 1043.0], [1039.0, 1043.0, 1038.8531494140625, 1042.78466796875, 1036.8765869140625, 1042.8189697265625, 1037.0, 1043.0], [1037.0, 1043.0, 1037.103759765625, 1043.1522216796875, 1036.1234130859375, 1044.1810302734375, 1036.0, 1044.0], [1036.0, 1044.0, 1035.8531494140625, 1043.78466796875, 1033.8765869140625, 1043.8189697265625, 1034.0, 1044.0], [1034.0, 1044.0, 1034.103759765625, 1044.1522216796875, 1033.20947265625, 1045.1976318359375, 1033.0, 1045.0], [1033.0, 1045.0, 1032.6949462890625, 1044.712158203125, 1029.79052734375, 1044.8023681640625, 1030.0, 1045.0], [1030.0, 1045.0, 1030.143798828125, 1045.1357421875, 1029.2880859375, 1046.208984375, 1029.0, 1046.0], [1029.0, 1046.0, 1028.515380859375, 1045.6484375, 1024.7119140625, 1045.791015625, 1025.0, 1046.0], [1025.0, 1046.0, 1025.17138671875, 1046.124267578125, 1024.2880859375, 1047.208984375, 1024.0, 1047.0], [1024.0, 1047.0, 1023.515380859375, 1046.6484375, 1019.7118530273438, 1046.791015625, 1020.0, 1047.0], [1020.0, 1047.0, 1020.1713256835938, 1047.124267578125, 1019.4935913085938, 1048.22998046875, 1019.0, 1048.0], [1019.0, 1048.0, 1017.90185546875, 1047.4884033203125, 1011.5064086914062, 1047.77001953125, 1012.0, 1048.0], [1012.0, 1048.0, 1012.2218627929688, 1048.1033935546875, 1012.947021484375, 1049.28271484375, 1011.0, 1049.0], [1011.0, 1049.0, 1000.1396484375, 1047.42333984375, 967.0, 1049.0, 967.0, 1049.0]]}, {"segments": [[1016.0, 599.0, 1015.6398315429688, 599.0460815429688, 1016.4453125, 600.2346801757812, 1017.0, 600.0], [1017.0, 600.0, 1018.3192138671875, 599.4418334960938, 1025.5546875, 599.7653198242188, 1025.0, 600.0], [1025.0, 600.0, 1024.766845703125, 600.0986938476562, 1025.7119140625, 601.2090454101562, 1026.0, 601.0], [1026.0, 601.0, 1026.484619140625, 600.6484375, 1030.2880859375, 600.7909545898438, 1030.0, 601.0], [1030.0, 601.0, 1029.82861328125, 601.124267578125, 1030.7119140625, 602.2090454101562, 1031.0, 602.0], [1031.0, 602.0, 1031.484619140625, 601.6484375, 1035.2880859375, 601.7909545898438, 1035.0, 602.0], [1035.0, 602.0, 1034.82861328125, 602.124267578125, 1035.79052734375, 603.1976318359375, 1036.0, 603.0], [1036.0, 603.0, 1036.3050537109375, 602.712158203125, 1039.20947265625, 602.8023681640625, 1039.0, 603.0], [1039.0, 603.0, 1038.856201171875, 603.1356811523438, 1039.79052734375, 604.1976318359375, 1040.0, 604.0], [1040.0, 604.0, 1040.3050537109375, 603.712158203125, 1043.20947265625, 603.8023681640625, 1043.0, 604.0], [1043.0, 604.0, 1042.856201171875, 604.1356811523438, 1043.8765869140625, 605.1810913085938, 1044.0, 605.0], [1044.0, 605.0, 1044.1468505859375, 604.78466796875, 1046.1234130859375, 604.8189086914062, 1046.0, 605.0], [1046.0, 605.0, 1045.896240234375, 605.1522827148438, 1046.97119140625, 606.1522827148438, 1047.0, 606.0], [1047.0, 606.0, 1047.024169921875, 605.8719482421875, 1048.02880859375, 605.8477172851562, 1048.0, 606.0], [1048.0, 606.0, 1047.9656982421875, 606.1810913085938, 1049.1976318359375, 606.79052734375, 1049.0, 607.0], [1049.0, 607.0, 1048.712158203125, 607.3050537109375, 1048.8023681640625, 610.20947265625, 1049.0, 610.0], [1049.0, 610.0, 1049.1357421875, 609.856201171875, 1050.1810302734375, 610.8765258789062, 1050.0, 611.0], [1050.0, 611.0, 1049.78466796875, 611.1467895507812, 1049.8189697265625, 613.1234741210938, 1050.0, 613.0], [1050.0, 613.0, 1050.1522216796875, 612.8961791992188, 1051.1976318359375, 613.79052734375, 1051.0, 614.0], [1051.0, 614.0, 1050.712158203125, 614.3050537109375, 1050.8023681640625, 617.20947265625, 1051.0, 617.0], [1051.0, 617.0, 1051.1357421875, 616.856201171875, 1052.208984375, 617.7118530273438, 1052.0, 618.0], [1052.0, 618.0, 1051.6484375, 618.484619140625, 1051.791015625, 622.2881469726562, 1052.0, 622.0], [1052.0, 622.0, 1052.124267578125, 621.8286743164062, 1053.2176513671875, 622.6389770507812, 1053.0, 623.0], [1053.0, 623.0, 1052.5908203125, 623.6788330078125, 1052.7823486328125, 628.3610229492188, 1053.0, 628.0], [1053.0, 628.0, 1053.11572265625, 627.8079833984375, 1054.224365234375, 628.5707397460938, 1054.0, 629.0], [1054.0, 629.0, 1053.537841796875, 629.8841552734375, 1053.775634765625, 635.4292602539062, 1054.0, 635.0], [1054.0, 635.0, 1054.10888671875, 634.7916259765625, 1055.2506103515625, 635.1759033203125, 1055.0, 636.0], [1055.0, 636.0, 1054.239990234375, 638.4985961914062, 1054.7493896484375, 649.8240966796875, 1055.0, 649.0], [1055.0, 649.0, 1055.0826416015625, 648.7282104492188, 1056.301513671875, 646.2606811523438, 1056.0, 650.0], [1056.0, 650.0, 1053.1427001953125, 685.4352416992188, 1056.301513671875, 780.7393188476562, 1056.0, 777.0], [1056.0, 777.0, 1055.9681396484375, 776.6054077148438, 1054.7188720703125, 776.1405029296875, 1055.0, 778.0], [1055.0, 778.0, 1056.513671875, 788.0123291015625, 1055.2811279296875, 820.8594970703125, 1055.0, 819.0], [1055.0, 819.0, 1054.94775390625, 818.6546630859375, 1053.69677734375, 815.9916381835938, 1054.0, 820.0], [1054.0, 820.0, 1057.0487060546875, 860.3064575195312, 1054.30322265625, 967.0083618164062, 1054.0, 963.0], [1054.0, 963.0, 1053.9698486328125, 962.6013793945312, 1052.7366943359375, 962.8629150390625, 1053.0, 964.0], [1053.0, 964.0, 1053.990234375, 968.2760620117188, 1053.2633056640625, 985.1370849609375, 1053.0, 984.0], [1053.0, 984.0, 1052.929931640625, 983.6976318359375, 1051.7518310546875, 984.2258911132812, 1052.0, 985.0], [1052.0, 985.0, 1052.7227783203125, 987.2549438476562, 1052.2481689453125, 997.7741088867188, 1052.0, 997.0], [1052.0, 997.0, 1051.914794921875, 996.7342529296875, 1050.7578125, 997.331298828125, 1051.0, 998.0], [1051.0, 998.0, 1051.6441650390625, 999.7782592773438, 1051.2421875, 1008.668701171875, 1051.0, 1008.0], [1051.0, 1008.0, 1050.908935546875, 1007.74853515625, 1049.765380859375, 1008.4453125, 1050.0, 1009.0], [1050.0, 1009.0, 1050.55810546875, 1010.3192138671875, 1050.234619140625, 1017.5546875, 1050.0, 1017.0], [1050.0, 1017.0, 1049.9013671875, 1016.7667846679688, 1048.8189697265625, 1017.8765258789062, 1049.0, 1018.0], [1049.0, 1018.0, 1049.21533203125, 1018.1467895507812, 1049.1810302734375, 1020.1234741210938, 1049.0, 1020.0], [1049.0, 1020.0, 1048.8477783203125, 1019.8961791992188, 1047.7823486328125, 1020.6389770507812, 1048.0, 1021.0], [1048.0, 1021.0, 1048.4091796875, 1021.6788330078125, 1048.2176513671875, 1026.361083984375, 1048.0, 1026.0], [1048.0, 1026.0, 1047.88427734375, 1025.8079833984375, 1046.8189697265625, 1026.8765869140625, 1047.0, 1027.0], [1047.0, 1027.0, 1047.21533203125, 1027.1468505859375, 1047.1810302734375, 1029.1234130859375, 1047.0, 1029.0], [1047.0, 1029.0, 1046.8477783203125, 1028.896240234375, 1045.8023681640625, 1029.79052734375, 1046.0, 1030.0], [1046.0, 1030.0, 1046.287841796875, 1030.3050537109375, 1046.1976318359375, 1033.20947265625, 1046.0, 1033.0], [1046.0, 1033.0, 1045.8642578125, 1032.856201171875, 1044.8189697265625, 1033.8765869140625, 1045.0, 1034.0], [1045.0, 1034.0, 1045.21533203125, 1034.1468505859375, 1045.1810302734375, 1036.1234130859375, 1045.0, 1036.0], [1045.0, 1036.0, 1044.8477783203125, 1035.896240234375, 1043.8189697265625, 1036.8765869140625, 1044.0, 1037.0], [1044.0, 1037.0, 1044.21533203125, 1037.1468505859375, 1044.3045654296875, 1039.0576171875, 1044.0, 1039.0], [1044.0, 1039.0, 1043.6378173828125, 1038.9315185546875, 1041.75146484375, 1041.03955078125, 1042.0, 1041.0], [1042.0, 1041.0, 1042.1478271484375, 1040.9764404296875, 1041.866455078125, 1042.4669189453125, 1042.0, 1042.0], [1042.0, 1042.0, 1042.19970703125, 1041.3017578125, 1043.133544921875, 1039.5330810546875, 1043.0, 1040.0], [1043.0, 1040.0, 1042.91064453125, 1040.312255859375, 1043.1522216796875, 1041.02880859375, 