{"version": 15, "source_image": "Luculine.otf", "width": 2048, "height": 2048, "vector_format": "bezier_cubic", "strokes": [{"segments": [[890.0, 494.0, 890.0, 494.0, 890.5707397460938, 492.7756042480469, 891.0, 493.0], [891.0, 493.0, 891.8841552734375, 493.4621887207031, 897.4292602539062, 493.2243957519531, 897.0, 493.0], [897.0, 493.0, 896.7916259765625, 492.89105224609375, 897.5064086914062, 491.77001953125, 898.0, 492.0], [898.0, 492.0, 899.09814453125, 492.5116271972656, 905.4935913085938, 492.22998046875, 905.0, 492.0], [905.0, 492.0, 904.7781372070312, 491.8966369628906, 905.5064086914062, 490.77001953125, 906.0, 491.0], [906.0, 491.0, 907.09814453125, 491.5116271972656, 913.4935913085938, 491.22998046875, 913.0, 491.0], [913.0, 491.0, 912.7781372070312, 490.8966369628906, 913.5707397460938, 489.7756042480469, 914.0, 490.0], [914.0, 490.0, 914.8841552734375, 490.4621887207031, 920.4292602539062, 490.2243957519531, 920.0, 490.0], [920.0, 490.0, 919.7916259765625, 489.89105224609375, 920.0804443359375, 488.7449645996094, 921.0, 489.0], [921.0, 489.0, 923.9948120117188, 489.83056640625, 936.9195556640625, 489.2550354003906, 936.0, 489.0], [936.0, 489.0, 935.7176513671875, 488.92169189453125, 936.331298828125, 487.75775146484375, 937.0, 488.0], [937.0, 488.0, 938.7782592773438, 488.6441345214844, 947.668701171875, 487.75775146484375, 947.0, 488.0], [947.0, 488.0, 946.74853515625, 488.0910949707031, 947.5707397460938, 489.2243957519531, 948.0, 489.0], [948.0, 489.0, 948.8841552734375, 488.5378112792969, 954.4292602539062, 488.7756042480469, 954.0, 489.0], [954.0, 489.0, 953.7916259765625, 489.10894775390625, 954.7118530273438, 490.20904541015625, 955.0, 490.0], [955.0, 490.0, 955.484619140625, 489.6484375, 959.2881469726562, 489.79095458984375, 959.0, 490.0], [959.0, 490.0, 958.8286743164062, 490.1242980957031, 959.79052734375, 491.1976318359375, 960.0, 491.0], [960.0, 491.0, 960.3050537109375, 490.712158203125, 963.20947265625, 490.8023681640625, 963.0, 491.0], [963.0, 491.0, 962.856201171875, 491.13568115234375, 963.8765258789062, 492.1810607910156, 964.0, 492.0], [964.0, 492.0, 964.1467895507812, 491.78466796875, 966.1234741210938, 491.8189392089844, 966.0, 492.0], [966.0, 492.0, 965.8961791992188, 492.1522521972656, 966.97119140625, 493.1522521972656, 967.0, 493.0], [967.0, 493.0, 967.0242309570312, 492.8719482421875, 967.96044921875, 492.75140380859375, 968.0, 493.0], [968.0, 493.0, 968.0665283203125, 493.4180908203125, 970.2485961914062, 495.03955078125, 970.0, 495.0], [970.0, 495.0, 969.8521728515625, 494.9764709472656, 969.8477172851562, 496.02880859375, 970.0, 496.0], [970.0, 496.0, 970.1810913085938, 495.9657287597656, 971.1810913085938, 496.8765563964844, 971.0, 497.0], [971.0, 497.0, 970.78466796875, 497.1468200683594, 970.8189086914062, 499.1234436035156, 971.0, 499.0], [971.0, 499.0, 971.1522827148438, 498.89617919921875, 972.1976318359375, 499.7905578613281, 972.0, 500.0], [972.0, 500.0, 971.712158203125, 500.3050537109375, 971.8023681640625, 503.2094421386719, 972.0, 503.0], [972.0, 503.0, 972.1356811523438, 502.856201171875, 973.2175903320312, 503.6389465332031, 973.0, 504.0], [973.0, 504.0, 972.5908203125, 504.6788635253906, 972.7824096679688, 509.3610534667969, 973.0, 509.0], [973.0, 509.0, 973.11572265625, 508.8079833984375, 974.224365234375, 509.57073974609375, 974.0, 510.0], [974.0, 510.0, 973.5377807617188, 510.8841552734375, 973.775634765625, 516.4292602539062, 974.0, 516.0], [974.0, 516.0, 974.1089477539062, 515.7916259765625, 975.2422485351562, 516.331298828125, 975.0, 517.0], [975.0, 517.0, 974.3558349609375, 518.7782592773438, 974.7577514648438, 527.668701171875, 975.0, 527.0], [975.0, 527.0, 975.0911254882812, 526.74853515625, 976.2730102539062, 526.5244750976562, 976.0, 528.0], [976.0, 528.0, 974.7636108398438, 534.6817016601562, 975.7269897460938, 558.4755249023438, 976.0, 557.0], [976.0, 557.0, 976.060302734375, 556.6741333007812, 977.27685546875, 556.3569946289062, 977.0, 558.0], [977.0, 558.0, 975.6424560546875, 566.055908203125, 976.72314453125, 593.6430053710938, 977.0, 592.0], [977.0, 592.0, 977.0564575195312, 591.6649169921875, 978.2821655273438, 591.081787109375, 978.0, 593.0], [978.0, 593.0, 976.444091796875, 603.5770874023438, 977.7178344726562, 637.918212890625, 978.0, 636.0], [978.0, 636.0, 978.0511474609375, 635.6521606445312, 979.288330078125, 634.6771240234375, 979.0, 637.0], [979.0, 637.0, 977.1536254882812, 651.8757934570312, 978.711669921875, 697.3228759765625, 979.0, 695.0], [979.0, 695.0, 979.0450439453125, 694.6372680664062, 980.3099365234375, 690.5056762695312, 980.0, 696.0], [980.0, 696.0, 975.895751953125, 768.7581787109375, 980.3099365234375, 949.4943237304688, 980.0, 944.0], [980.0, 944.0, 979.9766235351562, 943.5850830078125, 978.715087890625, 942.9130859375, 979.0, 945.0], [979.0, 945.0, 980.6771850585938, 957.2843017578125, 979.284912109375, 996.0869140625, 979.0, 994.0], [979.0, 994.0, 978.9515991210938, 993.6454467773438, 977.7317504882812, 993.70556640625, 978.0, 995.0], [978.0, 995.0, 979.10498046875, 1000.3323974609375, 978.2682495117188, 1020.29443359375, 978.0, 1019.0], [978.0, 1019.0, 977.9348754882812, 1018.685791015625, 976.7396240234375, 1018.94677734375, 977.0, 1020.0], [977.0, 1020.0, 977.9288330078125, 1023.757568359375, 977.2603759765625, 1039.05322265625, 977.0, 1038.0], [977.0, 1038.0, 976.927001953125, 1037.704833984375, 975.754638671875, 1038.277587890625, 976.0, 1039.0], [976.0, 1039.0, 976.6842651367188, 1041.0146484375, 976.245361328125, 1050.722412109375, 976.0, 1050.0], [976.0, 1050.0, 975.9120483398438, 1049.740966796875, 974.7909545898438, 1050.7119140625, 975.0, 1051.0], [975.0, 1051.0, 975.3515625, 1051.484619140625, 975.2090454101562, 1055.2880859375, 975.0, 1055.0], [975.0, 1055.0, 974.875732421875, 1054.82861328125, 973.7824096679688, 1055.638916015625, 974.0, 1056.0], [974.0, 1056.0, 974.4091796875, 1056.6788330078125, 974.5205078125, 1061.278564453125, 974.0, 1061.0], [974.0, 1061.0, 973.5205078125, 1060.743408203125, 970.8975830078125, 1064.3267822265625, 971.0, 1064.0], [971.0, 1064.0, 971.0497436523438, 1063.84130859375, 969.97119140625, 1063.8477783203125, 970.0, 1064.0], [970.0, 1064.0, 970.0342407226562, 1064.1810302734375, 969.20947265625, 1065.1976318359375, 969.0, 1065.0], [969.0, 1065.0, 968.6949462890625, 1064.712158203125, 965.79052734375, 1064.8023681640625, 966.0, 1065.0], [966.0, 1065.0, 966.143798828125, 1065.1357421875, 965.2881469726562, 1066.208984375, 965.0, 1066.0], [965.0, 1066.0, 964.515380859375, 1065.6484375, 960.7118530273438, 1065.791015625, 961.0, 1066.0], [961.0, 1066.0, 961.1713256835938, 1066.124267578125, 962.0869140625, 1067.284912109375, 960.0, 1067.0], [960.0, 1067.0, 947.7156982421875, 1065.3228759765625, 908.9130859375, 1066.715087890625, 911.0, 1067.0], [911.0, 1067.0, 911.3545532226562, 1067.0484619140625, 910.0, 1068.0, 910.0, 1068.0]], "color_group_id": 0}], "stats": {"curves": 1, "segments": 65, "char": "]", "converter": "pillow_fill_skimage_skeleton_imagevectorizer"}}