{"version": 15, "source_image": "Luculine.otf", "width": 2048, "height": 2048, "vector_format": "bezier_cubic", "strokes": [{"segments": [[969.0, 695.0, 969.0, 695.0, 968.7824096679688, 689.6389770507812, 969.0, 690.0], [969.0, 690.0, 969.11572265625, 690.1920166015625, 970.1976318359375, 689.20947265625, 970.0, 689.0], [970.0, 689.0, 969.712158203125, 688.6949462890625, 969.8023681640625, 685.79052734375, 970.0, 686.0], [970.0, 686.0, 970.1356811523438, 686.143798828125, 971.2175903320312, 685.3610229492188, 971.0, 685.0], [971.0, 685.0, 970.5908203125, 684.3211669921875, 970.7824096679688, 679.6389770507812, 971.0, 680.0], [971.0, 680.0, 971.11572265625, 680.1920166015625, 972.2090454101562, 679.2881469726562, 972.0, 679.0], [972.0, 679.0, 971.6484375, 678.515380859375, 971.7909545898438, 674.7118530273438, 972.0, 675.0], [972.0, 675.0, 972.124267578125, 675.1713256835938, 973.2090454101562, 674.2881469726562, 973.0, 674.0], [973.0, 674.0, 972.6484375, 673.515380859375, 972.7909545898438, 669.7118530273438, 973.0, 670.0], [973.0, 670.0, 973.124267578125, 670.1713256835938, 974.2090454101562, 669.2881469726562, 974.0, 669.0], [974.0, 669.0, 973.6484375, 668.515380859375, 973.7909545898438, 664.7118530273438, 974.0, 665.0], [974.0, 665.0, 974.124267578125, 665.1713256835938, 975.1976318359375, 664.20947265625, 975.0, 664.0], [975.0, 664.0, 974.712158203125, 663.6949462890625, 974.8023681640625, 660.79052734375, 975.0, 661.0], [975.0, 661.0, 975.1356811523438, 661.143798828125, 976.2090454101562, 660.2881469726562, 976.0, 660.0], [976.0, 660.0, 975.6484375, 659.515380859375, 975.7909545898438, 655.7118530273438, 976.0, 656.0], [976.0, 656.0, 976.124267578125, 656.1713256835938, 977.2090454101562, 655.2881469726562, 977.0, 655.0], [977.0, 655.0, 976.6484375, 654.515380859375, 976.7909545898438, 650.7118530273438, 977.0, 651.0], [977.0, 651.0, 977.124267578125, 651.1713256835938, 978.1810913085938, 650.1234741210938, 978.0, 650.0], [978.0, 650.0, 977.78466796875, 649.8532104492188, 977.8189086914062, 647.8765258789062, 978.0, 648.0], [978.0, 648.0, 978.1522827148438, 648.1038208007812, 979.1976318359375, 647.20947265625, 979.0, 647.0], [979.0, 647.0, 978.712158203125, 646.6949462890625, 978.8023681640625, 643.79052734375, 979.0, 644.0], [979.0, 644.0, 979.1356811523438, 644.143798828125, 980.1810913085938, 643.1234741210938, 980.0, 643.0], [980.0, 643.0, 979.78466796875, 642.8532104492188, 979.8189086914062, 640.8765258789062, 980.0, 641.0], [980.0, 641.0, 980.1522827148438, 641.1038208007812, 981.1810913085938, 640.1234741210938, 981.0, 640.0], [981.0, 640.0, 980.78466796875, 639.8532104492188, 980.8189086914062, 637.8765258789062, 981.0, 638.0], [981.0, 638.0, 981.1522827148438, 638.1038208007812, 982.1810913085938, 637.1234741210938, 982.0, 637.0], [982.0, 637.0, 981.78466796875, 636.8532104492188, 981.8189086914062, 634.8765258789062, 982.0, 635.0], [982.0, 635.0, 982.1522827148438, 635.1038208007812, 983.1810913085938, 634.1234741210938, 983.0, 634.0], [983.0, 634.0, 982.78466796875, 633.8532104492188, 982.8189086914062, 631.8765258789062, 983.0, 632.0], [983.0, 632.0, 983.1522827148438, 632.1038208007812, 984.1810913085938, 631.1234741210938, 984.0, 631.0], [984.0, 631.0, 983.78466796875, 630.8532104492188, 983.8189086914062, 628.8765258789062, 984.0, 629.0], [984.0, 629.0, 984.1522827148438, 629.1038208007812, 985.1810913085938, 628.1234741210938, 985.0, 628.0], [985.0, 628.0, 984.78466796875, 627.8532104492188, 984.8189086914062, 625.8765258789062, 985.0, 626.0], [985.0, 626.0, 985.1522827148438, 626.1038208007812, 986.1810913085938, 625.1234741210938, 986.0, 625.0], [986.0, 625.0, 985.78466796875, 624.8532104492188, 985.8189086914062, 622.8765258789062, 986.0, 623.0], [986.0, 623.0, 986.1522827148438, 623.1038208007812, 987.1810913085938, 622.1234741210938, 987.0, 622.0], [987.0, 622.0, 986.78466796875, 621.8532104492188, 986.8189086914062, 619.8765258789062, 987.0, 620.0], [987.0, 620.0, 987.1522827148438, 620.1038208007812, 988.1810913085938, 619.1234741210938, 988.0, 619.0], [988.0, 619.0, 987.78466796875, 618.8532104492188, 987.8189086914062, 616.8765258789062, 988.0, 617.0], [988.0, 617.0, 988.1522827148438, 617.1038208007812, 989.1522827148438, 616.02880859375, 989.0, 616.0], [989.0, 616.0, 988.8719482421875, 615.9757690429688, 988.8477172851562, 614.97119140625, 989.0, 615.0], [989.0, 615.0, 989.1810913085938, 615.0342407226562, 990.1810913085938, 614.1234741210938, 990.0, 614.0], [990.0, 614.0, 989.78466796875, 613.8532104492188, 989.8189086914062, 611.8765258789062, 990.0, 612.0], [990.0, 612.0, 990.1522827148438, 612.1038208007812, 991.1810913085938, 611.1234741210938, 991.0, 611.0], [991.0, 611.0, 990.78466796875, 610.8532104492188, 990.8189086914062, 608.8765258789062, 991.0, 609.0], [991.0, 609.0, 991.1522827148438, 609.1038208007812, 992.1522827148438, 608.02880859375, 992.0, 608.0], [992.0, 608.0, 991.8719482421875, 607.9757690429688, 991.8477172851562, 606.97119140625, 992.0, 607.0], [992.0, 607.0, 992.1810913085938, 607.0342407226562, 993.1810913085938, 606.1234741210938, 993.0, 606.0], [993.0, 606.0, 992.78466796875, 605.8532104492188, 992.8189086914062, 603.8765258789062, 993.0, 604.0], [993.0, 604.0, 993.1522827148438, 604.1038208007812, 994.1522827148438, 603.02880859375, 994.0, 603.0], [994.0, 603.0, 993.8719482421875, 602.9757690429688, 993.8477172851562, 601.97119140625, 994.0, 602.0], [994.0, 602.0, 994.1810913085938, 602.0342407226562, 995.1522827148438, 601.02880859375, 995.0, 601.0], [995.0, 601.0, 994.8719482421875, 600.9757690429688, 994.8477172851562, 599.97119140625, 995.0, 600.0], [995.0, 600.0, 995.1810913085938, 600.0342407226562, 996.1522827148438, 599.02880859375, 996.0, 599.0], [996.0, 599.0, 995.8719482421875, 598.9757690429688, 995.8477172851562, 597.97119140625, 996.0, 598.0], [996.0, 598.0, 996.1810913085938, 598.0342407226562, 997.1522827148438, 597.02880859375, 997.0, 597.0], [997.0, 597.0, 996.8719482421875, 596.9757690429688, 996.7514038085938, 596.03955078125, 997.0, 596.0], [997.0, 596.0, 997.4180908203125, 595.9334716796875, 999.03955078125, 593.7514038085938, 999.0, 594.0], [999.0, 594.0, 998.9765014648438, 594.1478271484375, 1000.02880859375, 594.1522827148438, 1000.0, 594.0], [1000.0, 594.0, 999.9657592773438, 593.8189086914062, 1000.97119140625, 592.8477172851562, 1001.0, 593.0], [1001.0, 593.0, 1001.0242309570312, 593.1280517578125, 1002.02880859375, 593.1522827148438, 1002.0, 593.0], [1002.0, 593.0, 1001.9657592773438, 592.8189086914062, 1002.97119140625, 591.8477172851562, 1003.0, 592.0], [1003.0, 592.0, 1003.0242309570312, 592.1280517578125, 1004.02880859375, 592.1522827148438, 1004.0, 592.0], [1004.0, 592.0, 1003.9657592773438, 591.8189086914062, 1004.97119140625, 590.8477172851562, 1005.0, 591.0], [1005.0, 591.0, 1005.0242309570312, 591.1280517578125, 1006.02880859375, 591.1522827148438, 1006.0, 591.0], [1006.0, 591.0, 1005.9657592773438, 590.8189086914062, 1006.97119140625, 589.8477172851562, 1007.0, 590.0], [1007.0, 590.0, 1007.0242309570312, 590.1280517578125, 1008.02880859375, 590.1522827148438, 1008.0, 590.0], [1008.0, 590.0, 1007.9657592773438, 589.8189086914062, 1008.97119140625, 588.8477172851562, 1009.0, 589.0], [1009.0, 589.0, 1009.0242309570312, 589.1280517578125, 1010.02880859375, 589.1522827148438, 1010.0, 589.0], [1010.0, 589.0, 1009.9657592773438, 588.8189086914062, 1010.8765258789062, 587.8189086914062, 1011.0, 588.0], [1011.0, 588.0, 1011.1467895507812, 588.21533203125, 1013.1234741210938, 588.1810913085938, 1013.0, 588.0], [1013.0, 588.0, 1012.8961791992188, 587.8477172851562, 1013.97119140625, 586.8477172851562, 1014.0, 587.0], [1014.0, 587.0, 1014.0242309570312, 587.1280517578125, 1015.02880859375, 586.8477172851562, 1015.0, 587.0], [1015.0, 587.0, 1014.9657592773438, 587.1810913085938, 1015.8765258789062, 588.1810913085938, 1016.0, 588.0], [1016.0, 588.0, 1016.1467895507812, 587.78466796875, 1018.1234741210938, 587.8189086914062, 1018.0, 588.0], [1018.0, 588.0, 