{"version": 14, "source_image": "FontPngs\\005f.png", "width": 2048, "height": 2048, "vector_format": "bezier_cubic", "strokes": [{"segments": [[952.0, 1012.0, 951.7282104492188, 1011.9172973632812, 952.97119140625, 1010.8477172851562, 953.0, 1011.0], [953.0, 1011.0, 953.0242309570312, 1011.1280517578125, 954.02880859375, 1010.8477172851562, 954.0, 1011.0], [954.0, 1011.0, 953.9657592773438, 1011.1810913085938, 954.97119140625, 1012.1522827148438, 955.0, 1012.0], [955.0, 1012.0, 955.0242309570312, 1011.8719482421875, 956.02880859375, 1012.1522827148438, 956.0, 1012.0], [956.0, 1012.0, 955.9657592773438, 1011.8189086914062, 956.8765258789062, 1010.8189086914062, 957.0, 1011.0], [957.0, 1011.0, 957.1467895507812, 1011.21533203125, 959.1234741210938, 1010.8189086914062, 959.0, 1011.0], [959.0, 1011.0, 958.8961791992188, 1011.1522827148438, 959.79052734375, 1012.1976318359375, 960.0, 1012.0], [960.0, 1012.0, 960.3050537109375, 1011.712158203125, 963.20947265625, 1012.1976318359375, 963.0, 1012.0], [963.0, 1012.0, 962.856201171875, 1011.8643188476562, 960.437255859375, 1010.69970703125, 964.0, 1011.0], [964.0, 1011.0, 996.4053955078125, 1013.7315673828125, 1084.562744140625, 1010.69970703125, 1081.0, 1011.0], [1081.0, 1011.0, 1080.6082763671875, 1011.0330200195312, 1081.7119140625, 1012.2090454101562, 1082.0, 1012.0], [1082.0, 1012.0, 1082.484619140625, 1011.6484375, 1086.2880859375, 1012.2090454101562, 1086.0, 1012.0], [1086.0, 1012.0, 1085.82861328125, 1011.875732421875, 1086.8765869140625, 1010.8189086914062, 1087.0, 1011.0], [1087.0, 1011.0, 1087.1468505859375, 1011.21533203125, 1089.1234130859375, 1010.8189086914062, 1089.0, 1011.0], [1089.0, 1011.0, 1088.896240234375, 1011.1522827148438, 1089.97119140625, 1012.1522827148438, 1090.0, 1012.0], [1090.0, 1012.0, 1090.024169921875, 1011.8719482421875, 1091.02880859375, 1012.1522827148438, 1091.0, 1012.0], [1091.0, 1012.0, 1090.9656982421875, 1011.8189086914062, 1091.638916015625, 1010.7824096679688, 1092.0, 1011.0], [1092.0, 1011.0, 1092.6788330078125, 1011.4091796875, 1097.361083984375, 1010.7824096679688, 1097.0, 1011.0], [1097.0, 1011.0, 1096.8079833984375, 1011.11572265625, 1097.331298828125, 1012.2422485351562, 1098.0, 1012.0], [1098.0, 1012.0, 1099.7781982421875, 1011.3558349609375, 1108.0, 1012.0, 1108.0, 1012.0]]}], "stats": {"curves": 1, "time_sec": 0.031, "seg_stride": 1, "min_stroke_points": 2, "curv_win_radius_small": 4, "curv_warn_angle": 22.0, "curv_corner_total_min": 80.0, "curv_corner_max_min": 50.0, "curv_lookahead_max": 10, "junc_continue_ang_max": 45.0, "merge_small_len_percentile": 75.0}}