{"version": 15, "source_image": "Luculine.otf", "width": 2048, "height": 2048, "vector_format": "bezier_cubic", "strokes": [{"segments": [[1001.0, 590.0, 1001.0, 590.0, 1002.1810913085938, 590.8765258789062, 1002.0, 591.0], [1002.0, 591.0, 1001.78466796875, 591.1467895507812, 1001.8189086914062, 593.1234741210938, 1002.0, 593.0], [1002.0, 593.0, 1002.1522827148438, 592.8961791992188, 1003.1522827148438, 593.97119140625, 1003.0, 594.0], [1003.0, 594.0, 1002.8719482421875, 594.0242309570312, 1002.8477172851562, 595.02880859375, 1003.0, 595.0], [1003.0, 595.0, 1003.1810913085938, 594.9657592773438, 1004.1522827148438, 595.97119140625, 1004.0, 596.0], [1004.0, 596.0, 1003.8719482421875, 596.0242309570312, 1003.8477172851562, 597.02880859375, 1004.0, 597.0], [1004.0, 597.0, 1004.1810913085938, 596.9657592773438, 1005.1810913085938, 597.8765258789062, 1005.0, 598.0], [1005.0, 598.0, 1004.78466796875, 598.1467895507812, 1004.8189086914062, 600.1234741210938, 1005.0, 600.0], [1005.0, 600.0, 1005.1522827148438, 599.8961791992188, 1006.1522827148438, 600.97119140625, 1006.0, 601.0], [1006.0, 601.0, 1005.8719482421875, 601.0242309570312, 1005.8477172851562, 602.02880859375, 1006.0, 602.0], [1006.0, 602.0, 1006.1810913085938, 601.9657592773438, 1007.1810913085938, 602.8765258789062, 1007.0, 603.0], [1007.0, 603.0, 1006.78466796875, 603.1467895507812, 1006.8189086914062, 605.1234741210938, 1007.0, 605.0], [1007.0, 605.0, 1007.1522827148438, 604.8961791992188, 1008.1522827148438, 605.97119140625, 1008.0, 606.0], [1008.0, 606.0, 1007.8719482421875, 606.0242309570312, 1007.8477172851562, 607.02880859375, 1008.0, 607.0], [1008.0, 607.0, 1008.1810913085938, 606.9657592773438, 1009.1810913085938, 607.8765258789062, 1009.0, 608.0], [1009.0, 608.0, 1008.78466796875, 608.1467895507812, 1008.8189086914062, 610.1234741210938, 1009.0, 610.0], [1009.0, 610.0, 1009.1522827148438, 609.8961791992188, 1010.1810913085938, 610.8765258789062, 1010.0, 611.0], [1010.0, 611.0, 1009.78466796875, 611.1467895507812, 1009.8189086914062, 613.1234741210938, 1010.0, 613.0], [1010.0, 613.0, 1010.1522827148438, 612.8961791992188, 1011.1522827148438, 613.97119140625, 1011.0, 614.0], [1011.0, 614.0, 1010.8719482421875, 614.0242309570312, 1010.8477172851562, 615.02880859375, 1011.0, 615.0], [1011.0, 615.0, 1011.1810913085938, 614.9657592773438, 1012.1810913085938, 615.8765258789062, 1012.0, 616.0], [1012.0, 616.0, 1011.78466796875, 616.1467895507812, 1011.8189086914062, 618.1234741210938, 1012.0, 618.0], [1012.0, 618.0, 1012.1522827148438, 617.8961791992188, 1013.1522827148438, 618.97119140625, 1013.0, 619.0], [1013.0, 619.0, 1012.8719482421875, 619.0242309570312, 1012.8477172851562, 620.02880859375, 1013.0, 620.0], [1013.0, 620.0, 1013.1810913085938, 619.9657592773438, 1014.1810913085938, 620.8765258789062, 1014.0, 621.0], [1014.0, 621.0, 1013.78466796875, 621.1467895507812, 1013.8189086914062, 623.1234741210938, 1014.0, 623.0], [1014.0, 623.0, 1014.1522827148438, 622.8961791992188, 1015.1522827148438, 623.97119140625, 1015.0, 624.0], [1015.0, 624.0, 1014.8719482421875, 624.0242309570312, 1014.8477172851562, 625.02880859375, 1015.0, 625.0], [1015.0, 625.0, 1015.1810913085938, 624.9657592773438, 1016.1810913085938, 625.8765258789062, 1016.0, 626.0], [1016.0, 626.0, 1015.78466796875, 626.1467895507812, 1015.8189086914062, 628.1234741210938, 1016.0, 628.0], [1016.0, 628.0, 1016.1522827148438, 627.8961791992188, 1017.1810913085938, 628.8765258789062, 1017.0, 629.0], [1017.0, 629.0, 1016.78466796875, 629.1467895507812, 1016.8189086914062, 631.1234741210938, 1017.0, 631.0], [1017.0, 631.0, 1017.1522827148438, 630.8961791992188, 1018.1522827148438, 631.97119140625, 1018.0, 632.0], [1018.0, 632.0, 1017.8719482421875, 632.0242309570312, 1017.8477172851562, 633.02880859375, 1018.0, 633.0], [1018.0, 633.0, 1018.1810913085938, 632.9657592773438, 1019.1810913085938, 633.8765258789062, 1019.0, 634.0], [1019.0, 634.0, 1018.78466796875, 634.1467895507812, 1018.8189086914062, 636.1234741210938, 1019.0, 636.0], [1019.0, 636.0, 1019.1522827148438, 635.8961791992188, 1020.1522827148438, 636.97119140625, 1020.0, 637.0], [1020.0, 637.0, 1019.8719482421875, 637.0242309570312, 1019.8477172851562, 638.02880859375, 1020.0, 638.0], [1020.0, 638.0, 1020.1810913085938, 637.9657592773438, 1021.1810913085938, 638.8765258789062, 1021.0, 639.0], [1021.0, 639.0, 1020.78466796875, 639.1467895507812, 1020.8189086914062, 641.1234741210938, 1021.0, 641.0], [1021.0, 641.0, 1021.1522827148438, 640.8961791992188, 1022.1810913085938, 641.8765258789062, 1022.0, 642.0], [1022.0, 642.0, 1021.78466796875, 642.1467895507812, 1021.8189086914062, 644.1234741210938, 1022.0, 644.0], [1022.0, 644.0, 1022.1522827148438, 643.8961791992188, 1023.1522827148438, 644.97119140625, 1023.0, 645.0], [1023.0, 645.0, 1022.8719482421875, 645.0242309570312, 1022.8477172851562, 646.02880859375, 1023.0, 646.0], [1023.0, 646.0, 1023.1810913085938, 645.9657592773438, 1024.1522216796875, 646.97119140625, 1024.0, 647.0], [1024.0, 647.0, 1023.8719482421875, 647.0242309570312, 1023.8477172851562, 648.02880859375, 1024.0, 648.0], [1024.0, 648.0, 1024.1810302734375, 647.9657592773438, 1025.1522216796875, 648.97119140625, 1025.0, 649.0], [1025.0, 649.0, 1024.8719482421875, 649.0242309570312, 1024.8477783203125, 650.02880859375, 1025.0, 650.0], [1025.0, 650.0, 1025.1810302734375, 649.9657592773438, 1026.1810302734375, 650.8765258789062, 1026.0, 651.0], [1026.0, 651.0, 1025.78466796875, 651.1467895507812, 1025.6954345703125, 653.0576171875, 1026.0, 653.0], [1026.0, 653.0, 1026.3621826171875, 652.9314575195312, 1028.24853515625, 655.03955078125, 1028.0, 655.0], [1028.0, 655.0, 1027.8521728515625, 654.9765014648438, 1028.0, 656.0, 1028.0, 656.0]], "color_group_id": 0}], "stats": {"curves": 1, "segments": 52, "char": "`", "converter": "pillow_fill_skimage_skeleton_imagevectorizer"}}