{"version": 15, "source_image": "Luculine.otf", "width": 2048, "height": 2048, "vector_format": "bezier_cubic", "strokes": [{"segments": [[951.0, 849.0, 951.0, 849.0, 949.7518310546875, 848.7741088867188, 950.0, 848.0], [950.0, 848.0, 950.7228393554688, 845.7450561523438, 949.7518310546875, 835.2258911132812, 950.0, 836.0], [950.0, 836.0, 950.085205078125, 836.2657470703125, 951.2703247070312, 836.3687133789062, 951.0, 835.0], [951.0, 835.0, 949.841064453125, 829.1312866210938, 950.7296752929688, 807.6312866210938, 951.0, 809.0], [951.0, 809.0, 951.0630493164062, 809.3192138671875, 952.2529296875, 808.87255859375, 952.0, 808.0], [952.0, 808.0, 951.2041625976562, 805.254638671875, 951.7470703125, 793.12744140625, 952.0, 794.0], [952.0, 794.0, 952.0803833007812, 794.27734375, 953.2506713867188, 793.8240966796875, 953.0, 793.0], [953.0, 793.0, 952.2400512695312, 790.5014038085938, 952.7493286132812, 779.1759033203125, 953.0, 780.0], [953.0, 780.0, 953.0827026367188, 780.2717895507812, 954.2506713867188, 779.8240966796875, 954.0, 779.0], [954.0, 779.0, 953.2400512695312, 776.5014038085938, 953.7493286132812, 765.1759033203125, 954.0, 766.0], [954.0, 766.0, 954.0827026367188, 766.2717895507812, 955.2506713867188, 765.8240966796875, 955.0, 765.0], [955.0, 765.0, 954.2400512695312, 762.5014038085938, 954.7493286132812, 751.1759033203125, 955.0, 752.0], [955.0, 752.0, 955.0827026367188, 752.2717895507812, 956.2506713867188, 751.8240966796875, 956.0, 751.0], [956.0, 751.0, 955.2400512695312, 748.5014038085938, 955.7493286132812, 737.1759033203125, 956.0, 738.0], [956.0, 738.0, 956.0827026367188, 738.2717895507812, 957.2387084960938, 737.6129150390625, 957.0, 737.0], [957.0, 737.0, 956.3978271484375, 735.4537963867188, 956.7612915039062, 727.3870849609375, 957.0, 728.0], [957.0, 728.0, 957.0946044921875, 728.2429809570312, 958.2175903320312, 727.3610229492188, 958.0, 727.0], [958.0, 727.0, 957.5908203125, 726.3211669921875, 957.7824096679688, 721.6389770507812, 958.0, 722.0], [958.0, 722.0, 958.11572265625, 722.1920166015625, 959.1976318359375, 721.20947265625, 959.0, 721.0], [959.0, 721.0, 958.712158203125, 720.6949462890625, 958.8023681640625, 717.79052734375, 959.0, 718.0], [959.0, 718.0, 959.1356811523438, 718.143798828125, 960.2175903320312, 717.3610229492188, 960.0, 717.0], [960.0, 717.0, 959.5908203125, 716.3211669921875, 959.7824096679688, 711.6389770507812, 960.0, 712.0], [960.0, 712.0, 960.11572265625, 712.1920166015625, 961.1810913085938, 711.1234741210938, 961.0, 711.0], [961.0, 711.0, 960.78466796875, 710.8532104492188, 960.8189086914062, 708.8765258789062, 961.0, 709.0], [961.0, 709.0, 961.1522827148438, 709.1038208007812, 962.1976318359375, 708.20947265625, 962.0, 708.0], [962.0, 708.0, 961.712158203125, 707.6949462890625, 961.8023681640625, 704.79052734375, 962.0, 705.0], [962.0, 705.0, 962.1356811523438, 705.143798828125, 963.1810913085938, 704.1234741210938, 963.0, 704.0], [963.0, 704.0, 962.78466796875, 703.8532104492188, 962.8189086914062, 701.8765258789062, 963.0, 702.0], [963.0, 702.0, 963.1522827148438, 702.1038208007812, 964.1522827148438, 701.02880859375, 964.0, 701.0], [964.0, 701.0, 963.8719482421875, 700.9757690429688, 963.8477172851562, 699.97119140625, 964.0, 700.0], [964.0, 700.0, 964.1810913085938, 700.0342407226562, 965.1522827148438, 699.02880859375, 965.0, 699.0], [965.0, 699.0, 964.8719482421875, 698.9757690429688, 964.7514038085938, 698.03955078125, 965.0, 698.0], [965.0, 698.0, 965.4180908203125, 697.9334716796875, 967.03955078125, 695.7514038085938, 967.0, 696.0], [967.0, 696.0, 966.9765014648438, 696.1478271484375, 968.02880859375, 696.1522827148438, 968.0, 696.0], [968.0, 696.0, 967.9657592773438, 695.8189086914062, 968.97119140625, 694.8477172851562, 969.0, 695.0], [969.0, 695.0, 969.0242309570312, 695.1280517578125, 970.02880859375, 695.1522827148438, 970.0, 695.0], [970.0, 695.0, 969.9657592773438, 694.8189086914062, 970.79052734375, 693.8023681640625, 971.0, 694.0], [971.0, 694.0, 971.3050537109375, 694.287841796875, 974.20947265625, 694.1976318359375, 974.0, 694.0], [974.0, 694.0, 973.856201171875, 693.8643188476562, 974.79052734375, 692.8023681640625, 975.0, 693.0], [975.0, 693.0, 975.3050537109375, 693.287841796875, 978.20947265625, 693.1976318359375, 978.0, 693.0], [978.0, 693.0, 977.856201171875, 692.8643188476562, 978.6389770507812, 691.7824096679688, 979.0, 692.0], [979.0, 692.0, 979.6788330078125, 692.4091796875, 984.3610229492188, 692.2175903320312, 984.0, 692.0], [984.0, 692.0, 983.8079833984375, 691.88427734375, 984.5064086914062, 690.77001953125, 985.0, 691.0], [985.0, 691.0, 986.09814453125, 691.5116577148438, 992.4935913085938, 691.22998046875, 992.0, 691.0], [992.0, 691.0, 991.7781372070312, 690.8966064453125, 990.6024169921875, 689.710693359375, 993.0, 690.0], [993.0, 690.0, 1008.7465209960938, 691.89990234375, 1056.3975830078125, 689.710693359375, 1054.0, 690.0], [1054.0, 690.0, 1053.6348876953125, 690.0440673828125, 1054.638916015625, 691.2175903320312, 1055.0, 691.0], [1055.0, 691.0, 1055.6788330078125, 690.5908203125, 1060.361083984375, 690.7824096679688, 1060.0, 691.0], [1060.0, 691.0, 1059.8079833984375, 691.11572265625, 1060.79052734375, 692.1976318359375, 1061.0, 692.0], [1061.0, 692.0, 1061.3050537109375, 691.712158203125, 1064.20947265625, 691.8023681640625, 1064.0, 692.0], [1064.0, 692.0, 1063.856201171875, 692.1356811523438, 1064.8765869140625, 693.1810913085938, 1065.0, 693.0], [1065.0, 693.0, 1065.1468505859375, 692.78466796875, 1067.0576171875, 692.6954956054688, 1067.0, 693.0], [1067.0, 693.0, 1066.9315185546875, 693.3621215820312, 1069.03955078125, 695.2485961914062, 1069.0, 695.0], [1069.0, 695.0, 1068.9764404296875, 694.8521728515625, 1070.02880859375, 694.8477172851562, 1070.0, 695.0], [1070.0, 695.0, 1069.9656982421875, 695.1810913085938, 1071.1976318359375, 695.79052734375, 1071.0, 696.0], [1071.0, 696.0, 1070.712158203125, 696.3050537109375, 1070.8023681640625, 699.20947265625, 1071.0, 699.0], [1071.0, 699.0, 1071.1357421875, 698.856201171875, 1072.1522216796875, 699.97119140625, 1072.0, 700.0], [1072.0, 700.0, 1071.8719482421875, 700.0242309570312, 1071.8477783203125, 701.02880859375, 1072.0, 701.0], [1072.0, 701.0, 1072.1810302734375, 700.9657592773438, 1073.2176513671875, 701.6389770507812, 1073.0, 702.0], [1073.0, 702.0, 1072.5908203125, 702.6788330078125, 1072.7823486328125, 707.3610229492188, 1073.0, 707.0], [1073.0, 707.0, 1073.11572265625, 706.8079833984375, 1074.208984375, 707.7118530273438, 1074.0, 708.0], [1074.0, 708.0, 1073.6484375, 708.484619140625, 1073.791015625, 712.2881469726562, 1074.0, 712.0], [1074.0, 712.0, 1074.124267578125, 711.8286743164062, 1075.234619140625, 712.4453125, 1075.0, 713.0], [1075.0, 713.0, 1074.44189453125, 714.3192138671875, 1074.765380859375, 721.5546875, 1075.0, 721.0], [1075.0, 721.0, 1075.0986328125, 720.7667846679688, 1076.2529296875, 721.12744140625, 1076.0, 722.0], [1076.0, 722.0, 1075.2041015625, 724.745361328125, 1075.7470703125, 736.87255859375, 1076.0, 736.0], [1076.0, 736.0, 1076.0804443359375, 735.72265625, 1077.2646484375, 735.8223876953125, 1077.0, 737.0], [1077.0, 737.0, 1075.9801025390625, 741.5379028320312, 1076.7353515625, 759.1776123046875, 1077.0, 758.0], [1077.0, 758.0, 1077.0687255859375, 757.6943969726562, 1078.3094482421875, 753.6444702148438, 1078.0, 759.0], [1078.0, 759.0, 1073.9942626953125, 828.329345703125, 1078.3094482421875, 1001.3555297851562, 1078.0, 996.0], [1078.0, 996.0, 1077.97607421875, 995.5863037109375, 1076.7823486328125, 996.6389770507812, 1077.0, 997.0], [1077.0, 997.0, 1077.4091796875, 997.6788330078125, 1077.2176513671875, 1002.3610229492188, 1077.0, 1002.0], [1077.0, 1002.0, 1076.88427734375, 1001.8079833984375, 1075.8023681640625, 1002.79052734375, 1076.0, 1003.0], [1076.0, 1003.0, 1076.287841796875, 1003.3050537109375, 1076.1976318359375, 1006.20947265625, 1076.0, 1006.0], [1076.0, 1006.0, 1075.8642578125, 1005.856201171875, 1074.8023681640625, 1006.79052734375, 1075.0, 1007.0], [1075.0,