{"version": 15, "source_image": "Luculine.otf", "width": 2048, "height": 2048, "vector_format": "bezier_cubic", "strokes": [{"segments": [[954.0, 684.0, 954.0, 684.0, 954.2481689453125, 696.7741088867188, 954.0, 696.0], [954.0, 696.0, 953.914794921875, 695.7342529296875, 952.7146606445312, 694.8858642578125, 953.0, 697.0], [953.0, 697.0, 954.6966552734375, 709.570556640625, 953.2853393554688, 749.1141357421875, 953.0, 747.0], [953.0, 747.0, 952.9520263671875, 746.6444702148438, 951.7089233398438, 745.4579467773438, 952.0, 748.0], [952.0, 748.0, 954.0032958984375, 765.4969482421875, 951.7089233398438, 817.5420532226562, 952.0, 815.0], [952.0, 815.0, 952.0422973632812, 814.6306762695312, 953.2879638671875, 813.7024536132812, 953.0, 816.0], [953.0, 816.0, 951.1717529296875, 830.5862426757812, 952.7120361328125, 875.2975463867188, 953.0, 873.0], [953.0, 873.0, 953.0453491210938, 872.6381225585938, 954.2738647460938, 872.489990234375, 954.0, 874.0], [954.0, 874.0, 952.7385864257812, 880.9547119140625, 953.7261352539062, 905.510009765625, 954.0, 904.0], [954.0, 904.0, 954.0594482421875, 903.6721801757812, 955.2619018554688, 903.9043579101562, 955.0, 905.0], [955.0, 905.0, 954.0401000976562, 909.0159301757812, 954.7380981445312, 925.0956420898438, 955.0, 924.0], [955.0, 924.0, 955.0714721679688, 923.7011108398438, 956.2550048828125, 924.0804443359375, 956.0, 925.0], [956.0, 925.0, 955.16943359375, 927.9948120117188, 955.7449951171875, 940.9195556640625, 956.0, 940.0], [956.0, 940.0, 956.0783081054688, 939.7176513671875, 957.2529296875, 940.12744140625, 957.0, 941.0], [957.0, 941.0, 956.2041625976562, 943.745361328125, 956.7470703125, 955.87255859375, 957.0, 955.0], [957.0, 955.0, 957.0803833007812, 954.72265625, 958.2587280273438, 954.9901733398438, 958.0, 956.0], [958.0, 956.0, 957.10302734375, 959.5011596679688, 957.7412719726562, 974.0098266601562, 958.0, 973.0], [958.0, 973.0, 958.0746459960938, 972.708740234375, 959.2387084960938, 973.3870849609375, 959.0, 974.0], [959.0, 974.0, 958.3978271484375, 975.5462036132812, 958.7612915039062, 983.6129150390625, 959.0, 983.0], [959.0, 983.0, 959.0946044921875, 982.7570190429688, 960.2346801757812, 983.4453125, 960.0, 984.0], [960.0, 984.0, 959.4418334960938, 985.3192138671875, 959.7653198242188, 992.5546875, 960.0, 992.0], [960.0, 992.0, 960.0986938476562, 991.7667846679688, 961.1810913085938, 992.8765258789062, 961.0, 993.0], [961.0, 993.0, 960.78466796875, 993.1467895507812, 960.8189086914062, 995.1234741210938, 961.0, 995.0], [961.0, 995.0, 961.1522827148438, 994.8961791992188, 962.1976318359375, 995.79052734375, 962.0, 996.0], [962.0, 996.0, 961.712158203125, 996.3050537109375, 961.8023681640625, 999.20947265625, 962.0, 999.0], [962.0, 999.0, 962.1356811523438, 998.856201171875, 963.1976318359375, 999.79052734375, 963.0, 1000.0], [963.0, 1000.0, 962.712158203125, 1000.3050537109375, 962.8023681640625, 1003.20947265625, 963.0, 1003.0], [963.0, 1003.0, 963.1356811523438, 1002.856201171875, 964.1810913085938, 1003.8765258789062, 964.0, 1004.0], [964.0, 1004.0, 963.78466796875, 1004.1467895507812, 963.5928955078125, 1005.9881591796875, 964.0, 1006.0], [964.0, 1006.0, 964.5928955078125, 1006.0172119140625, 967.1024169921875, 1009.3268432617188, 967.0, 1009.0], [967.0, 1009.0, 966.9502563476562, 1008.84130859375, 968.02880859375, 1008.8477172851562, 968.0, 1009.0], [968.0, 1009.0, 967.9657592773438, 1009.1810913085938, 968.97119140625, 1010.1522827148438, 969.0, 1010.0], [969.0, 1010.0, 969.0242309570312, 1009.8719482421875, 970.02880859375, 1009.8477172851562, 970.0, 1010.0], [970.0, 1010.0, 969.9657592773438, 1010.1810913085938, 970.8765258789062, 1011.1810913085938, 971.0, 1011.0], [971.0, 1011.0, 971.1467895507812, 1010.78466796875, 973.1234741210938, 1010.8189086914062, 973.0, 1011.0], [973.0, 1011.0, 972.8961791992188, 1011.1522827148438, 973.79052734375, 1012.1976318359375, 974.0, 1012.0], [974.0, 1012.0, 974.3050537109375, 1011.712158203125, 977.20947265625, 1011.8023681640625, 977.0, 1012.0], [977.0, 1012.0, 976.856201171875, 1012.1356811523438, 977.7118530273438, 1013.2090454101562, 978.0, 1013.0], [978.0, 1013.0, 978.484619140625, 1012.6484375, 982.2881469726562, 1012.7909545898438, 982.0, 1013.0], [982.0, 1013.0, 981.8286743164062, 1013.124267578125, 982.4453125, 1014.2346801757812, 983.0, 1014.0], [983.0, 1014.0, 984.3192138671875, 1013.4418334960938, 991.5546875, 1013.7653198242188, 991.0, 1014.0], [991.0, 1014.0, 990.7667846679688, 1014.0986938476562, 991.0804443359375, 1015.2550048828125, 992.0, 1015.0], [992.0, 1015.0, 994.9948120117188, 1014.16943359375, 1007.9195556640625, 1014.7449951171875, 1007.0, 1015.0], [1007.0, 1015.0, 1006.7176513671875, 1015.0783081054688, 1007.0804443359375, 1016.2550048828125, 1008.0, 1016.0], [1008.0, 1016.0, 1010.9948120117188, 1015.16943359375, 1023.9195556640625, 1016.2550048828125, 1023.0, 1016.0], [1023.0, 1016.0, 1022.7176513671875, 1015.9216918945312, 1023.12744140625, 1014.7470703125, 1024.0, 1015.0], [1024.0, 1015.0, 1026.745361328125, 1015.7958374023438, 1038.87255859375, 1015.2529296875, 1038.0, 1015.0], [1038.0, 1015.0, 1037.72265625, 1014.9196166992188, 1038.4453125, 1013.7653198242188, 1039.0, 1014.0], [1039.0, 1014.0, 1040.3192138671875, 1014.5581665039062, 1047.5546875, 1014.2346801757812, 1047.0, 1014.0], [1047.0, 1014.0, 1046.766845703125, 1013.9013061523438, 1047.8765869140625, 1012.8189086914062, 1048.0, 1013.0], [1048.0, 1013.0, 1048.1468505859375, 1013.21533203125, 1050.1234130859375, 1013.1810913085938, 1050.0, 1013.0], [1050.0, 1013.0, 1049.896240234375, 1012.8477172851562, 1050.638916015625, 1011.7824096679688, 1051.0, 1012.0], [1051.0, 1012.0, 1051.6788330078125, 1012.4091796875, 1056.361083984375, 1012.2175903320312, 1056.0, 1012.0], [1056.0, 1012.0, 1055.8079833984375, 1011.88427734375, 1056.8765869140625, 1010.8189086914062, 1057.0, 1011.0], [1057.0, 1011.0, 1057.1468505859375, 1011.21533203125, 1059.1234130859375, 1011.1810913085938, 1059.0, 1011.0], [1059.0, 1011.0, 1058.896240234375, 1010.8477172851562, 1059.8765869140625, 1009.8189086914062, 1060.0, 1010.0], [1060.0, 1010.0, 1060.1468505859375, 1010.21533203125, 1062.1234130859375, 1010.1810913085938, 1062.0, 1010.0], [1062.0, 1010.0, 1061.896240234375, 1009.8477172851562, 1062.8765869140625, 1008.8189086914062, 1063.0, 1009.0], [1063.0, 1009.0, 1063.1468505859375, 1009.21533203125, 1065.1234130859375, 1009.1810913085938, 1065.0, 1009.0], [1065.0, 1009.0, 1064.896240234375, 1008.8477172851562, 1065.97119140625, 1007.8477172851562, 1066.0, 1008.0], [1066.0, 1008.0, 1066.024169921875, 1008.1280517578125, 1067.02880859375, 1008.1522827148438, 1067.0, 1008.0], [1067.0, 1008.0, 1066.9656982421875, 1007.8189086914062, 1067.8765869140625, 1006.8189086914062, 1068.0, 1007.0], [1068.0, 1007.0, 1068.1468505859375, 1007.21533203125, 1070.0576171875, 1007.3045043945312, 1070.0, 1007.0], [1070.0, 1007.0, 1069.9315185546875, 1006.6378784179688, 1072.3382568359375, 1005.1544189453125, 1072.0, 1005.0], [1072.0, 1005.0, 1071.651611328125, 1004.8410034179688, 1071.8023681640625, 1001.79052734375, 1072.0, 1002.0], [1072.0, 1002.0, 1072.1357421875, 1002.143798828125, 1073.1976318359375, 1001.20947265625, 1073.0, 1001.0], [1073.0, 1001.0, 1072.712158203125, 1000.6949462890625, 1072.8023681640625, 997.79052734375, 1073.0, 998.0], [1073.0, 998.0, 1073.1357421875, 998.143798828125, 1074.1976318359375, 997.20947265625, 1074.0, 997.0], [1074.0, 997.0, 1073.712158203125, 996.6949462890625, 1073.8023681640625, 993.79052734375, 1074.0, 994.0], [1074.0, 994.0, 1074.1357421875, 994.143798828125, 1075.2176513671875, 993.3610229492188, 1075.0, 993.0], [1075.0, 993.0, 1074.5908203125, 992.3211669921875, 1074.7823486328125, 987.6389770507812, 1075.0, 988.0], [1075.0, 988.0, 1075.11572265625, 988.1920166015625, 1076.234619140625, 987.5546875, 1076.0, 987.0], [1076.0, 987.0, 1075.44189453125, 985.6807861328125, 1075.765380859375, 978.4453125, 1076.0, 979.0], [1076.0, 979.0, 1076.0986328125, 979.2332153320312, 