{"version": 15, "source_image": "Luculine.otf", "width": 2048, "height": 2048, "vector_format": "bezier_cubic", "strokes": [{"segments": [[1054.0, 680.0, 1054.0, 680.0, 1053.20947265625, 681.1976318359375, 1053.0, 681.0], [1053.0, 681.0, 1052.6949462890625, 680.712158203125, 1049.79052734375, 681.1976318359375, 1050.0, 681.0], [1050.0, 681.0, 1050.143798828125, 680.8643188476562, 1049.02880859375, 679.8477172851562, 1049.0, 680.0], [1049.0, 680.0, 1048.975830078125, 680.1280517578125, 1047.97119140625, 679.8477172851562, 1048.0, 680.0], [1048.0, 680.0, 1048.0343017578125, 680.1810913085938, 1047.02880859375, 681.1522827148438, 1047.0, 681.0], [1047.0, 681.0, 1046.975830078125, 680.8719482421875, 1045.97119140625, 681.1522827148438, 1046.0, 681.0], [1046.0, 681.0, 1046.0343017578125, 680.8189086914062, 1045.20947265625, 679.8023681640625, 1045.0, 680.0], [1045.0, 680.0, 1044.6949462890625, 680.287841796875, 1041.79052734375, 679.8023681640625, 1042.0, 680.0], [1042.0, 680.0, 1042.143798828125, 680.1356811523438, 1041.9195556640625, 681.2550048828125, 1041.0, 681.0], [1041.0, 681.0, 1038.005126953125, 680.16943359375, 1025.0804443359375, 680.7449951171875, 1026.0, 681.0], [1026.0, 681.0, 1026.2823486328125, 681.0783081054688, 1025.7740478515625, 682.2481689453125, 1025.0, 682.0], [1025.0, 682.0, 1022.7450561523438, 681.2771606445312, 1012.2258911132812, 681.7518310546875, 1013.0, 682.0], [1013.0, 682.0, 1013.2657470703125, 682.085205078125, 1012.7741088867188, 683.2481689453125, 1012.0, 683.0], [1012.0, 683.0, 1009.7450561523438, 682.2771606445312, 999.2258911132812, 682.7518310546875, 1000.0, 683.0], [1000.0, 683.0, 1000.2657470703125, 683.085205078125, 999.2881469726562, 684.2090454101562, 999.0, 684.0], [999.0, 684.0, 998.515380859375, 683.6484375, 994.7118530273438, 683.7909545898438, 995.0, 684.0], [995.0, 684.0, 995.1713256835938, 684.124267578125, 994.4292602539062, 685.224365234375, 994.0, 685.0], [994.0, 685.0, 993.1158447265625, 684.5377807617188, 987.5707397460938, 684.775634765625, 988.0, 685.0], [988.0, 685.0, 988.2083740234375, 685.1089477539062, 987.1234741210938, 686.1810913085938, 987.0, 686.0], [987.0, 686.0, 986.8532104492188, 685.78466796875, 984.8765258789062, 685.8189086914062, 985.0, 686.0], [985.0, 686.0, 985.1038208007812, 686.1522827148438, 984.20947265625, 687.1976318359375, 984.0, 687.0], [984.0, 687.0, 983.6949462890625, 686.712158203125, 980.79052734375, 686.8023681640625, 981.0, 687.0], [981.0, 687.0, 981.143798828125, 687.1356811523438, 980.20947265625, 688.1976318359375, 980.0, 688.0], [980.0, 688.0, 979.6949462890625, 687.712158203125, 976.79052734375, 687.8023681640625, 977.0, 688.0], [977.0, 688.0, 977.143798828125, 688.1356811523438, 976.02880859375, 689.1522827148438, 976.0, 689.0], [976.0, 689.0, 975.9757690429688, 688.8719482421875, 974.97119140625, 688.8477172851562, 975.0, 689.0], [975.0, 689.0, 975.0342407226562, 689.1810913085938, 974.02880859375, 690.1522827148438, 974.0, 690.0], [974.0, 690.0, 973.9757690429688, 689.8719482421875, 973.1024169921875, 689.6731567382812, 973.0, 690.0], [973.0, 690.0, 972.7890014648438, 690.6731567382812, 969.6731567382812, 693.1024169921875, 970.0, 693.0], [970.0, 693.0, 970.15869140625, 692.9502563476562, 970.1522827148438, 694.02880859375, 970.0, 694.0], [970.0, 694.0, 969.8189086914062, 693.9657592773438, 968.8477172851562, 694.97119140625, 969.0, 695.0], [969.0, 695.0, 969.1280517578125, 695.0242309570312, 969.2485961914062, 695.96044921875, 969.0, 696.0], [969.0, 696.0, 968.5819091796875, 696.0665283203125, 966.6617431640625, 697.8455810546875, 967.0, 698.0], [967.0, 698.0, 967.3483276367188, 698.1589965820312, 967.1976318359375, 701.20947265625, 967.0, 701.0], [967.0, 701.0, 966.8643188476562, 700.856201171875, 965.8477172851562, 701.97119140625, 966.0, 702.0], [966.0, 702.0, 966.1280517578125, 702.0242309570312, 966.1522827148438, 703.02880859375, 966.0, 703.0], [966.0, 703.0, 965.8189086914062, 702.9657592773438, 964.7909545898438, 703.7118530273438, 965.0, 704.0], [965.0, 704.0, 965.3515625, 704.484619140625, 965.2090454101562, 708.2881469726562, 965.0, 708.0], [965.0, 708.0, 964.875732421875, 707.8286743164062, 963.7824096679688, 708.6389770507812, 964.0, 709.0], [964.0, 709.0, 964.4091796875, 709.6788330078125, 964.2175903320312, 714.3610229492188, 964.0, 714.0], [964.0, 714.0, 963.88427734375, 713.8079833984375, 962.7909545898438, 714.7118530273438, 963.0, 715.0], [963.0, 715.0, 963.3515625, 715.484619140625, 963.2090454101562, 719.2881469726562, 963.0, 719.0], [963.0, 719.0, 962.875732421875, 718.8286743164062, 961.7518310546875, 719.2258911132812, 962.0, 720.0], [962.0, 720.0, 962.7228393554688, 722.2549438476562, 962.2481689453125, 732.7741088867188, 962.0, 732.0], [962.0, 732.0, 961.914794921875, 731.7342529296875, 960.70556640625, 730.1431884765625, 961.0, 733.0], [961.0, 733.0, 963.228271484375, 754.6204833984375, 960.70556640625, 816.8568115234375, 961.0, 814.0], [961.0, 814.0, 961.0388793945312, 813.6224975585938, 962.2646484375, 813.8223876953125, 962.0, 815.0], [962.0, 815.0, 960.9801635742188, 819.5379028320312, 961.7353515625, 837.1776123046875, 962.0, 836.0], [962.0, 836.0, 962.0686645507812, 835.6943969726562, 963.2659301757812, 835.7826538085938, 963.0, 837.0], [963.0, 837.0, 961.951171875, 841.80126953125, 962.7340698242188, 860.2173461914062, 963.0, 859.0], [963.0, 859.0, 963.0674438476562, 858.6913452148438, 964.2646484375, 858.8223876953125, 964.0, 860.0], [964.0, 860.0, 962.9801635742188, 864.5379028320312, 963.7353515625, 882.1776123046875, 964.0, 881.0], [964.0, 881.0, 964.0686645507812, 880.6943969726562, 965.2861328125, 879.8323364257812, 965.0, 882.0], [965.0, 882.0, 963.264892578125, 895.1444091796875, 965.2861328125, 936.1676635742188, 965.0, 934.0], [965.0, 934.0, 964.9528198242188, 933.6425170898438, 963.7340698242188, 933.7826538085938, 964.0, 935.0], [964.0, 935.0, 965.048828125, 939.80126953125, 964.2659301757812, 958.2173461914062, 964.0, 957.0], [964.0, 957.0, 963.9325561523438, 956.6913452148438, 962.7653198242188, 957.4453125, 963.0, 958.0], [963.0, 958.0, 963.5581665039062, 959.3192138671875, 963.2346801757812, 966.5546875, 963.0, 966.0], [963.0, 966.0, 962.9013061523438, 965.7667846679688, 961.7353515625, 965.8223876953125, 962.0, 967.0], [962.0, 967.0, 963.0198364257812, 971.5379028320312, 962.2646484375, 989.1776123046875, 962.0, 988.0], [962.0, 988.0, 961.9313354492188, 987.6943969726562, 960.8477172851562, 988.97119140625, 961.0, 989.0], [961.0, 989.0, 961.1280517578125, 989.0242309570312, 960.8477172851562, 990.02880859375, 961.0, 990.0], [961.0, 990.0, 961.1810913085938, 989.9657592773438, 962.2090454101562, 990.7118530273438, 962.0, 991.0], [962.0, 991.0, 961.6484375, 991.484619140625, 961.7909545898438, 995.2881469726562, 962.0, 995.0], [962.0, 995.0, 962.124267578125, 994.8286743164062, 963.1976318359375, 995.79052734375, 963.0, 996.0], [963.0, 996.0, 962.712158203125, 996.3050537109375, 962.8023681640625, 999.20947265625, 963.0, 999.0], [963.0, 999.0, 963.1356811523438, 998.856201171875, 964.1976318359375, 999.79052734375, 964.0, 1000.0], [964.0, 1000.0, 963.712158203125, 1000.3050537109375, 963.8023681640625, 1003.20947265625, 964.0, 1003.0], [964.0, 1003.0, 964.1356811523438, 1002.856201171875, 965.1810913085938, 1003.8765258789062, 965.0, 1004.0], [965.0, 1004.0, 964.78466796875, 1004.1467895507812, 964.8189086914062, 1006.1234741210938, 965.0, 1006.0], [965.0, 1006.0, 965.1522827148438, 1005.8961791992188, 965.97119140625, 1007.1522827148438, 966.0, 1007.0], [966.0, 1007.0, 966.0242309570312, 1006.8719482421875, 967.02880859375, 1006.8477172851562, 967.0, 1007.0], [967.0, 1007.0, 966.9657592773438, 1007.1810913085938, 967.79052734375, 1008.1976318359375, 968.0, 1008.0], [968.0, 1008.0, 968.3050537109375, 1007.712158203125, 971.20947265625, 1007.8023681640625, 971.0, 1008.0], [971.0, 1008.0, 970.856201171875, 1008.1356811523438, 971.79052734375, 1009.1976318359375, 972.0, 1009.0], [972.0, 1009.0, 