{"version": 15, "source_image": "Luculine.otf", "width": 2048, "height": 2048, "vector_format": "bezier_cubic", "strokes": [{"segments": [[1074.0, 688.0, 1074.0, 688.0, 1072.7142333984375, 686.8590087890625, 1073.0, 689.0], [1073.0, 689.0, 1074.7159423828125, 701.8572387695312, 1073.2857666015625, 742.1409912109375, 1073.0, 740.0], [1073.0, 740.0, 1072.952392578125, 739.6434936523438, 1071.708984375, 738.4579467773438, 1072.0, 741.0], [1072.0, 741.0, 1074.0032958984375, 758.4969482421875, 1071.708984375, 810.5420532226562, 1072.0, 808.0], [1072.0, 808.0, 1072.042236328125, 807.6306762695312, 1073.2921142578125, 806.3650512695312, 1073.0, 809.0], [1073.0, 809.0, 1070.9302978515625, 827.6698608398438, 1072.7078857421875, 882.6349487304688, 1073.0, 880.0], [1073.0, 880.0, 1073.041259765625, 879.6281127929688, 1074.2811279296875, 879.1405029296875, 1074.0, 881.0], [1074.0, 881.0, 1072.486328125, 891.0123291015625, 1073.7188720703125, 923.8594970703125, 1074.0, 922.0], [1074.0, 922.0, 1074.05224609375, 921.6546630859375, 1075.275390625, 921.4225463867188, 1075.0, 923.0], [1075.0, 923.0, 1073.6898193359375, 930.5036010742188, 1074.724609375, 956.5774536132812, 1075.0, 955.0], [1075.0, 955.0, 1075.057861328125, 954.6683959960938, 1076.2681884765625, 954.70556640625, 1076.0, 956.0], [1076.0, 956.0, 1074.89501953125, 961.3323974609375, 1075.7318115234375, 981.29443359375, 1076.0, 980.0], [1076.0, 980.0, 1076.0650634765625, 979.685791015625, 1077.245361328125, 980.2776489257812, 1077.0, 981.0], [1077.0, 981.0, 1076.315673828125, 983.0146484375, 1077.245361328125, 992.7223510742188, 1077.0, 992.0], [1077.0, 992.0, 1076.9119873046875, 991.740966796875, 1075.7823486328125, 992.6389770507812, 1076.0, 993.0], [1076.0, 993.0, 1076.4091796875, 993.6788330078125, 1076.2176513671875, 998.3610229492188, 1076.0, 998.0], [1076.0, 998.0, 1075.88427734375, 997.8079833984375, 1074.8023681640625, 998.79052734375, 1075.0, 999.0], [1075.0, 999.0, 1075.287841796875, 999.3050537109375, 1075.1976318359375, 1002.20947265625, 1075.0, 1002.0], [1075.0, 1002.0, 1074.8642578125, 1001.856201171875, 1073.8477783203125, 1002.97119140625, 1074.0, 1003.0], [1074.0, 1003.0, 1074.1280517578125, 1003.0242309570312, 1074.24853515625, 1003.96044921875, 1074.0, 1004.0], [1074.0, 1004.0, 1073.5819091796875, 1004.0665283203125, 1072.0576171875, 1006.3045043945312, 1072.0, 1006.0], [1072.0, 1006.0, 1071.9515380859375, 1005.743896484375, 1069.8765869140625, 1005.8189086914062, 1070.0, 1006.0], [1070.0, 1006.0, 1070.103759765625, 1006.1522827148438, 1069.20947265625, 1007.1976318359375, 1069.0, 1007.0], [1069.0, 1007.0, 1068.6949462890625, 1006.712158203125, 1065.79052734375, 1006.8023681640625, 1066.0, 1007.0], [1066.0, 1007.0, 1066.143798828125, 1007.1356811523438, 1066.3319091796875, 1008.269287109375, 1065.0, 1008.0], [1065.0, 1008.0, 1059.4000244140625, 1006.8677978515625, 1038.6680908203125, 1008.269287109375, 1040.0, 1008.0], [1040.0, 1008.0, 1040.3167724609375, 1007.9359741210938, 1039.6129150390625, 1006.7612915039062, 1039.0, 1007.0], [1039.0, 1007.0, 1037.453857421875, 1007.6021728515625, 1029.3870849609375, 1007.2387084960938, 1030.0, 1007.0], [1030.0, 1007.0, 1030.242919921875, 1006.9053955078125, 1029.722412109375, 1005.754638671875, 1029.0, 1006.0], [1029.0, 1006.0, 1026.9853515625, 1006.6842651367188, 1017.2776489257812, 1006.245361328125, 1018.0, 1006.0], [1018.0, 1006.0, 1018.259033203125, 1005.9120483398438, 1017.7741088867188, 1004.7518310546875, 1017.0, 1005.0], [1017.0, 1005.0, 1014.7450561523438, 1005.7228393554688, 1004.2258911132812, 1005.2481689453125, 1005.0, 1005.0], [1005.0, 1005.0, 1005.2657470703125, 1004.914794921875, 1004.6129150390625, 1003.7612915039062, 1004.0, 1004.0], [1004.0, 1004.0, 1002.4537963867188, 1004.6021728515625, 994.3870849609375, 1004.2387084960938, 995.0, 1004.0], [995.0, 1004.0, 995.2429809570312, 1003.9053955078125, 994.4292602539062, 1002.775634765625, 994.0, 1003.0], [994.0, 1003.0, 993.1158447265625, 1003.4622192382812, 987.5707397460938, 1003.224365234375, 988.0, 1003.0], [988.0, 1003.0, 988.2083740234375, 1002.8910522460938, 987.4935913085938, 1001.77001953125, 987.0, 1002.0], [987.0, 1002.0, 985.90185546875, 1002.5116577148438, 979.5064086914062, 1002.22998046875, 980.0, 1002.0], [980.0, 1002.0, 980.2218627929688, 1001.8966064453125, 979.20947265625, 1000.8023681640625, 979.0, 1001.0], [979.0, 1001.0, 978.6949462890625, 1001.287841796875, 975.79052734375, 1001.1976318359375, 976.0, 1001.0], [976.0, 1001.0, 976.143798828125, 1000.8643188476562, 975.20947265625, 999.8023681640625, 975.0, 1000.0], [975.0, 1000.0, 974.6949462890625, 1000.287841796875, 971.79052734375, 1000.1976318359375, 972.0, 1000.0], [972.0, 1000.0, 972.143798828125, 999.8643188476562, 971.02880859375, 998.8477172851562, 971.0, 999.0], [971.0, 999.0, 970.9757690429688, 999.1280517578125, 969.97119140625, 999.1522827148438, 970.0, 999.0], [970.0, 999.0, 970.0342407226562, 998.8189086914062, 969.1234741210938, 997.8189086914062, 969.0, 998.0], [969.0, 998.0, 968.8532104492188, 998.21533203125, 966.8765258789062, 998.1810913085938, 967.0, 998.0], [967.0, 998.0, 967.1038208007812, 997.8477172851562, 965.8189086914062, 997.1234741210938, 966.0, 997.0], [966.0, 997.0, 966.21533203125, 996.8532104492188, 966.3045043945312, 994.9423828125, 966.0, 995.0], [966.0, 995.0, 965.6378784179688, 995.0685424804688, 963.6617431640625, 993.1544189453125, 964.0, 993.0], [964.0, 993.0, 964.3483276367188, 992.8410034179688, 964.1976318359375, 989.79052734375, 964.0, 990.0], [964.0, 990.0, 963.8643188476562, 990.143798828125, 962.7909545898438, 989.2881469726562, 963.0, 989.0], [963.0, 989.0, 963.3515625, 988.515380859375, 963.2090454101562, 984.7118530273438, 963.0, 985.0], [963.0, 985.0, 962.875732421875, 985.1713256835938, 961.7824096679688, 984.3610229492188, 962.0, 984.0], [962.0, 984.0, 962.4091796875, 983.3211669921875, 962.2175903320312, 978.6389770507812, 962.0, 979.0], [962.0, 979.0, 961.88427734375, 979.1920166015625, 960.7612915039062, 978.6129150390625, 961.0, 978.0], [961.0, 978.0, 961.6021728515625, 976.4537963867188, 961.2387084960938, 968.3870849609375, 961.0, 969.0], [961.0, 969.0, 960.9053955078125, 969.2429809570312, 959.7493286132812, 968.8240966796875, 960.0, 968.0], [960.0, 968.0, 960.7599487304688, 965.5014038085938, 960.2506713867188, 954.1759033203125, 960.0, 955.0], [960.0, 955.0, 959.9172973632812, 955.2717895507812, 958.7493286132812, 954.8240966796875, 959.0, 954.0], [959.0, 954.0, 959.7599487304688, 951.5014038085938, 959.2506713867188, 940.1759033203125, 959.0, 941.0], [959.0, 941.0, 958.9172973632812, 941.2717895507812, 957.7493286132812, 940.8240966796875, 958.0, 940.0], [958.0, 940.0, 958.7599487304688, 937.5014038085938, 958.2506713867188, 926.1759033203125, 958.0, 927.0], [958.0, 927.0, 957.9172973632812, 927.2717895507812, 956.7493286132812, 926.8240966796875, 957.0, 926.0], [957.0, 926.0, 957.7599487304688, 923.5014038085938, 957.2506713867188, 912.1759033203125, 957.0, 913.0], [957.0, 913.0, 956.9172973632812, 913.2717895507812, 955.7470703125, 912.87255859375, 956.0, 912.0], [956.0, 912.0, 956.7958374023438, 909.254638671875, 956.2529296875, 897.12744140625, 956.0, 898.0], [956.0, 898.0, 955.9196166992188, 898.27734375, 954.7493286132812, 897.8240966796875, 955.0, 897.0], [955.0, 897.0, 955.7599487304688, 894.5014038085938, 955.2506713867188, 883.1759033203125, 955.0, 884.0], [955.0, 884.0, 954.9172973632812, 884.2717895507812, 953.7449951171875, 883.9195556640625, 954.0, 883.0], [954.0, 883.0, 954.83056640625, 880.0051879882812, 954.2550048828125, 867.0804443359375, 954.0, 868.0], [954.0, 868.0, 953.9216918945312, 868.2823486328125, 952.7470703125, 867.87255859375, 953.0, 867.0], [953.0, 867.0, 953.7958374023438, 864.254638671875, 953.2529296875, 852.12744140625, 953.0, 853.0], [953.0, 853.0, 952.9196166992188, 853.27734375, 951.73291015625, 853.2562255859375, 952.0, 852.0], [952.0, 852.0, 953.0771484375, 846.933837890625, 951.73291015625, 