{"version": 15, "source_image": "Luculine.otf", "width": 2048, "height": 2048, "vector_format": "bezier_cubic", "strokes": [{"segments": [[958.0, 776.0, 958.0, 776.0, 958.1810913085938, 778.1234741210938, 958.0, 778.0], [958.0, 778.0, 957.8477172851562, 777.8961791992188, 956.7396240234375, 777.94677734375, 957.0, 779.0], [957.0, 779.0, 957.9288330078125, 782.757568359375, 957.2603759765625, 798.05322265625, 957.0, 797.0], [957.0, 797.0, 956.927001953125, 796.7047729492188, 955.73291015625, 796.7437744140625, 956.0, 798.0], [956.0, 798.0, 957.0771484375, 803.066162109375, 956.26708984375, 822.2562255859375, 956.0, 821.0], [956.0, 821.0, 955.9337768554688, 820.6884765625, 954.73291015625, 820.7437744140625, 955.0, 822.0], [955.0, 822.0, 956.0771484375, 827.066162109375, 955.26708984375, 846.2562255859375, 955.0, 845.0], [955.0, 845.0, 954.9337768554688, 844.6884765625, 953.7142333984375, 843.8590087890625, 954.0, 846.0], [954.0, 846.0, 955.7160034179688, 858.8572387695312, 954.2857666015625, 899.1409912109375, 954.0, 897.0], [954.0, 897.0, 953.952392578125, 896.6434936523438, 952.7194213867188, 896.1702880859375, 953.0, 898.0], [953.0, 898.0, 954.4921875, 907.7308959960938, 952.7194213867188, 939.8297119140625, 953.0, 938.0], [953.0, 938.0, 953.052734375, 937.6559448242188, 954.2659301757812, 937.7826538085938, 954.0, 939.0], [954.0, 939.0, 952.951171875, 943.80126953125, 953.7340698242188, 962.2173461914062, 954.0, 961.0], [954.0, 961.0, 954.0674438476562, 960.6913452148438, 955.2422485351562, 961.331298828125, 955.0, 962.0], [955.0, 962.0, 954.3558349609375, 963.7782592773438, 954.7577514648438, 972.668701171875, 955.0, 972.0], [955.0, 972.0, 955.0911254882812, 971.74853515625, 956.2090454101562, 972.7118530273438, 956.0, 973.0], [956.0, 973.0, 955.6484375, 973.484619140625, 955.7909545898438, 977.2881469726562, 956.0, 977.0], [956.0, 977.0, 956.124267578125, 976.8286743164062, 957.2175903320312, 977.6389770507812, 957.0, 978.0], [957.0, 978.0, 956.5908203125, 978.6788330078125, 956.7824096679688, 983.3610229492188, 957.0, 983.0], [957.0, 983.0, 957.11572265625, 982.8079833984375, 958.1522827148438, 983.97119140625, 958.0, 984.0], [958.0, 984.0, 957.8719482421875, 984.0242309570312, 957.8477172851562, 985.02880859375, 958.0, 985.0], [958.0, 985.0, 958.1810913085938, 984.9657592773438, 959.1976318359375, 985.79052734375, 959.0, 986.0], [959.0, 986.0, 958.712158203125, 986.3050537109375, 958.8023681640625, 989.20947265625, 959.0, 989.0], [959.0, 989.0, 959.1356811523438, 988.856201171875, 960.1810913085938, 989.8765258789062, 960.0, 990.0], [960.0, 990.0, 959.78466796875, 990.1467895507812, 959.8189086914062, 992.1234741210938, 960.0, 992.0], [960.0, 992.0, 960.1522827148438, 991.8961791992188, 961.1522827148438, 992.97119140625, 961.0, 993.0], [961.0, 993.0, 960.8719482421875, 993.0242309570312, 960.7514038085938, 993.96044921875, 961.0, 994.0], [961.0, 994.0, 961.4180908203125, 994.0665283203125, 963.03955078125, 996.2485961914062, 963.0, 996.0], [963.0, 996.0, 962.9765014648438, 995.8521728515625, 964.02880859375, 995.8477172851562, 964.0, 996.0], [964.0, 996.0, 963.9657592773438, 996.1810913085938, 964.97119140625, 997.1522827148438, 965.0, 997.0], [965.0, 997.0, 965.0242309570312, 996.8719482421875, 966.02880859375, 996.8477172851562, 966.0, 997.0], [966.0, 997.0, 965.9657592773438, 997.1810913085938, 966.8765258789062, 998.1810913085938, 967.0, 998.0], [967.0, 998.0, 967.1467895507812, 997.78466796875, 969.1234741210938, 997.8189086914062, 969.0, 998.0], [969.0, 998.0, 968.8961791992188, 998.1522827148438, 969.8765258789062, 999.1810913085938, 970.0, 999.0], [970.0, 999.0, 970.1467895507812, 998.78466796875, 972.1234741210938, 998.8189086914062, 972.0, 999.0], [972.0, 999.0, 971.8961791992188, 999.1522827148438, 972.79052734375, 1000.1976318359375, 973.0, 1000.0], [973.0, 1000.0, 973.3050537109375, 999.712158203125, 976.20947265625, 999.8023681640625, 976.0, 1000.0], [976.0, 1000.0, 975.856201171875, 1000.1356811523438, 976.79052734375, 1001.1976318359375, 977.0, 1001.0], [977.0, 1001.0, 977.3050537109375, 1000.712158203125, 980.20947265625, 1000.8023681640625, 980.0, 1001.0], [980.0, 1001.0, 979.856201171875, 1001.1356811523438, 980.7118530273438, 1002.2090454101562, 981.0, 1002.0], [981.0, 1002.0, 981.484619140625, 1001.6484375, 985.2881469726562, 1001.7909545898438, 985.0, 1002.0], [985.0, 1002.0, 984.8286743164062, 1002.124267578125, 985.79052734375, 1003.1976318359375, 986.0, 1003.0], [986.0, 1003.0, 986.3050537109375, 1002.712158203125, 989.20947265625, 1002.8023681640625, 989.0, 1003.0], [989.0, 1003.0, 988.856201171875, 1003.1356811523438, 989.5707397460938, 1004.224365234375, 990.0, 1004.0], [990.0, 1004.0, 990.8841552734375, 1003.5377807617188, 996.4292602539062, 1003.775634765625, 996.0, 1004.0], [996.0, 1004.0, 995.7916259765625, 1004.1089477539062, 996.4453125, 1005.2346801757812, 997.0, 1005.0], [997.0, 1005.0, 998.3192138671875, 1004.4418334960938, 1005.5546875, 1004.7653198242188, 1005.0, 1005.0], [1005.0, 1005.0, 1004.7667846679688, 1005.0986938476562, 1005.2258911132812, 1006.2481689453125, 1006.0, 1006.0], [1006.0, 1006.0, 1008.2549438476562, 1005.2771606445312, 1018.7741088867188, 1005.7518310546875, 1018.0, 1006.0], [1018.0, 1006.0, 1017.7342529296875, 1006.085205078125, 1018.5707397460938, 1007.224365234375, 1019.0, 1007.0], [1019.0, 1007.0, 1019.8841552734375, 1006.5377807617188, 1025.42919921875, 1006.775634765625, 1025.0, 1007.0], [1025.0, 1007.0, 1024.7916259765625, 1007.1089477539062, 1024.8223876953125, 1008.2646484375, 1026.0, 1008.0], [1026.0, 1008.0, 1030.537841796875, 1006.9801635742188, 1048.1776123046875, 1007.7353515625, 1047.0, 1008.0], [1047.0, 1008.0, 1046.6944580078125, 1008.0686645507812, 1047.638916015625, 1009.2175903320312, 1048.0, 1009.0], [1048.0, 1009.0, 1048.6788330078125, 1008.5908203125, 1053.361083984375, 1009.2175903320312, 1053.0, 1009.0], [1053.0, 1009.0, 1052.8079833984375, 1008.88427734375, 1053.638916015625, 1007.7824096679688, 1054.0, 1008.0], [1054.0, 1008.0, 1054.6788330078125, 1008.4091796875, 1059.361083984375, 1008.2175903320312, 1059.0, 1008.0], [1059.0, 1008.0, 1058.8079833984375, 1007.88427734375, 1059.7119140625, 1006.7909545898438, 1060.0, 1007.0], [1060.0, 1007.0, 1060.484619140625, 1007.3515625, 1064.2880859375, 1007.2090454101562, 1064.0, 1007.0], [1064.0, 1007.0, 1063.82861328125, 1006.875732421875, 1064.8765869140625, 1005.8189086914062, 1065.0, 1006.0], [1065.0, 1006.0, 1065.1468505859375, 1006.21533203125, 1067.1234130859375, 1006.1810913085938, 1067.0, 1006.0], [1067.0, 1006.0, 1066.896240234375, 1005.8477172851562, 1067.97119140625, 1004.8477172851562, 1068.0, 1005.0], [1068.0, 1005.0, 1068.024169921875, 1005.1280517578125, 1068.96044921875, 1005.2485961914062, 1069.0, 1005.0], [1069.0, 1005.0, 1069.0665283203125, 1004.5819091796875, 1071.24853515625, 1002.96044921875, 1071.0, 1003.0], [1071.0, 1003.0, 1070.8521728515625, 1003.0234985351562, 1070.8477783203125, 1001.97119140625, 1071.0, 1002.0], [1071.0, 1002.0, 1071.1810302734375, 1002.0342407226562, 1072.1976318359375, 1001.20947265625, 1072.0, 1001.0], [1072.0, 1001.0, 1071.712158203125, 1000.6949462890625, 1071.8023681640625, 997.79052734375, 1072.0, 998.0], [1072.0, 998.0, 1072.1357421875, 998.143798828125, 1073.208984375, 997.2881469726562, 1073.0, 997.0], [1073.0, 997.0, 1072.6484375, 996.515380859375, 1072.791015625, 992.7118530273438, 1073.0, 993.0], [1073.0, 993.0, 1073.124267578125, 993.1713256835938, 1074.23876953125, 992.6129150390625, 1074.0, 992.0], [1074.0, 992.0, 1073.3978271484375, 990.4537963867188, 1073.76123046875, 982.3870849609375, 1074.0, 983.0], [1074.0, 983.0, 1074.0946044921875, 983.2429809570312, 1075.2857666015625, 984.1409912109375, 1075.0, 982.0], [1075.0, 982.0, 1073.2840576171875, 969.1427612304688, 1075.2857666015625, 928.8590087890625, 1075.0, 931.0], [1075.0, 931.0, 1074.952392578125, 931.3565063476562, 1073.7353515625, 931.1776123046875, 1074.0, 930.0], [1074.0, 930.0, 