{"version": 15, "source_image": "Luculine.otf", "width": 2048, "height": 2048, "vector_format": "bezier_cubic", "strokes": [{"segments": [[932.0, 835.0, 932.0, 835.0, 938.4292602539062, 835.224365234375, 938.0, 835.0], [938.0, 835.0, 937.7916259765625, 834.8910522460938, 938.7118530273438, 833.7909545898438, 939.0, 834.0], [939.0, 834.0, 939.484619140625, 834.3515625, 943.2881469726562, 833.7909545898438, 943.0, 834.0], [943.0, 834.0, 942.8286743164062, 834.124267578125, 943.79052734375, 835.1976318359375, 944.0, 835.0], [944.0, 835.0, 944.3050537109375, 834.712158203125, 947.20947265625, 834.8023681640625, 947.0, 835.0], [947.0, 835.0, 946.856201171875, 835.1356811523438, 946.5244750976562, 836.2730102539062, 948.0, 836.0], [948.0, 836.0, 954.6817016601562, 834.7636108398438, 978.4755249023438, 835.7269897460938, 977.0, 836.0], [977.0, 836.0, 976.6741333007812, 836.060302734375, 977.2776489257812, 837.245361328125, 978.0, 837.0], [978.0, 837.0, 980.0146484375, 836.3157348632812, 989.7223510742188, 837.245361328125, 989.0, 837.0], [989.0, 837.0, 988.740966796875, 836.9120483398438, 990.0870971679688, 835.2973022460938, 990.0, 836.0], [990.0, 836.0, 989.8512573242188, 837.1998291015625, 990.9129028320312, 840.7026977539062, 991.0, 840.0], [991.0, 840.0, 991.051025390625, 839.5884399414062, 992.3333129882812, 838.8477172851562, 992.0, 839.0], [992.0, 839.0, 991.7197265625, 839.1280517578125, 990.6666870117188, 839.0, 991.0, 839.0], [991.0, 839.0, 991.3333129882812, 839.0, 992.3333129882812, 839.1522827148438, 992.0, 839.0], [992.0, 839.0, 991.6035766601562, 838.8189086914062, 990.6666870117188, 837.6666870117188, 991.0, 838.0], [991.0, 838.0, 991.3333129882812, 838.3333129882812, 991.331298828125, 839.2422485351562, 992.0, 839.0], [992.0, 839.0, 993.7782592773438, 838.3558349609375, 1002.668701171875, 838.7577514648438, 1002.0, 839.0], [1002.0, 839.0, 1001.74853515625, 839.0911254882812, 1001.5244750976562, 840.2730102539062, 1003.0, 840.0], [1003.0, 840.0, 1009.6817016601562, 838.7636108398438, 1033.4754638671875, 839.7269897460938, 1032.0, 840.0], [1032.0, 840.0, 1031.6741943359375, 840.060302734375, 1032.3870849609375, 841.2387084960938, 1033.0, 841.0], [1033.0, 841.0, 1034.546142578125, 840.3978271484375, 1042.6129150390625, 840.7612915039062, 1042.0, 841.0], [1042.0, 841.0, 1041.757080078125, 841.0946044921875, 1042.97119140625, 842.1522827148438, 1043.0, 842.0], [1043.0, 842.0, 1043.024169921875, 841.8719482421875, 1044.0, 842.0, 1044.0, 842.0]], "color_group_id": 0}, {"segments": [[1094.0, 690.0, 1094.0, 690.0, 1084.3870849609375, 690.2387084960938, 1085.0, 690.0], [1085.0, 690.0, 1085.242919921875, 689.9053955078125, 1084.668701171875, 688.7577514648438, 1084.0, 689.0], [1084.0, 689.0, 1082.2218017578125, 689.6441650390625, 1073.331298828125, 689.2422485351562, 1074.0, 689.0], [1074.0, 689.0, 1074.25146484375, 688.9088745117188, 1073.7740478515625, 687.7518310546875, 1073.0, 688.0], [1073.0, 688.0, 1070.7451171875, 688.7228393554688, 1060.2259521484375, 688.2481689453125, 1061.0, 688.0], [1061.0, 688.0, 1061.2657470703125, 687.914794921875, 1060.96533203125, 686.7430419921875, 1060.0, 687.0], [1060.0, 687.0, 1056.753173828125, 687.8642578125, 1043.03466796875, 687.2569580078125, 1044.0, 687.0], [1044.0, 687.0, 1044.2869873046875, 686.923583984375, 1044.4405517578125, 685.7278442382812, 1043.0, 686.0], [1043.0, 686.0, 1036.59033203125, 687.2110595703125, 1013.5595092773438, 685.7278442382812, 1015.0, 686.0], [1015.0, 686.0, 1015.32373046875, 686.0611572265625, 1014.2881469726562, 687.2090454101562, 1014.0, 687.0], [1014.0, 687.0, 1013.515380859375, 686.6484375, 1009.7118530273438, 686.7909545898438, 1010.0, 687.0], [1010.0, 687.0, 1010.1713256835938, 687.124267578125, 1009.20947265625, 688.1976318359375, 1009.0, 688.0], [1009.0, 688.0, 1008.6949462890625, 687.712158203125, 1005.79052734375, 687.8023681640625, 1006.0, 688.0], [1006.0, 688.0, 1006.143798828125, 688.1356811523438, 1005.1234741210938, 689.1810913085938, 1005.0, 689.0], [1005.0, 689.0, 1004.8532104492188, 688.78466796875, 1002.8765258789062, 688.8189086914062, 1003.0, 689.0], [1003.0, 689.0, 1003.1038208007812, 689.1522827148438, 1002.20947265625, 690.1976318359375, 1002.0, 690.0], [1002.0, 690.0, 1001.6949462890625, 689.712158203125, 998.79052734375, 689.8023681640625, 999.0, 690.0], [999.0, 690.0, 999.143798828125, 690.1356811523438, 997.8477172851562, 690.97119140625, 998.0, 691.0], [998.0, 691.0, 998.1280517578125, 691.0242309570312, 998.1522827148438, 692.02880859375, 998.0, 692.0], [998.0, 692.0, 997.8189086914062, 691.9657592773438, 996.8189086914062, 692.8765258789062, 997.0, 693.0], [997.0, 693.0, 997.21533203125, 693.1467895507812, 997.1810913085938, 695.1234741210938, 997.0, 695.0], [997.0, 695.0, 996.8477172851562, 694.8961791992188, 995.8023681640625, 695.79052734375, 996.0, 696.0], [996.0, 696.0, 996.287841796875, 696.3050537109375, 996.1976318359375, 699.20947265625, 996.0, 699.0], [996.0, 699.0, 995.8643188476562, 698.856201171875, 994.7909545898438, 699.7118530273438, 995.0, 700.0], [995.0, 700.0, 995.3515625, 700.484619140625, 995.2090454101562, 704.2881469726562, 995.0, 704.0], [995.0, 704.0, 994.875732421875, 703.8286743164062, 993.8189086914062, 704.8765258789062, 994.0, 705.0], [994.0, 705.0, 994.21533203125, 705.1467895507812, 994.1810913085938, 707.1234741210938, 994.0, 707.0], [994.0, 707.0, 993.8477172851562, 706.8961791992188, 992.7653198242188, 707.4453125, 993.0, 708.0], [993.0, 708.0, 993.5581665039062, 709.3192138671875, 993.2346801757812, 716.5546875, 993.0, 716.0], [993.0, 716.0, 992.9013061523438, 715.7667846679688, 991.7518310546875, 716.2258911132812, 992.0, 717.0], [992.0, 717.0, 992.7228393554688, 719.2549438476562, 992.2481689453125, 729.7741088867188, 992.0, 729.0], [992.0, 729.0, 991.914794921875, 728.7342529296875, 990.7135009765625, 727.805908203125, 991.0, 730.0], [991.0, 730.0, 992.7540893554688, 743.4319458007812, 991.2864990234375, 785.194091796875, 991.0, 783.0], [991.0, 783.0, 990.9531860351562, 782.6416015625, 989.7138671875, 781.8323364257812, 990.0, 784.0], [990.0, 784.0, 991.735107421875, 797.1444091796875, 989.7138671875, 838.1676635742188, 990.0, 836.0], [990.0, 836.0, 990.0471801757812, 835.6425170898438, 991.2619018554688, 835.9043579101562, 991.0, 837.0], [991.0, 837.0, 990.0401000976562, 841.0159301757812, 990.7380981445312, 857.0956420898438, 991.0, 856.0], [991.0, 856.0, 991.0714721679688, 855.7011108398438, 992.27685546875, 855.3569946289062, 992.0, 857.0], [992.0, 857.0, 990.6424560546875, 865.055908203125, 991.72314453125, 892.6430053710938, 992.0, 891.0], [992.0, 891.0, 992.0564575195312, 890.6649169921875, 993.2529296875, 891.12744140625, 993.0, 892.0], [993.0, 892.0, 992.2041625976562, 894.745361328125, 992.7470703125, 906.87255859375, 993.0, 906.0], [993.0, 906.0, 993.0803833007812, 905.72265625, 994.2506713867188, 906.1759033203125, 994.0, 907.0], [994.0, 907.0, 993.2400512695312, 909.4985961914062, 993.7493286132812, 920.8240966796875, 994.0, 920.0], [994.0, 920.0, 994.0827026367188, 919.7282104492188, 995.2481689453125, 920.2258911132812, 995.0, 921.0], [995.0, 921.0, 994.2771606445312, 923.2549438476562, 994.7518310546875, 933.7741088867188, 995.0, 933.0], [995.0, 933.0, 995.085205078125, 932.7342529296875, 996.2529296875, 933.12744140625, 996.0, 934.0], [996.0, 934.0, 995.2041625976562, 936.745361328125, 995.7470703125, 948.87255859375, 996.0, 948.0], [996.0, 948.0, 996.0803833007812, 947.72265625, 997.2422485351562, 948.331298828125, 997.0, 949.0], [997.0, 949.0, 996.3558349609375, 950.7782592773438, 996.7577514648438, 959.668701171875, 997.0, 959.0], [997.0, 959.0, 997.0911254882812, 958.74853515625, 998.2422485351562, 959.331298828125, 998.0, 960.0], [998.0, 960.0, 997.3558349609375, 961.7782592773438, 997.7577514648438, 970.668701171875, 998.0, 970.0], [998.0, 970.0, 998.0911254882812, 969.74853515625, 999.2387084960938, 970.3870849609375, 999.0, 971.0], [999.0, 971.0, 998.3978271484375, 972.5462036132812,