{"version": 15, "source_image": "Luculine.otf", "width": 2048, "height": 2048, "vector_format": "bezier_cubic", "strokes": [{"segments": [[1076.0, 679.0, 1076.0, 679.0, 1074.775634765625, 679.5707397460938, 1075.0, 680.0], [1075.0, 680.0, 1075.462158203125, 680.8841552734375, 1075.395263671875, 686.4188842773438, 1075.0, 686.0], [1075.0, 686.0, 1074.7286376953125, 685.71240234375, 1075.0196533203125, 688.5174560546875, 1073.0, 688.0], [1073.0, 688.0, 1065.9976806640625, 686.2060546875, 1037.3570556640625, 688.27685546875, 1039.0, 688.0], [1039.0, 688.0, 1039.3350830078125, 687.9435424804688, 1038.2880859375, 686.7909545898438, 1038.0, 687.0], [1038.0, 687.0, 1037.515380859375, 687.3515625, 1033.7119140625, 686.7909545898438, 1034.0, 687.0], [1034.0, 687.0, 1034.17138671875, 687.124267578125, 1035.1409912109375, 688.2857666015625, 1033.0, 688.0], [1033.0, 688.0, 1020.1427612304688, 686.2839965820312, 979.8590087890625, 687.7142333984375, 982.0, 688.0], [982.0, 688.0, 982.3565063476562, 688.047607421875, 981.3610229492188, 689.2175903320312, 981.0, 689.0], [981.0, 689.0, 980.3211669921875, 688.5908203125, 975.6389770507812, 688.7824096679688, 976.0, 689.0], [976.0, 689.0, 976.1920166015625, 689.11572265625, 975.20947265625, 690.1976318359375, 975.0, 690.0], [975.0, 690.0, 974.6949462890625, 689.712158203125, 971.79052734375, 689.8023681640625, 972.0, 690.0], [972.0, 690.0, 972.143798828125, 690.1356811523438, 971.1234741210938, 691.1810913085938, 971.0, 691.0], [971.0, 691.0, 970.8532104492188, 690.78466796875, 968.8765258789062, 690.8189086914062, 969.0, 691.0], [969.0, 691.0, 969.1038208007812, 691.1522827148438, 968.1234741210938, 692.1810913085938, 968.0, 692.0], [968.0, 692.0, 967.8532104492188, 691.78466796875, 965.8765258789062, 691.8189086914062, 966.0, 692.0], [966.0, 692.0, 966.1038208007812, 692.1522827148438, 965.1234741210938, 693.1810913085938, 965.0, 693.0], [965.0, 693.0, 964.8532104492188, 692.78466796875, 963.0118408203125, 692.5928955078125, 963.0, 693.0], [963.0, 693.0, 962.9827880859375, 693.5928955078125, 959.5928955078125, 696.0118408203125, 960.0, 696.0], [960.0, 696.0, 960.2794799804688, 695.9918823242188, 960.1810913085938, 698.1234741210938, 960.0, 698.0], [960.0, 698.0, 959.8477172851562, 697.8961791992188, 958.8023681640625, 698.79052734375, 959.0, 699.0], [959.0, 699.0, 959.287841796875, 699.3050537109375, 959.1976318359375, 702.20947265625, 959.0, 702.0], [959.0, 702.0, 958.8643188476562, 701.856201171875, 957.7824096679688, 702.6389770507812, 958.0, 703.0], [958.0, 703.0, 958.4091796875, 703.6788330078125, 958.2175903320312, 708.3610229492188, 958.0, 708.0], [958.0, 708.0, 957.88427734375, 707.8079833984375, 956.775634765625, 708.5707397460938, 957.0, 709.0], [957.0, 709.0, 957.4622192382812, 709.8841552734375, 957.224365234375, 715.4292602539062, 957.0, 715.0], [957.0, 715.0, 956.8910522460938, 714.7916259765625, 955.7449951171875, 715.0804443359375, 956.0, 716.0], [956.0, 716.0, 956.83056640625, 718.9948120117188, 956.2550048828125, 731.9195556640625, 956.0, 731.0], [956.0, 731.0, 955.9216918945312, 730.7176513671875, 954.754638671875, 731.2776489257812, 955.0, 732.0], [955.0, 732.0, 955.6842651367188, 734.0146484375, 954.754638671875, 743.7223510742188, 955.0, 743.0], [955.0, 743.0, 955.0879516601562, 742.740966796875, 956.27880859375, 742.2619018554688, 956.0, 744.0], [956.0, 744.0, 954.5738525390625, 752.8902587890625, 955.72119140625, 782.7380981445312, 956.0, 781.0], [956.0, 781.0, 956.0545043945312, 780.6602172851562, 957.2721557617188, 780.5595092773438, 957.0, 782.0], [957.0, 782.0, 955.7889404296875, 788.4096069335938, 957.2721557617188, 811.4404907226562, 957.0, 810.0], [957.0, 810.0, 956.9388427734375, 809.67626953125, 955.7269897460938, 809.5244750976562, 956.0, 811.0], [956.0, 811.0, 957.2363891601562, 817.6817016601562, 956.2730102539062, 841.4755249023438, 956.0, 840.0], [956.0, 840.0, 955.939697265625, 839.6741333007812, 954.775634765625, 840.5707397460938, 955.0, 841.0], [955.0, 841.0, 955.4622192382812, 841.8841552734375, 954.775634765625, 847.4292602539062, 955.0, 847.0], [955.0, 847.0, 955.1089477539062, 846.7916259765625, 956.1976318359375, 847.79052734375, 956.0, 848.0], [956.0, 848.0, 955.712158203125, 848.3050537109375, 955.8023681640625, 851.20947265625, 956.0, 851.0], [956.0, 851.0, 956.1356811523438, 850.856201171875, 957.1976318359375, 851.79052734375, 957.0, 852.0], [957.0, 852.0, 956.712158203125, 852.3050537109375, 956.8023681640625, 855.20947265625, 957.0, 855.0], [957.0, 855.0, 957.1356811523438, 854.856201171875, 958.1810913085938, 855.8765258789062, 958.0, 856.0], [958.0, 856.0, 957.78466796875, 856.1467895507812, 957.8189086914062, 858.1234741210938, 958.0, 858.0], [958.0, 858.0, 958.1522827148438, 857.8961791992188, 959.1522827148438, 858.97119140625, 959.0, 859.0], [959.0, 859.0, 958.8719482421875, 859.0242309570312, 958.7514038085938, 859.96044921875, 959.0, 860.0], [959.0, 860.0, 959.4180908203125, 860.0665283203125, 961.03955078125, 862.2485961914062, 961.0, 862.0], [961.0, 862.0, 960.9765014648438, 861.8521728515625, 962.02880859375, 861.8477172851562, 962.0, 862.0], [962.0, 862.0, 961.9657592773438, 862.1810913085938, 962.8765258789062, 863.1810913085938, 963.0, 863.0], [963.0, 863.0, 963.1467895507812, 862.78466796875, 965.1234741210938, 862.8189086914062, 965.0, 863.0], [965.0, 863.0, 964.8961791992188, 863.1522827148438, 965.8765258789062, 864.1810913085938, 966.0, 864.0], [966.0, 864.0, 966.1467895507812, 863.78466796875, 968.1234741210938, 863.8189086914062, 968.0, 864.0], [968.0, 864.0, 967.8961791992188, 864.1522827148438, 968.8765258789062, 865.1810913085938, 969.0, 865.0], [969.0, 865.0, 969.1467895507812, 864.78466796875, 971.1234741210938, 864.8189086914062, 971.0, 865.0], [971.0, 865.0, 970.8961791992188, 865.1522827148438, 971.7118530273438, 866.2090454101562, 972.0, 866.0], [972.0, 866.0, 972.484619140625, 865.6484375, 976.2881469726562, 865.7909545898438, 976.0, 866.0], [976.0, 866.0, 975.8286743164062, 866.124267578125, 976.7118530273438, 867.2090454101562, 977.0, 867.0], [977.0, 867.0, 977.484619140625, 866.6484375, 981.2881469726562, 866.7909545898438, 981.0, 867.0], [981.0, 867.0, 980.8286743164062, 867.124267578125, 981.6389770507812, 868.2175903320312, 982.0, 868.0], [982.0, 868.0, 982.6788330078125, 867.5908203125, 987.3610229492188, 867.7824096679688, 987.0, 868.0], [987.0, 868.0, 986.8079833984375, 868.11572265625, 987.331298828125, 869.2422485351562, 988.0, 869.0], [988.0, 869.0, 989.7782592773438, 868.3558349609375, 998.668701171875, 868.7577514648438, 998.0, 869.0], [998.0, 869.0, 997.74853515625, 869.0911254882812, 998.0347290039062, 870.2569580078125, 999.0, 870.0], [999.0, 870.0, 1002.246826171875, 869.1357421875, 1015.9652709960938, 869.7430419921875, 1015.0, 870.0], [1015.0, 870.0, 1014.7130126953125, 870.076416015625, 1013.9404907226562, 871.2844848632812, 1016.0, 871.0], [1016.0, 871.0, 1027.99853515625, 869.342529296875, 1066.0595703125, 871.2844848632812, 1064.0, 871.0], [1064.0, 871.0, 1063.646484375, 870.951171875, 1064.8765869140625, 869.8189086914062, 1065.0, 870.0], [1065.0, 870.0, 1065.1468505859375, 870.21533203125, 1067.0, 870.0, 1067.0, 870.0]],