{"version": 15, "source_image": "Luculine.otf", "width": 2048, "height": 2048, "vector_format": "bezier_cubic", "strokes": [{"segments": [[931.0, 685.0, 931.0, 685.0, 931.245361328125, 696.7223510742188, 931.0, 696.0], [931.0, 696.0, 930.9120483398438, 695.740966796875, 929.7130737304688, 694.7797241210938, 930.0, 697.0], [930.0, 697.0, 931.7728881835938, 710.7199096679688, 930.2869262695312, 753.2202758789062, 930.0, 751.0], [930.0, 751.0, 929.9535522460938, 750.6406860351562, 928.7142333984375, 749.8590087890625, 929.0, 752.0], [929.0, 752.0, 930.7160034179688, 764.8572387695312, 928.7142333984375, 805.1409912109375, 929.0, 803.0], [929.0, 803.0, 929.047607421875, 802.6434936523438, 930.2826538085938, 802.052978515625, 930.0, 804.0], [930.0, 804.0, 928.42333984375, 814.8603515625, 929.7173461914062, 849.947021484375, 930.0, 848.0], [930.0, 848.0, 930.0506591796875, 847.6509399414062, 931.271240234375, 847.5950927734375, 931.0, 849.0], [931.0, 849.0, 929.8147583007812, 855.1386108398438, 930.728759765625, 877.4049072265625, 931.0, 876.0], [931.0, 876.0, 931.0620727539062, 875.678466796875, 932.2682495117188, 875.70556640625, 932.0, 877.0], [932.0, 877.0, 930.89501953125, 882.3323974609375, 931.7317504882812, 902.29443359375, 932.0, 901.0], [932.0, 901.0, 932.0651245117188, 900.685791015625, 933.289306640625, 899.6024169921875, 933.0, 902.0], [933.0, 902.0, 931.10009765625, 917.7465209960938, 932.710693359375, 965.3975830078125, 933.0, 963.0], [933.0, 963.0, 933.0440673828125, 962.6349487304688, 934.2387084960938, 963.3870849609375, 934.0, 964.0], [934.0, 964.0, 933.3978271484375, 965.5462036132812, 933.7612915039062, 973.6129150390625, 934.0, 973.0], [934.0, 973.0, 934.0946044921875, 972.7570190429688, 935.2175903320312, 973.6389770507812, 935.0, 974.0], [935.0, 974.0, 934.5908203125, 974.6788330078125, 934.7824096679688, 979.3610229492188, 935.0, 979.0], [935.0, 979.0, 935.11572265625, 978.8079833984375, 936.1976318359375, 979.79052734375, 936.0, 980.0], [936.0, 980.0, 935.712158203125, 980.3050537109375, 935.8023681640625, 983.20947265625, 936.0, 983.0], [936.0, 983.0, 936.1356811523438, 982.856201171875, 937.1810913085938, 983.8765258789062, 937.0, 984.0], [937.0, 984.0, 936.78466796875, 984.1467895507812, 936.8189086914062, 986.1234741210938, 937.0, 986.0], [937.0, 986.0, 937.1522827148438, 985.8961791992188, 938.1976318359375, 986.79052734375, 938.0, 987.0], [938.0, 987.0, 937.712158203125, 987.3050537109375, 937.8023681640625, 990.20947265625, 938.0, 990.0], [938.0, 990.0, 938.1356811523438, 989.856201171875, 939.1522827148438, 990.97119140625, 939.0, 991.0], [939.0, 991.0, 938.8719482421875, 991.0242309570312, 938.8477172851562, 992.02880859375, 939.0, 992.0], [939.0, 992.0, 939.1810913085938, 991.9657592773438, 940.1522827148438, 992.97119140625, 940.0, 993.0], [940.0, 993.0, 939.8719482421875, 993.0242309570312, 939.6053466796875, 993.8400268554688, 940.0, 994.0], [940.0, 994.0, 940.9386596679688, 994.3805541992188, 944.0791015625, 998.4971923828125, 944.0, 998.0], [944.0, 998.0, 943.9529418945312, 997.704345703125, 946.1234741210938, 997.8189086914062, 946.0, 998.0], [946.0, 998.0, 945.8961791992188, 998.1522827148438, 946.79052734375, 999.1976318359375, 947.0, 999.0], [947.0, 999.0, 947.3050537109375, 998.712158203125, 950.20947265625, 998.8023681640625, 950.0, 999.0], [950.0, 999.0, 949.856201171875, 999.1356811523438, 950.7118530273438, 1000.2090454101562, 951.0, 1000.0], [951.0, 1000.0, 951.484619140625, 999.6484375, 955.2881469726562, 999.7909545898438, 955.0, 1000.0], [955.0, 1000.0, 954.8286743164062, 1000.124267578125, 955.6389770507812, 1001.2175903320312, 956.0, 1001.0], [956.0, 1001.0, 956.6788330078125, 1000.5908203125, 961.3610229492188, 1000.7824096679688, 961.0, 1001.0], [961.0, 1001.0, 960.8079833984375, 1001.11572265625, 961.7118530273438, 1002.2090454101562, 962.0, 1002.0], [962.0, 1002.0, 962.484619140625, 1001.6484375, 966.2881469726562, 1002.2090454101562, 966.0, 1002.0], [966.0, 1002.0, 965.8286743164062, 1001.875732421875, 966.7118530273438, 1000.7909545898438, 967.0, 1001.0], [967.0, 1001.0, 967.484619140625, 1001.3515625, 971.2881469726562, 1001.2090454101562, 971.0, 1001.0], [971.0, 1001.0, 970.8286743164062, 1000.875732421875, 971.7118530273438, 999.7909545898438, 972.0, 1000.0], [972.0, 1000.0, 972.484619140625, 1000.3515625, 976.2881469726562, 1000.2090454101562, 976.0, 1000.0], [976.0, 1000.0, 975.8286743164062, 999.875732421875, 976.8765258789062, 998.8189086914062, 977.0, 999.0], [977.0, 999.0, 977.1467895507812, 999.21533203125, 979.1234741210938, 999.1810913085938, 979.0, 999.0], [979.0, 999.0, 978.8961791992188, 998.8477172851562, 979.8765258789062, 997.8189086914062, 980.0, 998.0], [980.0, 998.0, 980.1467895507812, 998.21533203125, 981.9208984375, 998.4971923828125, 982.0, 998.0], [982.0, 998.0, 982.133056640625, 997.163818359375, 986.3946533203125, 993.8400268554688, 986.0, 994.0], [986.0, 994.0, 985.8340454101562, 994.0672607421875, 985.8477172851562, 992.97119140625, 986.0, 993.0], [986.0, 993.0, 986.1810913085938, 993.0342407226562, 987.1810913085938, 992.1234741210938, 987.0, 992.0], [987.0, 992.0, 986.78466796875, 991.8532104492188, 986.8189086914062, 989.8765258789062, 987.0, 990.0], [987.0, 990.0, 987.1522827148438, 990.1038208007812, 988.1522827148438, 989.02880859375, 988.0, 989.0], [988.0, 989.0, 987.8719482421875, 988.9757690429688, 987.8477172851562, 987.97119140625, 988.0, 988.0], [988.0, 988.0, 988.1810913085938, 988.0342407226562, 989.1976318359375, 987.20947265625, 989.0, 987.0], [989.0, 987.0, 988.712158203125, 986.6949462890625, 988.8023681640625, 983.79052734375, 989.0, 984.0], [989.0, 984.0, 989.1356811523438, 984.143798828125, 990.2090454101562, 983.2881469726562, 990.0, 983.0], [990.0, 983.0, 989.6484375, 982.515380859375, 989.7909545898438, 978.7118530273438, 990.0, 979.0], [990.0, 979.0, 990.124267578125, 979.1713256835938, 991.1810913085938, 978.1234741210938, 991.0, 978.0], [991.0, 978.0, 990.78466796875, 977.8532104492188, 990.8189086914062, 975.8765258789062, 991.0, 976.0], [991.0, 976.0, 991.1522827148438, 976.1038208007812, 992.2346801757812, 975.5546875, 992.0, 975.0], [992.0, 975.0, 991.4418334960938, 973.6807861328125, 991.7653198242188, 966.4453125, 992.0, 967.0], [992.0, 967.0, 992.0986938476562, 967.2332153320312, 993.22998046875, 966.4935913085938, 993.0, 966.0], [993.0, 966.0, 992.4883422851562, 964.90185546875, 992.77001953125, 958.5064086914062, 993.0, 959.0], [993.0, 959.0, 993.1033935546875, 959.2218627929688, 994.26708984375, 959.2562255859375, 994.0, 958.0], [994.0, 958.0, 992.9228515625, 952.933837890625, 993.73291015625, 933.7437744140625, 994.0, 935.0], [994.0, 935.0, 994.0662231445312, 935.3115234375, 995.269287109375, 935.3319091796875, 995.0, 934.0], [995.0, 934.0, 993.8677978515625, 928.4000854492188, 994.730712890625, 907.6680908203125, 995.0, 909.0], [995.0, 909.0, 995.0640258789062, 909.3167724609375, 996.2646484375, 909.1776123046875, 996.0, 908.0], [996.0, 908.0, 994.9801635742188, 903.4620971679688, 995.7353515625, 885.8223876953125, 996.0, 887.0], [996.0, 887.0, 996.0686645507812, 887.3056030273438, 997.2569580078125, 886.9652709960938, 997.0, 886.0], [997.0, 886.0, 996.1357421875, 882.753173828125, 996.7430419921875, 869.0347290039062, 997.0, 870.0], [997.0, 870.0, 997.076416015625, 870.2869873046875, 998.2569580078125, 869.9652709960938, 998.0, 869.0], [998.0, 869.0, 997.1357421875, 865.753173828125, 997.7430419921875, 852.0347290039062, 998.0, 853.0], [998.0, 853.0, 998.076416015625, 853.2869873046875, 999.245361328125, 852.7223510742188, 999.0, 852.0], [999.0, 852.0, 998.3157348632812, 849.9853515625, 998.754638671875, 840.2776489257812, 999.0, 841.0], [999.0, 841.0, 999.0879516601562, 841.259033203125, 1000.1976318359375, 840.20947265625, 1000.0, 840.0], [1000.0, 840.0, 999.712158203125, 839.6949462890625, 999.8023681640625, 836.79052734375, 1000.0, 837.0], [1000.0, 837.0, 1000.1356811523438, 837.143798828125, 1001.224365234375, 