{"version": 14, "source_image": "FontPngs\\0069.png", "width": 2048, "height": 2048, "vector_format": "bezier_cubic", "strokes": [{"segments": [[1024.0, 825.0, 1023.8643188476562, 824.856201171875, 1022.8023681640625, 825.79052734375, 1023.0, 826.0], [1023.0, 826.0, 1023.287841796875, 826.3050537109375, 1023.1976318359375, 829.20947265625, 1023.0, 829.0], [1023.0, 829.0, 1022.8643188476562, 828.856201171875, 1021.8189086914062, 829.8765258789062, 1022.0, 830.0], [1022.0, 830.0, 1022.21533203125, 830.1467895507812, 1022.1810913085938, 832.1234741210938, 1022.0, 832.0], [1022.0, 832.0, 1021.8477172851562, 831.8961791992188, 1020.7909545898438, 832.7118530273438, 1021.0, 833.0], [1021.0, 833.0, 1021.3515625, 833.484619140625, 1021.2090454101562, 837.2881469726562, 1021.0, 837.0], [1021.0, 837.0, 1020.875732421875, 836.8286743164062, 1019.7612915039062, 837.3870849609375, 1020.0, 838.0], [1020.0, 838.0, 1020.6021728515625, 839.5462036132812, 1020.2387084960938, 847.6129150390625, 1020.0, 847.0], [1020.0, 847.0, 1019.9053955078125, 846.7570190429688, 1018.7653198242188, 847.4453125, 1019.0, 848.0], [1019.0, 848.0, 1019.5581665039062, 849.3192138671875, 1019.2346801757812, 856.5546875, 1019.0, 856.0], [1019.0, 856.0, 1018.9013061523438, 855.7667846679688, 1017.7612915039062, 856.3870849609375, 1018.0, 857.0], [1018.0, 857.0, 1018.6021728515625, 858.5462036132812, 1018.2387084960938, 866.6129150390625, 1018.0, 866.0], [1018.0, 866.0, 1017.9053955078125, 865.7570190429688, 1016.7577514648438, 866.331298828125, 1017.0, 867.0], [1017.0, 867.0, 1017.6441650390625, 868.7782592773438, 1017.2422485351562, 877.668701171875, 1017.0, 877.0], [1017.0, 877.0, 1016.9088745117188, 876.74853515625, 1015.7518310546875, 877.2258911132812, 1016.0, 878.0], [1016.0, 878.0, 1016.7228393554688, 880.2549438476562, 1016.2481689453125, 890.7741088867188, 1016.0, 890.0], [1016.0, 890.0, 1015.914794921875, 889.7342529296875, 1014.7518310546875, 890.2258911132812, 1015.0, 891.0], [1015.0, 891.0, 1015.7228393554688, 893.2549438476562, 1015.2481689453125, 903.7741088867188, 1015.0, 903.0], [1015.0, 903.0, 1014.914794921875, 902.7342529296875, 1013.754638671875, 903.2776489257812, 1014.0, 904.0], [1014.0, 904.0, 1014.6842651367188, 906.0146484375, 1014.245361328125, 915.7223510742188, 1014.0, 915.0], [1014.0, 915.0, 1013.9120483398438, 914.740966796875, 1012.7317504882812, 914.70556640625, 1013.0, 916.0], [1013.0, 916.0, 1014.10498046875, 921.3323974609375, 1013.2682495117188, 941.29443359375, 1013.0, 940.0], [1013.0, 940.0, 1012.9348754882812, 939.685791015625, 1011.7353515625, 939.8223876953125, 1012.0, 941.0], [1012.0, 941.0, 1013.0198364257812, 945.5379028320312, 1011.7353515625, 963.1776123046875, 1012.0, 962.0], [1012.0, 962.0, 1012.0686645507812, 961.6943969726562, 1013.2175903320312, 962.6389770507812, 1013.0, 963.0], [1013.0, 963.0, 1012.5908203125, 963.6788330078125, 1012.7824096679688, 968.3610229492188, 1013.0, 968.0], [1013.0, 968.0, 1013.11572265625, 967.8079833984375, 1014.2090454101562, 968.7118530273438, 1014.0, 969.0], [1014.0, 969.0, 1013.6484375, 969.484619140625, 1013.7909545898438, 973.2881469726562, 1014.0, 973.0], [1014.0, 973.0, 1014.124267578125, 972.8286743164062, 1015.1976318359375, 973.79052734375, 1015.0, 974.0], [1015.0, 974.0, 1014.712158203125, 974.3050537109375, 1014.8023681640625, 977.20947265625, 1015.0, 977.0], [1015.0, 977.0, 1015.1356811523438, 976.856201171875, 1016.1976318359375, 977.79052734375, 1016.0, 978.0], [1016.0, 978.0, 1015.712158203125, 978.3050537109375, 1015.8023681640625, 981.20947265625, 1016.0, 981.0], [1016.0, 981.0, 1016.1356811523438, 980.856201171875, 1017.1976318359375, 981.79052734375, 1017.0, 982.0], [1017.0, 982.0, 1016.712158203125, 982.3050537109375, 1016.8023681640625, 985.20947265625, 1017.0, 985.0], [1017.0, 985.0, 1017.1356811523438, 984.856201171875, 1018.1810913085938, 985.8765258789062, 1018.0, 986.0], [1018.0, 986.0, 1017.78466796875, 986.1467895507812, 1017.8189086914062, 988.1234741210938, 1018.0, 988.0], [1018.0, 988.0, 1018.1522827148438, 987.8961791992188, 1019.1810913085938, 988.8765258789062, 1019.0, 989.0], [1019.0, 989.0, 1018.78466796875, 989.1467895507812, 1018.8189086914062, 991.1234741210938, 1019.0, 991.0], [1019.0, 991.0, 1019.1522827148438, 990.8961791992188, 1020.1522827148438, 991.97119140625, 1020.0, 992.0], [1020.0, 992.0, 1019.8719482421875, 992.0242309570312, 1019.8477172851562, 993.02880859375, 1020.0, 993.0], [1020.0, 993.0, 1020.1810913085938, 992.9657592773438, 1021.1522827148438, 993.97119140625, 1021.0, 994.0], [1021.0, 994.0, 1020.8719482421875, 994.0242309570312, 1020.8477172851562, 995.02880859375, 1021.0, 995.0], [1021.0, 995.0, 1021.1810913085938, 994.9657592773438, 1022.3333129882812, 996.3333129882812, 1022.0, 996.0], [1022.0, 996.0, 1021.6666870117188, 995.6666870117188, 1020.8477172851562, 994.6666870117188, 1021.0, 995.0], [1021.0, 995.0, 1021.1280517578125, 995.2802734375, 1020.5555419921875, 996.2222290039062, 1021.0, 996.0], [1021.0, 996.0, 1021.888916015625, 995.5555419921875, 1025.0, 996.0, 1025.0, 996.0]]}, {"segments": [[1016.0, 891.0, 1015.8189086914062, 890.9657592773438, 1014.6666870117188, 892.3333129882812, 1015.0, 892.0], [1015.0, 892.0, 1015.3333129882812, 891.6666870117188, 1016.3333129882812, 890.8477172851562, 1016.0, 891.0], [1016.0, 891.0, 1015.7197265625, 891.1280517578125, 1015.0, 891.0, 1015.0, 891.0]]}], "stats": {"curves": 2, "time_sec": 0.045, "seg_stride": 1, "min_stroke_points": 2, "curv_win_radius_small": 4, "curv_warn_angle": 22.0, "curv_corner_total_min": 80.0, "curv_corner_max_min": 50.0, "curv_lookahead_max": 10, "junc_continue_ang_max": 45.0, "merge_small_len_percentile": 75.0}}