{"version": 15, "source_image": "Luculine.otf", "width": 2048, "height": 2048, "vector_format": "bezier_cubic", "strokes": [{"segments": [[1030.0, 621.0, 1030.0, 621.0, 1018.2776489257812, 621.245361328125, 1019.0, 621.0], [1019.0, 621.0, 1019.259033203125, 620.9120483398438, 1018.02880859375, 619.8477172851562, 1018.0, 620.0], [1018.0, 620.0, 1017.9757690429688, 620.1280517578125, 1016.97119140625, 619.8477172851562, 1017.0, 620.0], [1017.0, 620.0, 1017.0342407226562, 620.1810913085938, 1016.6129150390625, 621.2387084960938, 1016.0, 621.0], [1016.0, 621.0, 1014.4537963867188, 620.3978271484375, 1006.3870849609375, 620.7612915039062, 1007.0, 621.0], [1007.0, 621.0, 1007.2429809570312, 621.0946044921875, 1006.4292602539062, 622.224365234375, 1006.0, 622.0], [1006.0, 622.0, 1005.1158447265625, 621.5377807617188, 1000.0, 622.0, 1000.0, 622.0]], "color_group_id": 0}, {"segments": [[1015.0, 685.0, 1015.0, 685.0, 1013.7205810546875, 684.2310180664062, 1014.0, 686.0], [1014.0, 686.0, 1015.4484252929688, 695.1697998046875, 1014.2794189453125, 725.7689819335938, 1014.0, 724.0], [1014.0, 724.0, 1013.9461059570312, 723.6587524414062, 1012.6929931640625, 720.2484130859375, 1013.0, 725.0], [1013.0, 725.0, 1016.5769653320312, 780.364501953125, 1012.6929931640625, 921.7515869140625, 1013.0, 917.0], [1013.0, 917.0, 1013.0263671875, 916.5922241210938, 1014.2844848632812, 915.9404907226562, 1014.0, 918.0], [1014.0, 918.0, 1012.342529296875, 929.99853515625, 1013.7155151367188, 968.0595092773438, 1014.0, 966.0], [1014.0, 966.0, 1014.048828125, 965.646484375, 1015.27880859375, 965.2619018554688, 1015.0, 967.0], [1015.0, 967.0, 1013.5738525390625, 975.8902587890625, 1015.0, 1004.0, 1015.0, 1004.0]], "color_group_id": 0}], "stats": {"curves": 2, "segments": 15, "char": "i", "converter": "pillow_fill_skimage_skeleton_imagevectorizer"}}