{"version": 14, "source_image": "FontPngs\\006a.png", "width": 2048, "height": 2048, "vector_format": "bezier_cubic", "strokes": [{"segments": [[1017.0, 1073.0, 1016.9757690429688, 1072.8719482421875, 1015.4367065429688, 1073.22998046875, 1016.0, 1073.0], [1016.0, 1073.0, 1017.0696411132812, 1072.5633544921875, 1019.5632934570312, 1070.77001953125, 1019.0, 1071.0], [1019.0, 1071.0, 1018.7033081054688, 1071.12109375, 1017.97119140625, 1070.8477783203125, 1018.0, 1071.0], [1018.0, 1071.0, 1018.0342407226562, 1071.1810302734375, 1016.8477172851562, 1071.97119140625, 1017.0, 1072.0], [1017.0, 1072.0, 1017.1280517578125, 1072.024169921875, 1016.8663940429688, 1073.4669189453125, 1017.0, 1073.0], [1017.0, 1073.0, 1017.1997680664062, 1072.3017578125, 1018.1336059570312, 1070.5330810546875, 1018.0, 1071.0], [1018.0, 1071.0, 1017.91064453125, 1071.312255859375, 1018.5018920898438, 1072.0322265625, 1018.0, 1072.0], [1018.0, 1072.0, 1016.8352661132812, 1071.92529296875, 1012.4981079101562, 1073.9677734375, 1013.0, 1074.0], [1013.0, 1074.0, 1013.21630859375, 1074.013916015625, 1013.3599243164062, 1075.0933837890625, 1013.0, 1075.0], [1013.0, 1075.0, 1012.3599243164062, 1074.833984375, 1009.6400756835938, 1075.9066162109375, 1010.0, 1076.0], [1010.0, 1076.0, 1010.202392578125, 1076.052490234375, 1010.3660278320312, 1077.2113037109375, 1010.0, 1077.0], [1010.0, 1077.0, 1009.3660278320312, 1076.634033203125, 1006.6339721679688, 1076.7886962890625, 1007.0, 1077.0], [1007.0, 1077.0, 1007.2113037109375, 1077.1219482421875, 1007.0, 1078.3333740234375, 1007.0, 1078.0], [1007.0, 1078.0, 1007.0, 1077.6666259765625, 1007.1522827148438, 1076.6666259765625, 1007.0, 1077.0], [1007.0, 1077.0, 1006.8189086914062, 1077.3963623046875, 1006.02880859375, 1078.1522216796875, 1006.0, 1078.0], [1006.0, 1078.0, 1005.9757690429688, 1077.8719482421875, 1004.97119140625, 1077.8477783203125, 1005.0, 1078.0], [1005.0, 1078.0, 1005.0342407226562, 1078.1810302734375, 1004.02880859375, 1079.1522216796875, 1004.0, 1079.0], [1004.0, 1079.0, 1003.9757690429688, 1078.8719482421875, 1002.97119140625, 1078.8477783203125, 1003.0, 1079.0], [1003.0, 1079.0, 1003.0342407226562, 1079.1810302734375, 1002.20947265625, 1080.1976318359375, 1002.0, 1080.0], [1002.0, 1080.0, 1001.6949462890625, 1079.712158203125, 998.79052734375, 1079.8023681640625, 999.0, 1080.0], [999.0, 1080.0, 999.143798828125, 1080.1357421875, 998.02880859375, 1081.1522216796875, 998.0, 1081.0], [998.0, 1081.0, 997.9757690429688, 1080.8719482421875, 996.97119140625, 1080.8477783203125, 997.0, 1081.0], [997.0, 1081.0, 997.0342407226562, 1081.1810302734375, 996.20947265625, 1082.1976318359375, 996.0, 1082.0], [996.0, 1082.0, 995.6949462890625, 1081.712158203125, 992.79052734375, 1081.8023681640625, 993.0, 1082.0], [993.0, 1082.0, 993.143798828125, 1082.1357421875, 992.02880859375, 1083.1522216796875, 992.0, 1083.0], [992.0, 1083.0, 991.9757690429688, 1082.8719482421875, 990.97119140625, 1082.8477783203125, 991.0, 1083.0], [991.0, 1083.0, 991.0342407226562, 1083.1810302734375, 990.1234741210938, 1084.1810302734375, 990.0, 1084.0], [990.0, 1084.0, 989.8532104492188, 1083.78466796875, 987.8765258789062, 1083.8189697265625, 988.0, 1084.0], [988.0, 1084.0, 988.1038208007812, 1084.1522216796875, 987.1234741210938, 1085.1810302734375, 987.0, 1085.0], [987.0, 1085.0, 986.8532104492188, 1084.78466796875, 984.8765258789062, 1084.8189697265625, 985.0, 1085.0], [985.0, 1085.0, 985.1038208007812, 1085.1522216796875, 984.02880859375, 1086.1522216796875, 984.0, 1086.0], [984.0, 1086.0, 983.9757690429688, 1085.8719482421875, 982.97119140625, 1085.8477783203125, 983.0, 1086.0], [983.0, 1086.0, 983.0342407226562, 1086.1810302734375, 982.1234741210938, 1087.1810302734375, 982.0, 1087.0], [982.0, 1087.0, 981.8532104492188, 1086.78466796875, 979.9423828125, 1086.6954345703125, 980.0, 1087.0], [980.0, 1087.0, 980.0685424804688, 1087.3621826171875, 977.96044921875, 1089.24853515625, 978.0, 1089.0], [978.0, 1089.0, 978.0234985351562, 1088.8521728515625, 976.4367065429688, 1089.22998046875, 977.0, 1089.0], [977.0, 1089.0, 978.0696411132812, 1088.5633544921875, 980.344970703125, 1086.5516357421875, 980.0, 1087.0], [980.0, 1087.0, 979.8182983398438, 1087.236083984375, 979.8477172851562, 1088.3333740234375, 980.0, 1088.0], [980.0, 1088.0, 980.1810913085938, 1087.6036376953125, 981.3333129882812, 1086.6666259765625, 981.0, 1087.0], [981.0, 1087.0, 980.6666870117188, 1087.3333740234375, 980.02880859375, 1088.1522216796875, 980.0, 1088.0], [980.0, 1088.0, 979.9757690429688, 1087.8719482421875, 979.0, 1088.0, 979.0, 1088.0]]}, {"segments": [[1034.0, 1051.0, 1033.8189697265625, 1050.9656982421875, 1032.6666259765625, 1052.3333740234375, 1033.0, 1052.0], [1033.0, 1052.0, 1033.3333740234375, 1051.6666259765625, 1034.3333740234375, 1050.8477783203125, 1034.0, 1051.0], [1034.0, 1051.0, 1033.7197265625, 1051.1280517578125, 1033.006591796875, 1050.3201904296875, 1033.0, 1051.0], [1033.0, 1051.0, 1032.9808349609375, 1052.9869384765625, 1029.993408203125, 1059.6798095703125, 1030.0, 1059.0], [1030.0, 1059.0, 1030.002197265625, 1058.7674560546875, 1028.9066162109375, 1058.6400146484375, 1029.0, 1059.0], [1029.0, 1059.0, 1029.166015625, 1059.6400146484375, 1028.0933837890625, 1062.3599853515625, 1028.0, 1062.0], [1028.0, 1062.0, 1027.947509765625, 1061.797607421875, 1026.6666259765625, 1062.0, 1027.0, 1062.0], [1027.0, 1062.0, 1027.3333740234375, 1062.0, 1028.9635009765625, 1061.2998046875, 1028.0, 1062.0], [1028.0, 1062.0, 1024.3765869140625, 1064.6331787109375, 1017.5631103515625, 1072.7001953125, 1018.0, 1072.0], [1018.0, 1072.0, 1018.1161499023438, 1071.8138427734375, 1016.97119140625, 1071.8477783203125, 1017.0, 1072.0], [1017.0, 1072.0, 1017.0342407226562, 1072.1810302734375, 1016.02880859375, 1073.1522216796875, 1016.0, 1073.0], [1016.0, 1073.0, 1015.9757690429688, 1072.8719482421875, 1014.97119140625, 1072.8477783203125, 1015.0, 1073.0], [1015.0, 1073.0, 1015.0342407226562, 1073.1810302734375, 1014.02880859375, 1074.1522216796875, 1014.0, 1074.0], [1014.0, 1074.0, 1013.9757690429688, 1073.8719482421875, 1012.6666870117188, 1074.0, 1013.0, 1074.0], [1013.0, 1074.0, 1013.3333129882812, 1074.0, 1014.3333129882812, 1073.8477783203125, 1014.0, 1074.0], [1014.0, 1074.0, 1013.6035766601562, 1074.1810302734375, 1013.02880859375, 1075.1522216796875, 1013.0, 1075.0], [1013.0, 1075.0, 1012.9757690429688, 1074.8719482421875, 1012.03955078125, 1074.75146484375, 1012.0, 1075.0], [1012.0, 1075.0, 1011.9334716796875, 1075.4180908203125, 1010.1544189453125, 1077.3382568359375, 1010.0, 1077.0], [1010.0, 1077.0, 1009.8410034179688, 1076.651611328125, 1005.5992431640625, 1077.4007568359375, 1007.0, 1077.0], [1007.0, 1077.0, 1009.0946044921875, 1076.4007568359375, 1014.1915893554688, 1073.2021484375, 1013.0, 1074.0], [1013.0, 1074.0, 1012.2262573242188, 1074.51806640625, 1010.96044921875, 1076.24853515625, 1011.0, 1076.0], [1011.0, 1076.0, 1011.0234985351562, 1075.8521728515625, 1009.97119140625, 1075.8477783203125, 1010.0, 1076.0], [1010.0, 1076.0, 1010.0342407226562, 1076.1810302734375, 1008.5189819335938, 1077.3333740234375, 1009.0, 1077.0], [1009.0, 1077.0, 1009.6047973632812, 1076.580810546875, 1011.4810180664062, 1075.6666259765625, 1011.0, 1076.0], [1011.0, 1076.0, 1010.6174926757812, 1076.26513671875, 1010.1234741210938, 1077.1810302734375, 1010.0, 1077.0], [1010.0, 1077.0, 1009.8532104492188, 1076.78466796875, 1007.8765258789062, 1076.8189697265625, 1008.0, 1077.0], [1008.0, 1077.0, 1008.1038208007812, 1077.1522216796875, 1007.02880859375, 1078.1522216796875, 1007.0, 1078.0], [1007.0, 1078.0, 1006.9757690429688, 1077.8719482421875, 1006.0, 1078.0, 1006.0, 1078.0]]}, {"segments": [[1050.0, 818.0, 1049.8477783203125, 817.8961791992188, 1048.8189697265625, 818.8765258789062, 1049.0, 819.0], [1049.0, 819.0, 1049.21533203125, 819.1467895507812, 1049.1810302734375, 821.1234741210938, 1049.0, 821.0], [1049.0, 821.0, 1048.8477783203125, 820.8961791992188, 1047.8023681640625, 821.79052734375, 