{"version": 15, "source_image": "Luculine.otf", "width": 2048, "height": 2048, "vector_format": "bezier_cubic", "strokes": [{"segments": [[1064.0, 685.0, 1064.0, 685.0, 1062.77001953125, 685.5064086914062, 1063.0, 686.0], [1063.0, 686.0, 1063.5115966796875, 687.09814453125, 1062.77001953125, 693.4935913085938, 1063.0, 693.0], [1063.0, 693.0, 1063.1033935546875, 692.7781372070312, 1064.265869140625, 692.7826538085938, 1064.0, 694.0], [1064.0, 694.0, 1062.951171875, 698.80126953125, 1063.734130859375, 717.2173461914062, 1064.0, 716.0], [1064.0, 716.0, 1064.0673828125, 715.6913452148438, 1065.265869140625, 715.7826538085938, 1065.0, 717.0], [1065.0, 717.0, 1063.951171875, 721.80126953125, 1064.734130859375, 740.2173461914062, 1065.0, 739.0], [1065.0, 739.0, 1065.0673828125, 738.6913452148438, 1066.269287109375, 738.6680908203125, 1066.0, 740.0], [1066.0, 740.0, 1064.8677978515625, 745.5999145507812, 1065.730712890625, 766.3319091796875, 1066.0, 765.0], [1066.0, 765.0, 1066.0640869140625, 764.6832275390625, 1067.306396484375, 761.3772583007812, 1067.0, 766.0], [1067.0, 766.0, 1063.5145263671875, 818.58544921875, 1067.306396484375, 953.6227416992188, 1067.0, 949.0], [1067.0, 949.0, 1066.9730224609375, 948.5936279296875, 1065.725341796875, 948.4560546875, 1066.0, 950.0], [1066.0, 950.0, 1067.2860107421875, 957.2286987304688, 1066.274658203125, 982.5439453125, 1066.0, 981.0], [1066.0, 981.0, 1065.9412841796875, 980.6702270507812, 1064.76123046875, 981.3870849609375, 1065.0, 982.0], [1065.0, 982.0, 1065.6021728515625, 983.5462036132812, 1065.23876953125, 991.6129150390625, 1065.0, 991.0], [1065.0, 991.0, 1064.9053955078125, 990.7570190429688, 1063.791015625, 991.7118530273438, 1064.0, 992.0], [1064.0, 992.0, 1064.3515625, 992.484619140625, 1064.208984375, 996.2881469726562, 1064.0, 996.0], [1064.0, 996.0, 1063.875732421875, 995.8286743164062, 1062.8023681640625, 996.79052734375, 1063.0, 997.0], [1063.0, 997.0, 1063.287841796875, 997.3050537109375, 1063.3382568359375, 1000.1544189453125, 1063.0, 1000.0], [1063.0, 1000.0, 1062.671630859375, 999.85009765625, 1060.75146484375, 1002.03955078125, 1061.0, 1002.0], [1061.0, 1002.0, 1061.1478271484375, 1001.9765014648438, 1061.1522216796875, 1003.02880859375, 1061.0, 1003.0], [1061.0, 1003.0, 1060.8189697265625, 1002.9657592773438, 1060.02880859375, 1004.1522827148438, 1060.0, 1004.0], [1060.0, 1004.0, 1059.975830078125, 1003.8719482421875, 1058.97119140625, 1003.8477172851562, 1059.0, 1004.0], [1059.0, 1004.0, 1059.0343017578125, 1004.1810913085938, 1058.20947265625, 1005.1976318359375, 1058.0, 1005.0], [1058.0, 1005.0, 1057.6949462890625, 1004.712158203125, 1054.79052734375, 1004.8023681640625, 1055.0, 1005.0], [1055.0, 1005.0, 1055.143798828125, 1005.1356811523438, 1054.2880859375, 1006.2090454101562, 1054.0, 1006.0], [1054.0, 1006.0, 1053.515380859375, 1005.6484375, 1049.7119140625, 1005.7909545898438, 1050.0, 1006.0], [1050.0, 1006.0, 1050.17138671875, 1006.124267578125, 1049.42919921875, 1007.224365234375, 1049.0, 1007.0], [1049.0, 1007.0, 1048.1158447265625, 1006.5377807617188, 1042.57080078125, 1006.775634765625, 1043.0, 1007.0], [1043.0, 1007.0, 1043.2083740234375, 1007.1089477539062, 1043.1370849609375, 1008.2633056640625, 1042.0, 1008.0], [1042.0, 1008.0, 1037.723876953125, 1007.009765625, 1020.8629150390625, 1007.7366943359375, 1022.0, 1008.0], [1022.0, 1008.0, 1022.3023681640625, 1008.0700073242188, 1022.8890380859375, 1009.2816772460938, 1021.0, 1009.0], [1021.0, 1009.0, 1010.70556640625, 1007.465087890625, 977.1109619140625, 1009.2816772460938, 979.0, 1009.0], [979.0, 1009.0, 979.3466186523438, 1008.9483032226562, 978.4292602539062, 1007.775634765625, 978.0, 1008.0], [978.0, 1008.0, 977.1158447265625, 1008.4622192382812, 971.5707397460938, 1008.224365234375, 972.0, 1008.0], [972.0, 1008.0, 972.2083740234375, 1007.8910522460938, 971.2881469726562, 1006.7909545898438, 971.0, 1007.0], [971.0, 1007.0, 970.515380859375, 1007.3515625, 966.7118530273438, 1007.2090454101562, 967.0, 1007.0], [967.0, 1007.0, 967.1713256835938, 1006.875732421875, 966.1234741210938, 1005.8189086914062, 966.0, 1006.0], [966.0, 1006.0, 965.8532104492188, 1006.21533203125, 963.8765258789062, 1006.1810913085938, 964.0, 1006.0], [964.0, 1006.0, 964.1038208007812, 1005.8477172851562, 963.1234741210938, 1004.8189086914062, 963.0, 1005.0], [963.0, 1005.0, 962.8532104492188, 1005.21533203125, 961.0118408203125, 1005.4071044921875, 961.0, 1005.0], [961.0, 1005.0, 960.9827880859375, 1004.4071044921875, 957.6731567382812, 1001.8975830078125, 958.0, 1002.0], [958.0, 1002.0, 958.15869140625, 1002.0497436523438, 958.1522827148438, 1000.97119140625, 958.0, 1001.0], [958.0, 1001.0, 957.8189086914062, 1001.0342407226562, 956.8023681640625, 1000.20947265625, 957.0, 1000.0], [957.0, 1000.0, 957.287841796875, 999.6949462890625, 957.1976318359375, 996.79052734375, 957.0, 997.0], [957.0, 997.0, 956.8643188476562, 997.143798828125, 955.7909545898438, 996.2881469726562, 956.0, 996.0], [956.0, 996.0, 956.3515625, 995.515380859375, 956.2090454101562, 991.7118530273438, 956.0, 992.0], [956.0, 992.0, 955.875732421875, 992.1713256835938, 954.775634765625, 991.4292602539062, 955.0, 991.0], [955.0, 991.0, 955.4622192382812, 990.1158447265625, 955.224365234375, 984.5707397460938, 955.0, 985.0], [955.0, 985.0, 954.8910522460938, 985.2083740234375, 953.7824096679688, 984.3610229492188, 954.0, 984.0], [954.0, 984.0, 954.4091796875, 983.3211669921875, 954.2175903320312, 978.6389770507812, 954.0, 979.0], [954.0, 979.0, 953.88427734375, 979.1920166015625, 952.7173461914062, 979.947021484375, 953.0, 978.0], [953.0, 978.0, 954.57666015625, 967.1396484375, 953.2826538085938, 932.052978515625, 953.0, 934.0], [953.0, 934.0, 952.9493408203125, 934.3490600585938, 951.7245483398438, 934.5774536132812, 952.0, 933.0], [952.0, 933.0, 953.3101806640625, 925.4963989257812, 951.7245483398438, 899.4225463867188, 952.0, 901.0], [952.0, 901.0, 952.0579223632812, 901.3316040039062, 953.2840576171875, 902.0317993164062, 953.0, 900.0], [953.0, 900.0, 951.3624267578125, 888.2868041992188, 952.7159423828125, 850.9682006835938, 953.0, 853.0], [953.0, 853.0, 953.0492553710938, 853.3524169921875, 954.2550048828125, 852.9195556640625, 954.0, 852.0], [954.0, 852.0, 953.16943359375, 849.0051879882812, 953.7449951171875, 836.0804443359375, 954.0, 837.0], [954.0, 837.0, 954.0783081054688, 837.2823486328125, 955.2481689453125, 836.7741088867188, 955.0, 836.0], [955.0, 836.0, 954.2771606445312, 833.7450561523438, 954.7518310546875, 823.2258911132812, 955.0, 824.0], [955.0, 824.0, 955.085205078125, 824.2657470703125, 956.22998046875, 823.4935913085938, 956.0, 823.0], [956.0, 823.0, 955.4883422851562, 821.90185546875, 955.77001953125, 815.5064086914062, 956.0, 816.0], [956.0, 816.0, 956.1033935546875, 816.2218627929688, 957.2090454101562, 815.2881469726562, 957.0, 815.0], [957.0, 815.0, 956.6484375, 814.515380859375, 957.0, 811.0, 957.0, 811.0]], "color_group_id": 0}, {"segments": [[1075.0, 610.0, 1075.0, 610.0, 1063.277587890625, 610.245361328125, 1064.0, 610.0], [1064.0, 610.0, 1064.259033203125, 609.9120483398438, 1063.02880859375, 608.8477172851562, 1063.0, 609.0], [1063.0, 609.0, 1062.975830078125, 609.1280517578125, 1061.97119140625, 608.8477172851562, 1062.0, 609.0], [1062.0, 609.0, 1062.0343017578125, 609.1810913085938, 1061.6129150390625, 610.2387084960938, 1061.0, 610.0], [1061.0, 610.0, 1059.453857421875, 609.3978271484375, 1051.3870849609375, 609.7612915039062, 1052.0, 610.0], [1052.0, 610.0, 1052.242919921875, 610.0946044921875, 1051.42919921875, 611.224365234375, 1051.0, 611.0], [1051.0, 611.0, 1050.1158447265625, 610.5377807617188, 1045.0, 611.0, 1045.0, 611.0]], "color_group_id": 0}], "stats": {"curves": 2, "segments": 71, "char": "j", "converter": "pillow_fill_skimage_skeleton_imagevectorizer"}}