{"version": 14, "source_image": "FontPngs\\006c.png", "width": 2048, "height": 2048, "vector_format": "bezier_cubic", "strokes": [{"segments": [[1012.0, 703.0, 1012.1356811523438, 702.856201171875, 1013.2090454101562, 703.7118530273438, 1013.0, 704.0], [1013.0, 704.0, 1012.6484375, 704.484619140625, 1012.7909545898438, 708.2881469726562, 1013.0, 708.0], [1013.0, 708.0, 1013.124267578125, 707.8286743164062, 1014.224365234375, 708.5707397460938, 1014.0, 709.0], [1014.0, 709.0, 1013.5377807617188, 709.8841552734375, 1013.775634765625, 715.4292602539062, 1014.0, 715.0], [1014.0, 715.0, 1014.1089477539062, 714.7916259765625, 1015.1976318359375, 715.79052734375, 1015.0, 716.0], [1015.0, 716.0, 1014.712158203125, 716.3050537109375, 1014.8023681640625, 719.20947265625, 1015.0, 719.0], [1015.0, 719.0, 1015.1356811523438, 718.856201171875, 1016.2387084960938, 719.3870849609375, 1016.0, 720.0], [1016.0, 720.0, 1015.3978271484375, 721.5462036132812, 1015.7612915039062, 729.6129150390625, 1016.0, 729.0], [1016.0, 729.0, 1016.0946044921875, 728.7570190429688, 1017.2422485351562, 729.331298828125, 1017.0, 730.0], [1017.0, 730.0, 1016.3558349609375, 731.7782592773438, 1016.7577514648438, 740.668701171875, 1017.0, 740.0], [1017.0, 740.0, 1017.0911254882812, 739.74853515625, 1018.22998046875, 740.5064086914062, 1018.0, 741.0], [1018.0, 741.0, 1017.4883422851562, 742.09814453125, 1017.77001953125, 748.4935913085938, 1018.0, 748.0], [1018.0, 748.0, 1018.1033935546875, 747.7781372070312, 1019.2816772460938, 747.1109619140625, 1019.0, 749.0], [1019.0, 749.0, 1017.465087890625, 759.29443359375, 1018.7183227539062, 792.8890380859375, 1019.0, 791.0], [1019.0, 791.0, 1019.0516967773438, 790.6533813476562, 1020.300048828125, 788.4734497070312, 1020.0, 792.0], [1020.0, 792.0, 1017.294189453125, 823.8009033203125, 1019.699951171875, 910.5265502929688, 1020.0, 907.0], [1020.0, 907.0, 1020.0332641601562, 906.6089477539062, 1021.2869262695312, 905.7797241210938, 1021.0, 908.0], [1021.0, 908.0, 1019.2271118164062, 921.7199096679688, 1020.7130737304688, 964.2202758789062, 1021.0, 962.0], [1021.0, 962.0, 1021.0464477539062, 961.6406860351562, 1022.2387084960938, 962.3870849609375, 1022.0, 963.0], [1022.0, 963.0, 1021.3978271484375, 964.5462036132812, 1021.7612915039062, 972.6129150390625, 1022.0, 972.0], [1022.0, 972.0, 1022.0946044921875, 971.7570190429688, 1023.2175903320312, 972.6389770507812, 1023.0, 973.0], [1023.0, 973.0, 1022.5908203125, 973.6788330078125, 1022.7824096679688, 978.3610229492188, 1023.0, 978.0], [1023.0, 978.0, 1023.11572265625, 977.8079833984375, 1024.1976318359375, 978.79052734375, 1024.0, 979.0], [1024.0, 979.0, 1023.712158203125, 979.3050537109375, 1023.8023681640625, 982.20947265625, 1024.0, 982.0], [1024.0, 982.0, 1024.1357421875, 981.856201171875, 1025.1522216796875, 982.97119140625, 1025.0, 983.0], [1025.0, 983.0, 1024.8719482421875, 983.0242309570312, 1024.8477783203125, 984.02880859375, 1025.0, 984.0], [1025.0, 984.0, 1025.1810302734375, 983.9657592773438, 1026.1976318359375, 984.79052734375, 1026.0, 985.0], [1026.0, 985.0, 1025.712158203125, 985.3050537109375, 1025.8023681640625, 988.20947265625, 1026.0, 988.0], [1026.0, 988.0, 1026.1357421875, 987.856201171875, 1027.1976318359375, 988.79052734375, 1027.0, 989.0], [1027.0, 989.0, 1026.712158203125, 989.3050537109375, 1026.8023681640625, 992.20947265625, 1027.0, 992.0], [1027.0, 992.0, 1027.1357421875, 991.856201171875, 1028.1810302734375, 992.8765258789062, 1028.0, 993.0], [1028.0, 993.0, 1027.78466796875, 993.1467895507812, 1027.8189697265625, 995.1234741210938, 1028.0, 995.0], [1028.0, 995.0, 1028.1522216796875, 994.8961791992188, 1029.1810302734375, 995.8765258789062, 1029.0, 996.0], [1029.0, 996.0, 1028.78466796875, 996.1467895507812, 1028.6954345703125, 998.0576171875, 1029.0, 998.0], [1029.0, 998.0, 1029.3621826171875, 997.9314575195312, 1030.9423828125, 1000.3045043945312, 1031.0, 1000.0], [1031.0, 1000.0, 1031.0484619140625, 999.743896484375, 1033.471435546875, 1000.0, 1033.0, 1000.0], [1033.0, 1000.0, 1032.6666259765625, 1000.0, 1031.6666259765625, 999.8477172851562, 1032.0, 1000.0], [1032.0, 1000.0, 1032.3963623046875, 1000.1810913085938, 1032.97119140625, 1001.1522827148438, 1033.0, 1001.0], [1033.0, 1001.0, 1033.024169921875, 1000.8719482421875, 1034.3333740234375, 1001.0, 1034.0, 1001.0], [1034.0, 1001.0, 1033.6666259765625, 1001.0, 1032.6666259765625, 1000.8477172851562, 1033.0, 1001.0], [1033.0, 1001.0, 1033.3963623046875, 1001.1810913085938, 1033.97119140625, 1002.1522827148438, 1034.0, 1002.0], [1034.0, 1002.0, 1034.024169921875, 1001.8719482421875, 1035.4576416015625, 1002.2485961914062, 1035.0, 1002.0], [1035.0, 1002.0, 1034.2303466796875, 1001.5819091796875, 1032.1834716796875, 999.1835327148438, 1033.0, 1000.0], [1033.0, 1000.0, 1034.0, 1001.0, 1036.1024169921875, 1003.3268432617188, 1036.0, 1003.0], [1036.0, 1003.0, 1035.9503173828125, 1002.84130859375, 1037.02880859375, 1002.8477172851562, 1037.0, 1003.0], [1037.0, 1003.0, 1036.9656982421875, 1003.1810913085938, 1038.7596435546875, 1004.6530151367188, 1038.0, 1004.0], [1038.0, 1004.0, 1036.3836669921875, 1002.6104125976562, 1032.5279541015625, 999.3834228515625, 1033.0, 1000.0], [1033.0, 1000.0, 1033.1865234375, 1000.24365234375, 1032.8333740234375, 1001.1666870117188, 1033.0, 1001.0], [1033.0, 1001.0, 1033.1666259765625, 1000.8333129882812, 1034.1666259765625, 1000.8333129882812, 1034.0, 1001.0], [1034.0, 1001.0, 1033.8333740234375, 1001.1666870117188, 1033.6400146484375, 1002.0933837890625, 1034.0, 1002.0], [1034.0, 1002.0, 1034.6400146484375, 1001.8339233398438, 1037.3599853515625, 1002.9066162109375, 1037.0, 1003.0], [1037.0, 1003.0, 1036.797607421875, 1003.052490234375, 1037.1522216796875, 1004.3333129882812, 1037.0, 1004.0], [1037.0, 1004.0, 1036.8189697265625, 1003.6035766601562, 1035.6666259765625, 1002.6666870117188, 1036.0, 1003.0], [1036.0, 1003.0, 1036.3333740234375, 1003.3333129882812, 1036.79052734375, 1004.1976318359375, 1037.0, 1004.0], [1037.0, 1004.0, 1037.3050537109375, 1003.712158203125, 1040.0, 1004.0, 1040.0, 1004.0]]}], "stats": {"curves": 1, "time_sec": 0.037, "seg_stride": 1, "min_stroke_points": 2, "curv_win_radius_small": 4, "curv_warn_angle": 22.0, "curv_corner_total_min": 80.0, "curv_corner_max_min": 50.0, "curv_lookahead_max": 10, "junc_continue_ang_max": 45.0, "merge_small_len_percentile": 75.0}}