{"version": 15, "source_image": "Luculine.otf", "width": 2048, "height": 2048, "vector_format": "bezier_cubic", "strokes": [{"segments": [[968.0, 698.0, 968.0, 698.0, 968.2387084960938, 707.6129150390625, 968.0, 707.0], [968.0, 707.0, 967.9053955078125, 706.7570190429688, 966.7493286132812, 707.1759033203125, 967.0, 708.0], [967.0, 708.0, 967.7599487304688, 710.4985961914062, 967.2506713867188, 721.8240966796875, 967.0, 721.0], [967.0, 721.0, 966.9172973632812, 720.7282104492188, 965.715087890625, 719.9130859375, 966.0, 722.0], [966.0, 722.0, 967.6771850585938, 734.2843017578125, 966.284912109375, 773.0869140625, 966.0, 771.0], [966.0, 771.0, 965.9515991210938, 770.6454467773438, 964.72119140625, 770.2619018554688, 965.0, 772.0], [965.0, 772.0, 966.4261474609375, 780.8902587890625, 964.72119140625, 810.7380981445312, 965.0, 809.0], [965.0, 809.0, 965.0545043945312, 808.6602172851562, 966.284912109375, 807.9130859375, 966.0, 810.0], [966.0, 810.0, 964.3228149414062, 822.2843017578125, 965.715087890625, 861.0869140625, 966.0, 859.0], [966.0, 859.0, 966.0484008789062, 858.6454467773438, 967.2569580078125, 859.0347290039062, 967.0, 860.0], [967.0, 860.0, 966.1357421875, 863.246826171875, 966.7430419921875, 876.9652709960938, 967.0, 876.0], [967.0, 876.0, 967.076416015625, 875.7130126953125, 968.2529296875, 876.12744140625, 968.0, 877.0], [968.0, 877.0, 967.2041625976562, 879.745361328125, 967.7470703125, 891.87255859375, 968.0, 891.0], [968.0, 891.0, 968.0803833007812, 890.72265625, 969.2481689453125, 891.2258911132812, 969.0, 892.0], [969.0, 892.0, 968.2771606445312, 894.2549438476562, 968.7518310546875, 904.7741088867188, 969.0, 904.0], [969.0, 904.0, 969.085205078125, 903.7342529296875, 970.2550048828125, 904.0804443359375, 970.0, 905.0], [970.0, 905.0, 969.16943359375, 907.9948120117188, 969.7449951171875, 920.9195556640625, 970.0, 920.0], [970.0, 920.0, 970.0783081054688, 919.7176513671875, 971.2506713867188, 920.1759033203125, 971.0, 921.0], [971.0, 921.0, 970.2400512695312, 923.4985961914062, 970.7493286132812, 934.8240966796875, 971.0, 934.0], [971.0, 934.0, 971.0827026367188, 933.7282104492188, 972.245361328125, 934.2776489257812, 972.0, 935.0], [972.0, 935.0, 971.3157348632812, 937.0146484375, 971.754638671875, 946.7223510742188, 972.0, 946.0], [972.0, 946.0, 972.0879516601562, 945.740966796875, 973.2387084960938, 946.3870849609375, 973.0, 947.0], [973.0, 947.0, 972.3978271484375, 948.5462036132812, 972.7612915039062, 956.6129150390625, 973.0, 956.0], [973.0, 956.0, 973.0946044921875, 955.7570190429688, 974.2387084960938, 956.3870849609375, 974.0, 957.0], [974.0, 957.0, 973.3978271484375, 958.5462036132812, 973.7612915039062, 966.6129150390625, 974.0, 966.0], [974.0, 966.0, 974.0946044921875, 965.7570190429688, 975.2387084960938, 966.3870849609375, 975.0, 967.0], [975.0, 967.0, 974.3978271484375, 968.5462036132812, 974.7612915039062, 976.6129150390625, 975.0, 976.0], [975.0, 976.0, 975.0946044921875, 975.7570190429688, 976.22998046875, 976.5064086914062, 976.0, 977.0], [976.0, 977.0, 975.4883422851562, 978.09814453125, 975.77001953125, 984.4935913085938, 976.0, 984.0], [976.0, 984.0, 976.1033935546875, 983.7781372070312, 977.1976318359375, 984.79052734375, 977.0, 985.0], [977.0, 985.0, 976.712158203125, 985.3050537109375, 976.8023681640625, 988.20947265625, 977.0, 988.0], [977.0, 988.0, 977.1356811523438, 987.856201171875, 978.2090454101562, 988.7118530273438, 978.0, 989.0], [978.0, 989.0, 977.6484375, 989.484619140625, 977.7909545898438, 993.2881469726562, 978.0, 993.0], [978.0, 993.0, 978.124267578125, 992.8286743164062, 979.1976318359375, 993.79052734375, 979.0, 994.0], [979.0, 994.0, 978.712158203125, 994.3050537109375, 978.8023681640625, 997.20947265625, 979.0, 997.0], [979.0, 997.0, 979.1356811523438, 996.856201171875, 980.1976318359375, 997.79052734375, 980.0, 998.0], [980.0, 998.0, 979.712158203125, 998.3050537109375, 979.8023681640625, 1001.20947265625, 980.0, 1001.0], [980.0, 1001.0, 980.1356811523438, 1000.856201171875, 981.1522827148438, 1001.97119140625, 981.0, 1002.0], [981.0, 1002.0, 980.8719482421875, 1002.0242309570312, 980.7514038085938, 1002.96044921875, 981.0, 1003.0], [981.0, 1003.0, 981.4180908203125, 1003.0665283203125, 983.03955078125, 1005.2485961914062, 983.0, 1005.0], [983.0, 1005.0, 982.9765014648438, 1004.8521728515625, 984.02880859375, 1004.8477172851562, 984.0, 1005.0], [984.0, 1005.0, 983.9657592773438, 1005.1810913085938, 984.79052734375, 1006.1976318359375, 985.0, 1006.0], [985.0, 1006.0, 985.3050537109375, 1005.712158203125, 988.20947265625, 1005.8023681640625, 988.0, 1006.0], [988.0, 1006.0, 987.856201171875, 1006.1356811523438, 988.79052734375, 1007.1976318359375, 989.0, 1007.0], [989.0, 1007.0, 989.3050537109375, 1006.712158203125, 992.20947265625, 1006.8023681640625, 992.0, 1007.0], [992.0, 1007.0, 991.856201171875, 1007.1356811523438, 992.5064086914062, 1008.22998046875, 993.0, 1008.0], [993.0, 1008.0, 994.09814453125, 1007.4883422851562, 1000.4935913085938, 1007.77001953125, 1000.0, 1008.0], [1000.0, 1008.0, 999.7781372070312, 1008.1033935546875, 999.052978515625, 1009.2826538085938, 1001.0, 1009.0], [1001.0, 1009.0, 1011.8603515625, 1007.42333984375, 1046.947021484375, 1008.7173461914062, 1045.0, 1009.0], [1045.0, 1009.0, 1044.65087890625, 1009.0506591796875, 1045.79052734375, 1010.1976318359375, 1046.0, 1010.0], [1046.0, 1010.0, 1046.3050537109375, 1009.712158203125, 1049.20947265625, 1010.1976318359375, 1049.0, 1010.0], [1049.0, 1010.0, 1048.856201171875, 1009.8643188476562, 1049.97119140625, 1008.8477172851562, 1050.0, 1009.0], [1050.0, 1009.0, 1050.024169921875, 1009.1280517578125, 1051.02880859375, 1008.8477172851562, 1051.0, 1009.0], [1051.0, 1009.0, 1050.9656982421875, 1009.1810913085938, 1051.3870849609375, 1010.2387084960938, 1052.0, 1010.0], [1052.0, 1010.0, 1053.546142578125, 1009.3978271484375, 1061.6129150390625, 1010.2387084960938, 1061.0, 1010.0], [1061.0, 1010.0, 1060.757080078125, 1009.9053955078125, 1062.0, 1009.0, 1062.0, 1009.0]], "color_group_id": 0}], "stats": {"curves": 1, "segments": 56, "char": "l", "converter": "pillow_fill_skimage_skeleton_imagevectorizer"}}