{"version": 15, "source_image": "Luculine.otf", "width": 2048, "height": 2048, "vector_format": "bezier_cubic", "strokes": [{"segments": [[1014.0, 703.0, 1014.0, 703.0, 1009.5028076171875, 698.9208984375, 1010.0, 699.0], [1010.0, 699.0, 1010.295654296875, 699.0470581054688, 1010.1810913085938, 696.8765258789062, 1010.0, 697.0], [1010.0, 697.0, 1009.8477172851562, 697.1038208007812, 1009.02880859375, 695.8477172851562, 1009.0, 696.0], [1009.0, 696.0, 1008.9757690429688, 696.1280517578125, 1007.97119140625, 696.1522827148438, 1008.0, 696.0], [1008.0, 696.0, 1008.0342407226562, 695.8189086914062, 1007.02880859375, 694.8477172851562, 1007.0, 695.0], [1007.0, 695.0, 1006.9757690429688, 695.1280517578125, 1005.97119140625, 695.1522827148438, 1006.0, 695.0], [1006.0, 695.0, 1006.0342407226562, 694.8189086914062, 1005.1234741210938, 693.8189086914062, 1005.0, 694.0], [1005.0, 694.0, 1004.8532104492188, 694.21533203125, 1002.8765258789062, 694.1810913085938, 1003.0, 694.0], [1003.0, 694.0, 1003.1038208007812, 693.8477172851562, 1002.2881469726562, 692.7909545898438, 1002.0, 693.0], [1002.0, 693.0, 1001.515380859375, 693.3515625, 997.7118530273438, 693.2090454101562, 998.0, 693.0], [998.0, 693.0, 998.1713256835938, 692.875732421875, 997.02880859375, 691.8477172851562, 997.0, 692.0], [997.0, 692.0, 996.9757690429688, 692.1280517578125, 995.97119140625, 692.1522827148438, 996.0, 692.0], [996.0, 692.0, 996.0342407226562, 691.8189086914062, 995.6129150390625, 690.7612915039062, 995.0, 691.0], [995.0, 691.0, 993.4537963867188, 691.6021728515625, 985.3870849609375, 691.2387084960938, 986.0, 691.0], [986.0, 691.0, 986.2429809570312, 690.9053955078125, 985.668701171875, 689.7577514648438, 985.0, 690.0], [985.0, 690.0, 983.2217407226562, 690.6441650390625, 974.331298828125, 690.2422485351562, 975.0, 690.0], [975.0, 690.0, 975.25146484375, 689.9088745117188, 975.3687133789062, 688.7296752929688, 974.0, 689.0], [974.0, 689.0, 968.1312866210938, 690.158935546875, 946.6312866210938, 689.2703247070312, 948.0, 689.0], [948.0, 689.0, 948.3192138671875, 688.9369506835938, 948.510009765625, 687.7261352539062, 947.0, 688.0], [947.0, 688.0, 940.0452880859375, 689.2614135742188, 915.489990234375, 687.7261352539062, 917.0, 688.0], [917.0, 688.0, 917.3278198242188, 688.0594482421875, 916.20947265625, 689.1976318359375, 916.0, 689.0], [916.0, 689.0, 915.6949462890625, 688.712158203125, 912.79052734375, 688.8023681640625, 913.0, 689.0], [913.0, 689.0, 913.143798828125, 689.1356811523438, 912.20947265625, 690.1976318359375, 912.0, 690.0], [912.0, 690.0, 911.6949462890625, 689.712158203125, 908.79052734375, 689.8023681640625, 909.0, 690.0], [909.0, 690.0, 909.143798828125, 690.1356811523438, 908.02880859375, 691.1522827148438, 908.0, 691.0], [908.0, 691.0, 907.9757690429688, 690.8719482421875, 906.97119140625, 690.8477172851562, 907.0, 691.0], [907.0, 691.0, 907.0342407226562, 691.1810913085938, 905.8477172851562, 691.97119140625, 906.0, 692.0], [906.0, 692.0, 906.1280517578125, 692.0242309570312, 906.1522827148438, 693.02880859375, 906.0, 693.0], [906.0, 693.0, 905.8189086914062, 692.9657592773438, 904.8189086914062, 693.8765258789062, 905.0, 694.0], [905.0, 694.0, 905.21533203125, 694.1467895507812, 905.1810913085938, 696.1234741210938, 905.0, 696.0], [905.0, 696.0, 904.8477172851562, 695.8961791992188, 903.8189086914062, 696.8765258789062, 904.0, 697.0], [904.0, 697.0, 904.21533203125, 697.1467895507812, 904.1810913085938, 699.1234741210938, 904.0, 699.0], [904.0, 699.0, 903.8477172851562, 698.8961791992188, 902.77001953125, 699.5064086914062, 903.0, 700.0], [903.0, 700.0, 903.5116577148438, 701.09814453125, 903.22998046875, 707.4935913085938, 903.0, 707.0], [903.0, 707.0, 902.8966064453125, 706.7781372070312, 901.7163696289062, 705.9961547851562, 902.0, 708.0], [902.0, 708.0, 903.6174926757812, 719.4284057617188, 902.2836303710938, 756.0038452148438, 902.0, 754.0], [902.0, 754.0, 901.9502563476562, 753.6486206054688, 900.7051391601562, 752.1004028320312, 901.0, 755.0], [901.0, 755.0, 903.2587890625, 777.2134399414062, 900.7051391601562, 840.8995971679688, 901.0, 838.0], [901.0, 838.0, 901.0385131835938, 837.6215209960938, 902.2950439453125, 836.0792236328125, 902.0, 839.0], [902.0, 839.0, 899.72607421875, 861.51025390625, 901.7049560546875, 925.9207763671875, 902.0, 923.0], [902.0, 923.0, 902.0382690429688, 922.6210327148438, 903.284912109375, 921.9130859375, 903.0, 924.0], [903.0, 924.0, 901.3228149414062, 936.2843017578125, 902.715087890625, 975.0869140625, 903.0, 973.0], [903.0, 973.0, 903.0484008789062, 972.6454467773438, 904.2659301757812, 972.7826538085938, 904.0, 974.0], [904.0, 974.0, 902.951171875, 978.80126953125, 903.7340698242188, 997.2173461914062, 904.0, 996.0], [904.0, 996.0, 904.0674438476562, 995.6913452148438, 905.0, 997.0, 905.0, 997.0]],