{"version": 15, "source_image": "Luculine.otf", "width": 2048, "height": 2048, "vector_format": "bezier_cubic", "strokes": [{"segments": [[944.0, 690.0, 944.0, 690.0, 943.7493286132812, 703.8240966796875, 944.0, 703.0], [944.0, 703.0, 944.0827026367188, 702.7282104492188, 945.2550048828125, 703.0804443359375, 945.0, 704.0], [945.0, 704.0, 944.16943359375, 706.9948120117188, 944.7449951171875, 719.9195556640625, 945.0, 719.0], [945.0, 719.0, 945.0783081054688, 718.7176513671875, 943.8323364257812, 720.2861328125, 946.0, 720.0], [946.0, 720.0, 959.1444091796875, 718.264892578125, 1000.1676635742188, 720.2861328125, 998.0, 720.0], [998.0, 720.0, 997.6425170898438, 719.9528198242188, 996.8590087890625, 718.7142333984375, 999.0, 719.0], [999.0, 719.0, 1011.8572387695312, 720.7160034179688, 1052.1409912109375, 718.7142333984375, 1050.0, 719.0], [1050.0, 719.0, 1049.6434326171875, 719.047607421875, 1050.7119140625, 720.2090454101562, 1051.0, 720.0], [1051.0, 720.0, 1051.484619140625, 719.6484375, 1055.2880859375, 719.7909545898438, 1055.0, 720.0], [1055.0, 720.0, 1054.82861328125, 720.124267578125, 1055.79052734375, 721.1976318359375, 1056.0, 721.0], [1056.0, 721.0, 1056.3050537109375, 720.712158203125, 1059.20947265625, 720.8023681640625, 1059.0, 721.0], [1059.0, 721.0, 1058.856201171875, 721.1356811523438, 1059.79052734375, 722.1976318359375, 1060.0, 722.0], [1060.0, 722.0, 1060.3050537109375, 721.712158203125, 1063.20947265625, 721.8023681640625, 1063.0, 722.0], [1063.0, 722.0, 1062.856201171875, 722.1356811523438, 1063.97119140625, 723.1522827148438, 1064.0, 723.0], [1064.0, 723.0, 1064.024169921875, 722.8719482421875, 1065.02880859375, 722.8477172851562, 1065.0, 723.0], [1065.0, 723.0, 1064.9656982421875, 723.1810913085938, 1066.1976318359375, 723.79052734375, 1066.0, 724.0], [1066.0, 724.0, 1065.712158203125, 724.3050537109375, 1065.6617431640625, 727.1544189453125, 1066.0, 727.0], [1066.0, 727.0, 1066.328369140625, 726.85009765625, 1068.3621826171875, 728.7531127929688, 1068.0, 729.0], [1068.0, 729.0, 1067.5693359375, 729.2936401367188, 1067.791015625, 733.2881469726562, 1068.0, 733.0], [1068.0, 733.0, 1068.124267578125, 732.8286743164062, 1069.224365234375, 733.5707397460938, 1069.0, 734.0], [1069.0, 734.0, 1068.537841796875, 734.8841552734375, 1068.775634765625, 740.4292602539062, 1069.0, 740.0], [1069.0, 740.0, 1069.10888671875, 739.7916259765625, 1070.23876953125, 740.3870849609375, 1070.0, 741.0], [1070.0, 741.0, 1069.3978271484375, 742.5462036132812, 1069.76123046875, 750.6129150390625, 1070.0, 750.0], [1070.0, 750.0, 1070.0946044921875, 749.7570190429688, 1071.2921142578125, 748.3650512695312, 1071.0, 751.0], [1071.0, 751.0, 1068.9302978515625, 769.6698608398438, 1070.7078857421875, 824.6349487304688, 1071.0, 822.0], [1071.0, 822.0, 1071.041259765625, 821.6281127929688, 1072.2781982421875, 821.293212890625, 1072.0, 823.0], [1072.0, 823.0, 1070.596435546875, 831.6113891601562, 1071.7218017578125, 860.706787109375, 1072.0, 859.0], [1072.0, 859.0, 1072.05517578125, 858.6616821289062, 1073.2681884765625, 858.70556640625, 1073.0, 860.0], [1073.0, 860.0, 1071.89501953125, 865.3323974609375, 1072.7318115234375, 885.29443359375, 1073.0, 884.0], [1073.0, 884.0, 1073.0650634765625, 883.685791015625, 1074.2569580078125, 884.0347290039062, 1074.0, 885.0], [1074.0, 885.0, 1073.1357421875, 888.246826171875, 1073.7430419921875, 901.9652709960938, 1074.0, 901.0], [1074.0, 901.0, 1074.076416015625, 900.7130126953125, 1075.2529296875, 901.12744140625, 1075.0, 902.0], [1075.0, 902.0, 1074.2041015625, 904.745361328125, 1074.7470703125, 916.87255859375, 1075.0, 916.0], [1075.0, 916.0, 1075.0804443359375, 915.72265625, 1076.2506103515625, 916.1759033203125, 1076.0, 917.0], [1076.0, 917.0, 1075.239990234375, 919.4985961914062, 1075.7493896484375, 930.8240966796875, 1076.0, 930.0], [1076.0, 930.0, 1076.0826416015625, 929.7282104492188, 1077.245361328125, 930.2776489257812, 1077.0, 931.0], [1077.0, 931.0, 1076.315673828125, 933.0146484375, 1076.754638671875, 942.7223510742188, 1077.0, 942.0], [1077.0, 942.0, 1077.0880126953125, 941.740966796875, 1078.2506103515625, 942.1759033203125, 1078.0, 943.0], [1078.0, 943.0, 1077.239990234375, 945.4985961914062, 1077.7493896484375, 956.8240966796875, 1078.0, 956.0], [1078.0, 956.0, 1078.0826416015625, 955.7282104492188, 1079.2481689453125, 956.2258911132812, 1079.0, 957.0], [1079.0, 957.0, 1078.2772216796875, 959.2549438476562, 1078.7518310546875, 969.7741088867188, 1079.0, 969.0], [1079.0, 969.0, 1079.085205078125, 968.7342529296875, 1080.2481689453125, 969.2258911132812, 1080.0, 970.0], [1080.0, 970.0, 1079.2772216796875, 972.2549438476562, 1079.7518310546875, 982.7741088867188, 1080.0, 982.0], [1080.0, 982.0, 1080.085205078125, 981.7342529296875, 1081.245361328125, 982.2776489257812, 1081.0, 983.0], [1081.0, 983.0, 1080.315673828125, 985.0146484375, 1080.754638671875, 994.7223510742188, 1081.0, 994.0], [1081.0, 994.0, 1081.0880126953125, 993.740966796875, 1082.245361328125, 994.2776489257812, 1082.0, 995.0], [1082.0, 995.0, 1081.315673828125, 997.0146484375, 1081.754638671875, 1006.7223510742188, 1082.0, 1006.0], [1082.0, 1006.0, 1082.0880126953125, 1005.740966796875, 1083.1976318359375, 1006.79052734375, 1083.0, 1007.0], [1083.0, 1007.0, 1082.712158203125, 1007.3050537109375, 1082.8023681640625, 1010.20947265625, 1083.0, 1010.0], [1083.0, 1010.0, 1083.1357421875, 1009.856201171875, 1084.224365234375, 1010.5707397460938, 1084.0, 1011.0], [1084.0, 1011.0, 1083.537841796875, 1011.8841552734375, 1084.0, 1017.0, 1084.0, 1017.0]], "color_group_id": 0}, {"segments": [[947.0, 720.0, 947.0, 720.0, 945.8477172851562, 721.3333129882812, 946.0, 721.0], [946.0, 721.0, 946.1280517578125, 720.7197265625, 946.0, 718.8452758789062, 946.0, 720.0], [946.0, 720.0, 946.0, 724.0, 945.7518310546875, 732.7741088867188, 946.0, 732.0], [946.0, 732.0, 946.085205078125, 731.7342529296875, 947.2844848632812, 730.9404907226562, 947.0, 733.0], [947.0, 733.0, 945.342529296875, 744.99853515625, 946.7155151367188, 783.0595092773438, 947.0, 781.0], [947.0, 781.0, 947.048828125, 780.646484375, 948.3040771484375, 777.8309326171875, 948.0, 782.0], [948.0, 782.0, 944.8369750976562, 825.3638305664062, 948.3040771484375, 939.1690673828125, 948.0, 935.0], [948.0, 935.0, 947.9707641601562, 934.5991821289062, 946.7269897460938, 934.5244750976562, 947.0, 936.0], [947.0, 936.0, 948.2363891601562, 942.6817016601562, 947.2730102539062, 966.4755249023438, 947.0, 965.0], [947.0, 965.0, 946.939697265625, 964.6741333007812, 945.7317504882812, 964.70556640625, 946.0, 966.0], [946.0, 966.0, 947.10498046875, 971.3323974609375, 946.2682495117188, 991.29443359375, 946.0, 990.0], [946.0, 990.0, 945.9348754882812, 989.685791015625, 944.7493286132812, 990.1759033203125, 945.0, 991.0], [945.0, 991.0, 945.7599487304688, 993.4985961914062, 945.0, 1004.0, 945.0, 1004.0]], "color_group_id": 0}], "stats": {"curves": 2, "segments": 64, "char": "n", "converter": "pillow_fill_skimage_skeleton_imagevectorizer"}}