{"version": 15, "source_image": "Luculine.otf", "width": 2048, "height": 2048, "vector_format": "bezier_cubic", "strokes": [{"segments": [[955.0, 782.0, 955.0, 782.0, 955.2550048828125, 766.0804443359375, 955.0, 767.0], [955.0, 767.0, 954.9216918945312, 767.2823486328125, 953.8023681640625, 766.20947265625, 954.0, 766.0], [954.0, 766.0, 954.287841796875, 765.6949462890625, 953.8023681640625, 762.79052734375, 954.0, 763.0], [954.0, 763.0, 954.1356811523438, 763.143798828125, 955.27685546875, 763.6430053710938, 955.0, 762.0], [955.0, 762.0, 953.6424560546875, 753.944091796875, 954.72314453125, 726.3569946289062, 955.0, 728.0], [955.0, 728.0, 955.0564575195312, 728.3350830078125, 956.2506713867188, 727.8240966796875, 956.0, 727.0], [956.0, 727.0, 955.2400512695312, 724.5014038085938, 955.7493286132812, 713.1759033203125, 956.0, 714.0], [956.0, 714.0, 956.0827026367188, 714.2717895507812, 957.22998046875, 713.4935913085938, 957.0, 713.0], [957.0, 713.0, 956.4883422851562, 711.90185546875, 956.77001953125, 705.5064086914062, 957.0, 706.0], [957.0, 706.0, 957.1033935546875, 706.2218627929688, 958.2175903320312, 705.3610229492188, 958.0, 705.0], [958.0, 705.0, 957.5908203125, 704.3211669921875, 957.7824096679688, 699.6389770507812, 958.0, 700.0], [958.0, 700.0, 958.11572265625, 700.1920166015625, 959.1522827148438, 699.02880859375, 959.0, 699.0], [959.0, 699.0, 958.8719482421875, 698.9757690429688, 958.8477172851562, 697.97119140625, 959.0, 698.0], [959.0, 698.0, 959.1810913085938, 698.0342407226562, 960.1976318359375, 697.20947265625, 960.0, 697.0], [960.0, 697.0, 959.712158203125, 696.6949462890625, 959.8023681640625, 693.79052734375, 960.0, 694.0], [960.0, 694.0, 960.1356811523438, 694.143798828125, 961.1522827148438, 693.02880859375, 961.0, 693.0], [961.0, 693.0, 960.8719482421875, 692.9757690429688, 960.7514038085938, 692.03955078125, 961.0, 692.0], [961.0, 692.0, 961.4180908203125, 691.9334716796875, 963.03955078125, 689.7514038085938, 963.0, 690.0], [963.0, 690.0, 962.9765014648438, 690.1478271484375, 963.96044921875, 690.2485961914062, 964.0, 690.0], [964.0, 690.0, 964.0665283203125, 689.5819091796875, 965.8455810546875, 687.6617431640625, 966.0, 688.0], [966.0, 688.0, 966.1589965820312, 688.3483276367188, 969.20947265625, 688.1976318359375, 969.0, 688.0], [969.0, 688.0, 968.856201171875, 687.8643188476562, 969.7118530273438, 686.7909545898438, 970.0, 687.0], [970.0, 687.0, 970.484619140625, 687.3515625, 974.2881469726562, 687.2090454101562, 974.0, 687.0], [974.0, 687.0, 973.8286743164062, 686.875732421875, 974.5064086914062, 685.77001953125, 975.0, 686.0], [975.0, 686.0, 976.09814453125, 686.5116577148438, 982.4935913085938, 686.22998046875, 982.0, 686.0], [982.0, 686.0, 981.7781372070312, 685.8966064453125, 980.2969970703125, 684.7071533203125, 983.0, 685.0], [983.0, 685.0, 1002.552490234375, 687.1183471679688, 1059.7030029296875, 684.7071533203125, 1057.0, 685.0], [1057.0, 685.0, 1056.6263427734375, 685.0404663085938, 1057.638916015625, 686.2175903320312, 1058.0, 686.0], [1058.0, 686.0, 1058.6788330078125, 685.5908203125, 1063.361083984375, 685.7824096679688, 1063.0, 686.0], [1063.0, 686.0, 1062.8079833984375, 686.11572265625, 1063.79052734375, 687.1976318359375, 1064.0, 687.0], [1064.0, 687.0, 1064.3050537109375, 686.712158203125, 1067.20947265625, 686.8023681640625, 1067.0, 687.0], [1067.0, 687.0, 1066.856201171875, 687.1356811523438, 1067.8765869140625, 688.1810913085938, 1068.0, 688.0], [1068.0, 688.0, 1068.1468505859375, 687.78466796875, 1070.1234130859375, 687.8189086914062, 1070.0, 688.0], [1070.0, 688.0, 1069.896240234375, 688.1522827148438, 1071.1522216796875, 688.97119140625, 1071.0, 689.0], [1071.0, 689.0, 1070.8719482421875, 689.0242309570312, 1070.8477783203125, 690.02880859375, 1071.0, 690.0], [1071.0, 690.0, 1071.1810302734375, 689.9657592773438, 1072.1976318359375, 690.79052734375, 1072.0, 691.0], [1072.0, 691.0, 1071.712158203125, 691.3050537109375, 1071.8023681640625, 694.20947265625, 1072.0, 694.0], [1072.0, 694.0, 1072.1357421875, 693.856201171875, 1073.208984375, 694.7118530273438, 1073.0, 695.0], [1073.0, 695.0, 1072.6484375, 695.484619140625, 1072.791015625, 699.2881469726562, 1073.0, 699.0], [1073.0, 699.0, 1073.124267578125, 698.8286743164062, 1074.22998046875, 699.5064086914062, 1074.0, 700.0], [1074.0, 700.0, 1073.4884033203125, 701.09814453125, 1073.77001953125, 707.4935913085938, 1074.0, 707.0], [1074.0, 707.0, 1074.1033935546875, 706.7781372070312, 1075.265869140625, 706.7826538085938, 1075.0, 708.0], [1075.0, 708.0, 1073.951171875, 712.80126953125, 1075.265869140625, 731.2173461914062, 1075.0, 730.0], [1075.0, 730.0, 1074.9326171875, 729.6913452148438, 1073.727783203125, 729.5595092773438, 1074.0, 731.0], [1074.0, 731.0, 1075.2110595703125, 737.4096069335938, 1074.272216796875, 760.4404907226562, 1074.0, 759.0], [1074.0, 759.0, 1073.9388427734375, 758.67626953125, 1072.7493896484375, 759.1759033203125, 1073.0, 760.0], [1073.0, 760.0, 1073.760009765625, 762.4985961914062, 1073.2506103515625, 773.8240966796875, 1073.0, 773.0], [1073.0, 773.0, 1072.9173583984375, 772.7282104492188, 1071.754638671875, 773.2776489257812, 1072.0, 774.0], [1072.0, 774.0, 1072.684326171875, 776.0146484375, 1072.245361328125, 785.7223510742188, 1072.0, 785.0], [1072.0, 785.0, 1071.9119873046875, 784.740966796875, 1070.7518310546875, 785.2258911132812, 1071.0, 786.0], [1071.0, 786.0, 1071.7227783203125, 788.2549438476562, 1071.2481689453125, 798.7741088867188, 1071.0, 798.0], [1071.0, 798.0, 1070.914794921875, 797.7342529296875, 1069.7518310546875, 798.2258911132812, 1070.0, 799.0], [1070.0, 799.0, 1070.7227783203125, 801.2549438476562, 1070.2481689453125, 811.7741088867188, 1070.0, 811.0], [1070.0, 811.0, 1069.914794921875, 810.7342529296875, 1068.7493896484375, 811.1759033203125, 1069.0, 812.0], [1069.0, 812.0, 1069.760009765625, 814.4985961914062, 1069.2506103515625, 825.8240966796875, 1069.0, 825.0], [1069.0, 825.0, 1068.9173583984375, 824.7282104492188, 1067.7449951171875, 825.0804443359375, 1068.0, 826.0], [1068.0, 826.0, 1068.83056640625, 828.9948120117188, 1068.2550048828125, 841.9195556640625, 1068.0, 841.0], [1068.0, 841.0, 1067.9217529296875, 840.7176513671875, 1066.7470703125, 841.12744140625, 1067.0, 842.0], [1067.0, 842.0, 1067.7958984375, 844.745361328125, 1067.2529296875, 856.87255859375, 1067.0, 856.0], [1067.0, 856.0, 1066.9195556640625, 855.72265625, 1065.7110595703125, 854.6271362304688, 1066.0, 857.0], [1066.0, 857.0, 1067.8822021484375, 872.4559326171875, 1065.7110595703125, 919.3728637695312, 1066.0, 917.0], [1066.0, 917.0, 1066.0443115234375, 916.6356811523438, 1067.245361328125, 917.2776489257812, 1067.0, 918.0], [1067.0, 918.0, 1066.315673828125, 920.0146484375, 1066.754638671875, 929.7223510742188, 1067.0, 929.0], [1067.0, 929.0, 1067.0880126953125, 928.740966796875, 1068.2421875, 929.331298828125, 1068.0, 930.0], [1068.0, 930.0, 1067.3558349609375, 931.7782592773438, 1067.7578125, 940.668701171875, 1068.0, 940.0], [1068.0, 940.0, 1068.091064453125, 939.74853515625, 1069.269287109375, 939.6680908203125, 1069.0, 941.0], [1069.0, 941.0, 1067.8677978515625, 946.5999145507812, 1068.730712890625, 967.3319091796875, 1069.0, 966.0], [1069.0, 966.0, 1069.0640869140625, 965.6832275390625, 1070.2550048828125, 966.0804443359375, 1070.0, 967.0], [1070.0, 967.0, 1069.16943359375, 969.9948120117188, 1070.2550048828125, 982.9195556640625, 1070.0, 982.0], [1070.0, 982.0, 1069.9217529296875, 981.7176513671875, 1068.775634765625, 982.5707397460938, 1069.0, 983.0], [1069.0, 983.0, 1069.462158203125, 983.8841552734375, 1069.224365234375, 989.4292602539062, 1069.0, 989.0], [1069.0, 989.0, 1068.89111328125, 988.7916259765625, 1067.791015625, 989.7118530273438, 1068.0, 990.0], [1068.0, 990.0, 1068.3515625, 990.484619140625, 1068.208984375, 994.2881469726562, 1068.0, 994.0], [1068.0, 994.0, 1067.875732421875, 993.8286743164062, 1066.8023681640625, 994.79052734375, 1067.0, 995.0], [1067.0, 995.0, 1067.287841796875, 995.3050537109375, 