{"version": 15, "source_image": "Luculine.otf", "width": 2048, "height": 2048, "vector_format": "bezier_cubic", "strokes": [{"segments": [[957.0, 894.0, 957.0, 894.0, 955.7159423828125, 895.0317993164062, 956.0, 893.0], [956.0, 893.0, 957.6375732421875, 881.2868041992188, 956.2840576171875, 843.9682006835938, 956.0, 846.0], [956.0, 846.0, 955.9507446289062, 846.3524169921875, 954.7120361328125, 847.2975463867188, 955.0, 845.0], [955.0, 845.0, 956.8282470703125, 830.4137573242188, 955.2879638671875, 785.7024536132812, 955.0, 788.0], [955.0, 788.0, 954.9546508789062, 788.3618774414062, 953.709228515625, 789.5184326171875, 954.0, 787.0], [954.0, 787.0, 955.9863891601562, 769.7955932617188, 954.290771484375, 718.4815673828125, 954.0, 721.0], [954.0, 721.0, 953.9574584960938, 721.36865234375, 952.725341796875, 721.5439453125, 953.0, 720.0], [953.0, 720.0, 954.2859497070312, 712.7713012695312, 952.725341796875, 687.4560546875, 953.0, 689.0], [953.0, 689.0, 953.0586547851562, 689.3297729492188, 954.1522827148438, 688.02880859375, 954.0, 688.0], [954.0, 688.0, 953.8719482421875, 687.9757690429688, 953.7514038085938, 687.03955078125, 954.0, 687.0], [954.0, 687.0, 954.4180908203125, 686.9334716796875, 955.9423828125, 684.6954956054688, 956.0, 685.0], [956.0, 685.0, 956.0484619140625, 685.256103515625, 958.1234741210938, 685.1810913085938, 958.0, 685.0], [958.0, 685.0, 957.8961791992188, 684.8477172851562, 958.331298828125, 683.7577514648438, 959.0, 684.0], [959.0, 684.0, 960.7782592773438, 684.6441650390625, 969.668701171875, 683.7577514648438, 969.0, 684.0], [969.0, 684.0, 968.74853515625, 684.0911254882812, 967.8590087890625, 685.2857666015625, 970.0, 685.0], [970.0, 685.0, 982.8572387695312, 683.2839965820312, 1023.1409912109375, 685.2857666015625, 1021.0, 685.0], [1021.0, 685.0, 1020.6434936523438, 684.952392578125, 1020.3248901367188, 683.7224731445312, 1022.0, 684.0], [1022.0, 684.0, 1030.333251953125, 685.3807373046875, 1058.675048828125, 683.7224731445312, 1057.0, 684.0], [1057.0, 684.0, 1056.663330078125, 684.0557861328125, 1057.638916015625, 685.2175903320312, 1058.0, 685.0], [1058.0, 685.0, 1058.6788330078125, 684.5908203125, 1063.361083984375, 684.7824096679688, 1063.0, 685.0], [1063.0, 685.0, 1062.8079833984375, 685.11572265625, 1063.79052734375, 686.1976318359375, 1064.0, 686.0], [1064.0, 686.0, 1064.3050537109375, 685.712158203125, 1067.20947265625, 685.8023681640625, 1067.0, 686.0], [1067.0, 686.0, 1066.856201171875, 686.1356811523438, 1067.79052734375, 687.1976318359375, 1068.0, 687.0], [1068.0, 687.0, 1068.3050537109375, 686.712158203125, 1071.20947265625, 686.8023681640625, 1071.0, 687.0], [1071.0, 687.0, 1070.856201171875, 687.1356811523438, 1071.8765869140625, 688.1810913085938, 1072.0, 688.0], [1072.0, 688.0, 1072.1468505859375, 687.78466796875, 1074.1234130859375, 687.8189086914062, 1074.0, 688.0], [1074.0, 688.0, 1073.896240234375, 688.1522827148438, 1075.1522216796875, 688.97119140625, 1075.0, 689.0], [1075.0, 689.0, 1074.8719482421875, 689.0242309570312, 1074.8477783203125, 690.02880859375, 1075.0, 690.0], [1075.0, 690.0, 1075.1810302734375, 689.9657592773438, 1076.1976318359375, 690.79052734375, 1076.0, 691.0], [1076.0, 691.0, 1075.712158203125, 691.3050537109375, 1075.8023681640625, 694.20947265625, 1076.0, 694.0], [1076.0, 694.0, 1076.1357421875, 693.856201171875, 1077.1976318359375, 694.79052734375, 1077.0, 695.0], [1077.0, 695.0, 1076.712158203125, 695.3050537109375, 1076.8023681640625, 698.20947265625, 1077.0, 698.0], [1077.0, 698.0, 1077.1357421875, 697.856201171875, 1078.2176513671875, 698.6389770507812, 1078.0, 699.0], [1078.0, 699.0, 1077.5908203125, 699.6788330078125, 1077.7823486328125, 704.3610229492188, 1078.0, 704.0], [1078.0, 704.0, 1078.11572265625, 703.8079833984375, 1079.22998046875, 704.5064086914062, 1079.0, 705.0], [1079.0, 705.0, 1078.4884033203125, 706.09814453125, 1078.77001953125, 712.4935913085938, 1079.0, 712.0], [1079.0, 712.0, 1079.1033935546875, 711.7781372070312, 1080.3037109375, 708.91064453125, 1080.0, 713.0], [1080.0, 713.0, 1076.8936767578125, 754.833984375, 1080.3037109375, 865.08935546875, 1080.0, 861.0], [1080.0, 861.0, 1079.9703369140625, 860.6002807617188, 1078.76123046875, 861.3870849609375, 1079.0, 862.0], [1079.0, 862.0, 1079.6021728515625, 863.5462036132812, 1079.23876953125, 871.6129150390625, 1079.0, 871.0], [1079.0, 871.0, 1078.9053955078125, 870.7570190429688, 1077.7823486328125, 871.6389770507812, 1078.0, 872.0], [1078.0, 872.0, 1078.4091796875, 872.6788330078125, 1078.3804931640625, 877.3349609375, 1078.0, 877.0], [1078.0, 877.0, 1077.7138671875, 876.7481079101562, 1075.6617431640625, 878.8455810546875, 1076.0, 879.0], [1076.0, 879.0, 1076.348388671875, 879.1589965820312, 1076.1976318359375, 882.20947265625, 1076.0, 882.0], [1076.0, 882.0, 1075.8642578125, 881.856201171875, 1074.8023681640625, 882.79052734375, 1075.0, 883.0], [1075.0, 883.0, 1075.287841796875, 883.3050537109375, 1075.1976318359375, 886.20947265625, 1075.0, 886.0], [1075.0, 886.0, 1074.8642578125, 885.856201171875, 1073.8477783203125, 886.97119140625, 1074.0, 887.0], [1074.0, 887.0, 1074.1280517578125, 887.0242309570312, 1074.1522216796875, 888.02880859375, 1074.0, 888.0], [1074.0, 888.0, 1073.8189697265625, 887.9657592773438, 1073.1234130859375, 889.1810913085938, 1073.0, 889.0], [1073.0, 889.0, 1072.8531494140625, 888.78466796875, 1070.8765869140625, 888.8189086914062, 1071.0, 889.0], [1071.0, 889.0, 1071.103759765625, 889.1522827148438, 1070.20947265625, 890.1976318359375, 1070.0, 890.0], [1070.0, 890.0, 1069.6949462890625, 889.712158203125, 1066.79052734375, 889.8023681640625, 1067.0, 890.0], [1067.0, 890.0, 1067.143798828125, 890.1356811523438, 1066.20947265625, 891.1976318359375, 1066.0, 891.0], [1066.0, 891.0, 1065.6949462890625, 890.712158203125, 1062.79052734375, 890.8023681640625, 1063.0, 891.0], [1063.0, 891.0, 1063.143798828125, 891.1356811523438, 1062.42919921875, 892.224365234375, 1062.0, 892.0], [1062.0, 892.0, 1061.1158447265625, 891.5377807617188, 1055.57080078125, 891.775634765625, 1056.0, 892.0], [1056.0, 892.0, 1056.2083740234375, 892.1089477539062, 1055.5546875, 893.2346801757812, 1055.0, 893.0], [1055.0, 893.0, 1053.6807861328125, 892.4418334960938, 1046.4453125, 892.7653198242188, 1047.0, 893.0], [1047.0, 893.0, 1047.233154296875, 893.0986938476562, 1049.00439453125, 894.2958374023438, 1046.0, 894.0], [1046.0, 894.0, 1022.3004760742188, 891.6663818359375, 955.4755249023438, 894.0, 958.0, 894.0], [958.0, 894.0, 958.2691040039062, 894.0, 956.6666870117188, 894.0, 957.0, 894.0], [957.0, 894.0, 957.3333129882812, 894.0, 958.3333129882812, 893.8477172851562, 958.0, 894.0], [958.0, 894.0, 957.6035766601562, 894.1810913085938, 957.0, 895.0, 957.0, 895.0]], "color_group_id": 0}, {"segments": [[957.0, 894.0, 957.0, 894.0, 956.7396240234375, 913.05322265625, 957.0, 912.0], [957.0, 912.0, 957.072998046875, 911.7047729492188, 958.2857666015625, 910.8590087890625, 958.0, 913.0], [958.0, 913.0, 956.2839965820312, 925.8572387695312, 957.7142333984375, 966.1409912109375, 958.0, 964.0], [958.0, 964.0, 958.047607421875, 963.6434936523438, 959.2703247070312, 963.6312866210938, 959.0, 965.0], [959.0, 965.0, 957.841064453125, 970.8687133789062, 958.7296752929688, 992.3687133789062, 959.0, 991.0], [959.0, 991.0, 959.0630493164062, 990.6807861328125, 960.245361328125, 991.2776489257812, 960.0, 992.0], [960.0, 992.0, 959.3157348632812, 994.0146484375, 959.754638671875, 1003.7223510742188, 960.0, 1003.0], [960.0, 1003.0, 960.0879516601562, 1002.740966796875, 961.224365234375, 1003.5707397460938, 961.0, 1004.0], [961.0, 1004.0, 960.5377807617188, 1004.8841552734375, 961.0, 1010.0, 961.0, 1010.0]], "color_group_id": 0}], "stats": {"curves": 2, "segments": 72, "char": "p", "converter": "pillow_fill_skimage_skeleton_imagevectorizer"}}