{"version": 15, "source_image": "Luculine.otf", "width": 2048, "height": 2048, "vector_format": "bezier_cubic", "strokes": [{"segments": [[1070.0, 894.0, 1070.0, 894.0, 978.99560546875, 894.2958374023438, 982.0, 894.0], [982.0, 894.0, 982.380859375, 893.9625244140625, 981.5546875, 892.7653198242188, 981.0, 893.0], [981.0, 893.0, 979.6807861328125, 893.5581665039062, 972.4453125, 893.2346801757812, 973.0, 893.0], [973.0, 893.0, 973.2332153320312, 892.9013061523438, 972.3610229492188, 891.7824096679688, 972.0, 892.0], [972.0, 892.0, 971.3211669921875, 892.4091796875, 966.6389770507812, 892.2175903320312, 967.0, 892.0], [967.0, 892.0, 967.1920166015625, 891.88427734375, 966.20947265625, 890.8023681640625, 966.0, 891.0], [966.0, 891.0, 965.6949462890625, 891.287841796875, 962.79052734375, 891.1976318359375, 963.0, 891.0], [963.0, 891.0, 963.143798828125, 890.8643188476562, 962.20947265625, 889.8023681640625, 962.0, 890.0], [962.0, 890.0, 961.6949462890625, 890.287841796875, 958.79052734375, 890.1976318359375, 959.0, 890.0], [959.0, 890.0, 959.143798828125, 889.8643188476562, 958.1234741210938, 888.8189086914062, 958.0, 889.0], [958.0, 889.0, 957.8532104492188, 889.21533203125, 955.8765258789062, 889.1810913085938, 956.0, 889.0], [956.0, 889.0, 956.1038208007812, 888.8477172851562, 954.8477172851562, 888.02880859375, 955.0, 888.0], [955.0, 888.0, 955.1280517578125, 887.9757690429688, 955.1522827148438, 886.97119140625, 955.0, 887.0], [955.0, 887.0, 954.8189086914062, 887.0342407226562, 953.8189086914062, 886.1234741210938, 954.0, 886.0], [954.0, 886.0, 954.21533203125, 885.8532104492188, 954.1810913085938, 883.8765258789062, 954.0, 884.0], [954.0, 884.0, 953.8477172851562, 884.1038208007812, 952.8189086914062, 883.1234741210938, 953.0, 883.0], [953.0, 883.0, 953.21533203125, 882.8532104492188, 953.1810913085938, 880.8765258789062, 953.0, 881.0], [953.0, 881.0, 952.8477172851562, 881.1038208007812, 951.8477172851562, 880.02880859375, 952.0, 880.0], [952.0, 880.0, 952.1280517578125, 879.9757690429688, 952.1522827148438, 878.97119140625, 952.0, 879.0], [952.0, 879.0, 951.8189086914062, 879.0342407226562, 950.7909545898438, 878.2881469726562, 951.0, 878.0], [951.0, 878.0, 951.3515625, 877.515380859375, 951.2090454101562, 873.7118530273438, 951.0, 874.0], [951.0, 874.0, 950.875732421875, 874.1713256835938, 949.775634765625, 873.4292602539062, 950.0, 873.0], [950.0, 873.0, 950.4622192382812, 872.1158447265625, 950.224365234375, 866.5707397460938, 950.0, 867.0], [950.0, 867.0, 949.8910522460938, 867.2083740234375, 948.711669921875, 868.3228759765625, 949.0, 866.0], [949.0, 866.0, 950.8463745117188, 851.1242065429688, 949.288330078125, 805.6771240234375, 949.0, 808.0], [949.0, 808.0, 948.9549560546875, 808.3627319335938, 947.7049560546875, 809.9207763671875, 948.0, 807.0], [948.0, 807.0, 950.27392578125, 784.48974609375, 947.7049560546875, 720.0792236328125, 948.0, 723.0], [948.0, 723.0, 948.0382690429688, 723.3789672851562, 949.2506713867188, 722.8240966796875, 949.0, 722.0], [949.0, 722.0, 948.2400512695312, 719.5014038085938, 948.7493286132812, 708.1759033203125, 949.0, 709.0], [949.0, 709.0, 949.0827026367188, 709.2717895507812, 950.224365234375, 708.4292602539062, 950.0, 708.0], [950.0, 708.0, 949.5377807617188, 707.1158447265625, 949.775634765625, 701.5707397460938, 950.0, 702.0], [950.0, 702.0, 950.1089477539062, 702.2083740234375, 951.2090454101562, 701.2881469726562, 951.0, 701.0], [951.0, 701.0, 950.6484375, 700.515380859375, 950.7909545898438, 696.7118530273438, 951.0, 697.0], [951.0, 697.0, 951.124267578125, 697.1713256835938, 952.1976318359375, 696.20947265625, 952.0, 696.0], [952.0, 696.0, 951.712158203125, 695.6949462890625, 951.8023681640625, 692.79052734375, 952.0, 693.0], [952.0, 693.0, 952.1356811523438, 693.143798828125, 953.1810913085938, 692.1234741210938, 953.0, 692.0], [953.0, 692.0, 952.78466796875, 691.8532104492188, 952.5928955078125, 690.0118408203125, 953.0, 690.0], [953.0, 690.0, 953.5928955078125, 689.9827880859375, 956.0118408203125, 686.5928955078125, 956.0, 687.0], [956.0, 687.0, 955.9918823242188, 687.2794799804688, 958.1234741210938, 687.1810913085938, 958.0, 687.0], [958.0, 687.0, 957.8961791992188, 686.8477172851562, 958.79052734375, 685.8023681640625, 959.0, 686.0], [959.0, 686.0, 959.3050537109375, 686.287841796875, 962.20947265625, 686.1976318359375, 962.0, 686.0], [962.0, 686.0, 961.856201171875, 685.8643188476562, 962.7118530273438, 684.7909545898438, 963.0, 685.0], [963.0, 685.0, 963.484619140625, 685.3515625, 967.2881469726562, 685.2090454101562, 967.0, 685.0], [967.0, 685.0, 966.8286743164062, 684.875732421875, 967.6389770507812, 683.7824096679688, 968.0, 684.0], [968.0, 684.0, 968.6788330078125, 684.4091796875, 973.3610229492188, 684.2175903320312, 973.0, 684.0], [973.0, 684.0, 972.8079833984375, 683.88427734375, 973.2258911132812, 682.7518310546875, 974.0, 683.0], [974.0, 683.0, 976.2549438476562, 683.7228393554688, 986.7741088867188, 682.7518310546875, 986.0, 683.0], [986.0, 683.0, 985.7342529296875, 683.085205078125, 985.9043579101562, 684.2619018554688, 987.0, 684.0], [987.0, 684.0, 991.0159301757812, 683.0401000976562, 1007.0956420898438, 683.7380981445312, 1006.0, 684.0], [1006.0, 684.0, 1005.7011108398438, 684.0714721679688, 1004.8590087890625, 685.2857666015625, 1007.0, 685.0], [1007.0, 685.0, 1019.8572387695312, 683.2839965820312, 1060.1409912109375, 685.2857666015625, 1058.0, 685.0], [1058.0, 685.0, 1057.6434326171875, 684.952392578125, 1058.277587890625, 683.754638671875, 1059.0, 684.0], [1059.0, 684.0, 1061.0146484375, 684.6842651367188, 1070.722412109375, 683.754638671875, 1070.0, 684.0], [1070.0, 684.0, 1069.740966796875, 684.0879516601562, 1070.8765869140625, 685.1810913085938, 1071.0, 685.0], [1071.0, 685.0, 1071.1468505859375, 684.78466796875, 1073.0576171875, 684.6954956054688, 1073.0, 685.0], [1073.0, 685.0, 1072.9315185546875, 685.3621215820312, 1075.5703125, 682.7988891601562, 1075.0, 687.0], [1075.0, 687.0, 1071.6260986328125, 711.854736328125, 1075.2977294921875, 789.225341796875, 1075.0, 786.0], [1075.0, 786.0, 1074.96435546875, 785.614501953125, 1073.7142333984375, 784.8590087890625, 1074.0, 787.0], [1074.0, 787.0, 1075.7159423828125, 799.8572387695312, 1074.2857666015625, 840.1409912109375, 1074.0, 838.0], [1074.0, 838.0, 1073.952392578125, 837.6434936523438, 1072.7218017578125, 837.293212890625, 1073.0, 839.0], [1073.0, 839.0, 1074.403564453125, 847.6113891601562, 1073.2781982421875, 876.706787109375, 1073.0, 875.0], [1073.0, 875.0, 1072.94482421875, 874.6616821289062, 1071.7413330078125, 874.9901733398438, 1072.0, 876.0], [1072.0, 876.0, 1072.89697265625, 879.5011596679688, 1072.2586669921875, 894.0098266601562, 1072.0, 893.0], [1072.0, 893.0, 1071.9254150390625, 892.708740234375, 1071.02880859375, 894.1522827148438, 1071.0, 894.0], [1071.0, 894.0, 1070.975830078125, 893.8719482421875, 1070.0, 894.0, 1070.0, 894.0]],