{"version": 15, "source_image": "Luculine.otf", "width": 2048, "height": 2048, "vector_format": "bezier_cubic", "strokes": [{"segments": [[963.0, 690.0, 963.0, 690.0, 961.7430419921875, 690.0347290039062, 962.0, 691.0], [962.0, 691.0, 962.8642578125, 694.246826171875, 961.7430419921875, 707.9652709960938, 962.0, 707.0], [962.0, 707.0, 962.076416015625, 706.7130126953125, 963.2587280273438, 706.9901733398438, 963.0, 708.0], [963.0, 708.0, 962.10302734375, 711.5011596679688, 962.7412719726562, 726.0098266601562, 963.0, 725.0], [963.0, 725.0, 963.0746459960938, 724.708740234375, 963.97119140625, 726.1522827148438, 964.0, 726.0], [964.0, 726.0, 964.0242309570312, 725.8719482421875, 965.02880859375, 725.8477172851562, 965.0, 726.0], [965.0, 726.0, 964.9657592773438, 726.1810913085938, 966.1810913085938, 726.8765258789062, 966.0, 727.0], [966.0, 727.0, 965.78466796875, 727.1467895507812, 966.1810913085938, 729.1234741210938, 966.0, 729.0], [966.0, 729.0, 965.8477172851562, 728.8961791992188, 964.8477172851562, 729.97119140625, 965.0, 730.0], [965.0, 730.0, 965.1280517578125, 730.0242309570312, 965.1522827148438, 731.02880859375, 965.0, 731.0], [965.0, 731.0, 964.8189086914062, 730.9657592773438, 963.7155151367188, 729.9404907226562, 964.0, 732.0], [964.0, 732.0, 965.657470703125, 743.99853515625, 963.7155151367188, 782.0595092773438, 964.0, 780.0], [964.0, 780.0, 964.048828125, 779.646484375, 965.27880859375, 779.2619018554688, 965.0, 781.0], [965.0, 781.0, 963.5738525390625, 789.8902587890625, 964.72119140625, 819.7380981445312, 965.0, 818.0], [965.0, 818.0, 965.0545043945312, 817.6602172851562, 966.2781982421875, 817.293212890625, 966.0, 819.0], [966.0, 819.0, 964.5963745117188, 827.6113891601562, 965.7218017578125, 856.706787109375, 966.0, 855.0], [966.0, 855.0, 966.0551147460938, 854.6616821289062, 967.27880859375, 854.2619018554688, 967.0, 856.0], [967.0, 856.0, 965.5738525390625, 864.8902587890625, 966.72119140625, 894.7380981445312, 967.0, 893.0], [967.0, 893.0, 967.0545043945312, 892.6602172851562, 968.27880859375, 892.2619018554688, 968.0, 894.0], [968.0, 894.0, 966.5738525390625, 902.8902587890625, 967.72119140625, 932.7380981445312, 968.0, 931.0], [968.0, 931.0, 968.0545043945312, 930.6602172851562, 969.2781982421875, 930.293212890625, 969.0, 932.0], [969.0, 932.0, 967.5963745117188, 940.6113891601562, 968.7218017578125, 969.706787109375, 969.0, 968.0], [969.0, 968.0, 969.0551147460938, 967.6616821289062, 970.2761840820312, 967.3895874023438, 970.0, 969.0], [970.0, 969.0, 968.6659545898438, 976.7793579101562, 969.7238159179688, 1003.6104125976562, 970.0, 1002.0], [970.0, 1002.0, 970.0571899414062, 1001.6666259765625, 971.2387084960938, 1002.3870849609375, 971.0, 1003.0], [971.0, 1003.0, 970.3978271484375, 1004.5462036132812, 971.0, 1012.0, 971.0, 1012.0]], "color_group_id": 0}, {"segments": [[1062.0, 707.0, 1062.0, 707.0, 1060.97119140625, 707.1522827148438, 1061.0, 707.0], [1061.0, 707.0, 1061.0343017578125, 706.8189086914062, 1060.668701171875, 705.7577514648438, 1060.0, 706.0], [1060.0, 706.0, 1058.2218017578125, 706.6441650390625, 1049.331298828125, 705.7577514648438, 1050.0, 706.0], [1050.0, 706.0, 1050.25146484375, 706.0911254882812, 1049.668701171875, 707.2422485351562, 1049.0, 707.0], [1049.0, 707.0, 1047.2218017578125, 706.3558349609375, 1038.331298828125, 706.7577514648438, 1039.0, 707.0], [1039.0, 707.0, 1039.25146484375, 707.0911254882812, 1038.4935302734375, 708.22998046875, 1038.0, 708.0], [1038.0, 708.0, 1036.90185546875, 707.4883422851562, 1030.5064697265625, 707.77001953125, 1031.0, 708.0], [1031.0, 708.0, 1031.2218017578125, 708.1033935546875, 1030.361083984375, 709.2175903320312, 1030.0, 709.0], [1030.0, 709.0, 1029.3211669921875, 708.5908203125, 1024.638916015625, 708.7824096679688, 1025.0, 709.0], [1025.0, 709.0, 1025.1920166015625, 709.11572265625, 1024.20947265625, 710.1976318359375, 1024.0, 710.0], [1024.0, 710.0, 1023.6949462890625, 709.712158203125, 1020.79052734375, 709.8023681640625, 1021.0, 710.0], [1021.0, 710.0, 1021.143798828125, 710.1356811523438, 1020.02880859375, 711.1522827148438, 1020.0, 711.0], [1020.0, 711.0, 1019.9757690429688, 710.8719482421875, 1018.97119140625, 710.8477172851562, 1019.0, 711.0], [1019.0, 711.0, 1019.0342407226562, 711.1810913085938, 1018.20947265625, 712.1976318359375, 1018.0, 712.0], [1018.0, 712.0, 1017.6949462890625, 711.712158203125, 1014.79052734375, 711.8023681640625, 1015.0, 712.0], [1015.0, 712.0, 1015.143798828125, 712.1356811523438, 1014.1234741210938, 713.1810913085938, 1014.0, 713.0], [1014.0, 713.0, 1013.8532104492188, 712.78466796875, 1011.8765258789062, 712.8189086914062, 1012.0, 713.0], [1012.0, 713.0, 1012.1038208007812, 713.1522827148438, 1011.02880859375, 714.1522827148438, 1011.0, 714.0], [1011.0, 714.0, 1010.9757690429688, 713.8719482421875, 1009.97119140625, 713.8477172851562, 1010.0, 714.0], [1010.0, 714.0, 1010.0342407226562, 714.1810913085938, 1009.1234741210938, 715.1810913085938, 1009.0, 715.0], [1009.0, 715.0, 1008.8532104492188, 714.78466796875, 1006.8765258789062, 714.8189086914062, 1007.0, 715.0], [1007.0, 715.0, 1007.1038208007812, 715.1522827148438, 1006.02880859375, 716.1522827148438, 1006.0, 716.0], [1006.0, 716.0, 1005.9757690429688, 715.8719482421875, 1005.03955078125, 715.7514038085938, 1005.0, 716.0], [1005.0, 716.0, 1004.9334716796875, 716.4180908203125, 1003.0576171875, 718.3045043945312, 1003.0, 718.0], [1003.0, 718.0, 1002.9515380859375, 717.743896484375, 1000.8765258789062, 717.8189086914062, 1001.0, 718.0], [1001.0, 718.0, 1001.1038208007812, 718.1522827148438, 1000.02880859375, 719.1522827148438, 1000.0, 719.0], [1000.0, 719.0, 999.9757690429688, 718.8719482421875, 998.97119140625, 718.8477172851562, 999.0, 719.0], [999.0, 719.0, 999.0342407226562, 719.1810913085938, 998.20947265625, 720.1976318359375, 998.0, 720.0], [998.0, 720.0, 997.6949462890625, 719.712158203125, 994.79052734375, 719.8023681640625, 995.0, 720.0], [995.0, 720.0, 995.143798828125, 720.1356811523438, 994.20947265625, 721.1976318359375, 994.0, 721.0], [994.0, 721.0, 993.6949462890625, 720.712158203125, 990.79052734375, 720.8023681640625, 991.0, 721.0], [991.0, 721.0, 991.143798828125, 721.1356811523438, 990.20947265625, 722.1976318359375, 990.0, 722.0], [990.0, 722.0, 989.6949462890625, 721.712158203125, 986.79052734375, 721.8023681640625, 987.0, 722.0], [987.0, 722.0, 987.143798828125, 722.1356811523438, 986.20947265625, 723.1976318359375, 986.0, 723.0], [986.0, 723.0, 985.6949462890625, 722.712158203125, 982.79052734375, 722.8023681640625, 983.0, 723.0], [983.0, 723.0, 983.143798828125, 723.1356811523438, 982.20947265625, 724.1976318359375, 982.0, 724.0], [982.0, 724.0, 981.6949462890625, 723.712158203125, 978.79052734375, 723.8023681640625, 979.0, 724.0], [979.0, 724.0, 979.143798828125, 724.1356811523438, 978.1234741210938, 725.1810913085938, 978.0, 725.0], [978.0, 725.0, 977.8532104492188, 724.78466796875, 975.8765258789062, 724.8189086914062, 976.0, 725.0], [976.0, 725.0, 976.1038208007812, 725.1522827148438, 975.20947265625, 726.1976318359375, 975.0, 726.0], [975.0, 726.0, 974.6949462890625, 725.712158203125, 971.79052734375, 725.8023681640625, 972.0, 726.0], [972.0, 726.0, 972.143798828125, 726.1356811523438, 971.20947265625, 727.1976318359375, 971.0, 727.0], [971.0, 727.0, 970.6949462890625, 726.712158203125, 967.8455810546875, 726.6617431640625, 968.0, 727.0], [968.0, 727.0, 968.14990234375, 727.3284301757812, 965.5286254882812, 729.4713745117188, 966.0, 729.0], [966.0, 729.0, 966.3333129882812, 728.6666870117188, 967.3333129882812, 727.8477172851562, 967.0, 728.0], [967.0, 728.0, 966.7197265625, 728.1280517578125, 965.6666870117188, 728.0, 966.0, 728.0], [966.0, 728.0, 966.3333129882812, 728.0, 967.3333129882812, 728.1522827148438, 967.0, 728.0], [967.0, 728.0, 966.6035766601562, 727.8189086914062, 966.0, 727.0, 966.0, 727.0]], "color_group_id": 0}], "stats": {"curves": 2, "segments": 74, "char": "r",