{"version": 15, "source_image": "Luculine.otf", "width": 2048, "height": 2048, "vector_format": "bezier_cubic", "strokes": [{"segments": [[1074.0, 786.0, 1074.0, 786.0, 1074.234619140625, 777.4453125, 1074.0, 778.0], [1074.0, 778.0, 1073.9013671875, 778.2332153320312, 1072.775634765625, 777.4292602539062, 1073.0, 777.0], [1073.0, 777.0, 1073.462158203125, 776.1158447265625, 1073.224365234375, 770.5707397460938, 1073.0, 771.0], [1073.0, 771.0, 1072.89111328125, 771.2083740234375, 1071.714599609375, 772.1141357421875, 1072.0, 770.0], [1072.0, 770.0, 1073.6966552734375, 757.429443359375, 1072.285400390625, 717.8858642578125, 1072.0, 720.0], [1072.0, 720.0, 1071.9520263671875, 720.3555297851562, 1070.7578125, 719.668701171875, 1071.0, 719.0], [1071.0, 719.0, 1071.6441650390625, 717.2217407226562, 1071.2421875, 708.331298828125, 1071.0, 709.0], [1071.0, 709.0, 1070.908935546875, 709.25146484375, 1069.791015625, 708.2881469726562, 1070.0, 708.0], [1070.0, 708.0, 1070.3515625, 707.515380859375, 1070.208984375, 703.7118530273438, 1070.0, 704.0], [1070.0, 704.0, 1069.875732421875, 704.1713256835938, 1068.8189697265625, 703.1234741210938, 1069.0, 703.0], [1069.0, 703.0, 1069.21533203125, 702.8532104492188, 1069.1810302734375, 700.8765258789062, 1069.0, 701.0], [1069.0, 701.0, 1068.8477783203125, 701.1038208007812, 1067.791015625, 700.2881469726562, 1068.0, 700.0], [1068.0, 700.0, 1068.3515625, 699.515380859375, 1068.208984375, 695.7118530273438, 1068.0, 696.0], [1068.0, 696.0, 1067.875732421875, 696.1713256835938, 1066.8189697265625, 695.1234741210938, 1067.0, 695.0], [1067.0, 695.0, 1067.21533203125, 694.8532104492188, 1067.1810302734375, 692.8765258789062, 1067.0, 693.0], [1067.0, 693.0, 1066.8477783203125, 693.1038208007812, 1065.8477783203125, 692.02880859375, 1066.0, 692.0], [1066.0, 692.0, 1066.1280517578125, 691.9757690429688, 1066.3267822265625, 691.1024169921875, 1066.0, 691.0], [1066.0, 691.0, 1065.3267822265625, 690.7890014648438, 1062.9881591796875, 687.5928955078125, 1063.0, 688.0], [1063.0, 688.0, 1063.008056640625, 688.2794799804688, 1060.8765869140625, 688.1810913085938, 1061.0, 688.0], [1061.0, 688.0, 1061.103759765625, 687.8477172851562, 1060.2880859375, 686.7909545898438, 1060.0, 687.0], [1060.0, 687.0, 1059.515380859375, 687.3515625, 1055.7119140625, 687.2090454101562, 1056.0, 687.0], [1056.0, 687.0, 1056.17138671875, 686.875732421875, 1055.2880859375, 685.7909545898438, 1055.0, 686.0], [1055.0, 686.0, 1054.515380859375, 686.3515625, 1050.7119140625, 686.2090454101562, 1051.0, 686.0], [1051.0, 686.0, 1051.17138671875, 685.875732421875, 1050.42919921875, 684.775634765625, 1050.0, 685.0], [1050.0, 685.0, 1049.1158447265625, 685.4622192382812, 1043.57080078125, 685.224365234375, 1044.0, 685.0], [1044.0, 685.0, 1044.2083740234375, 684.8910522460938, 1043.722412109375, 683.754638671875, 1043.0, 684.0], [1043.0, 684.0, 1040.9853515625, 684.6842651367188, 1031.277587890625, 684.245361328125, 1032.0, 684.0], [1032.0, 684.0, 1032.259033203125, 683.9120483398438, 1032.29443359375, 682.7317504882812, 1031.0, 683.0], [1031.0, 683.0, 1025.6676025390625, 684.10498046875, 1005.70556640625, 682.7317504882812, 1007.0, 683.0], [1007.0, 683.0, 1007.314208984375, 683.0651245117188, 1007.5774536132812, 684.2754516601562, 1006.0, 684.0], [1006.0, 684.0, 998.4963989257812, 682.6898193359375, 972.4225463867188, 683.7245483398438, 974.0, 684.0], [974.0, 684.0, 974.3316040039062, 684.0579223632812, 973.4292602539062, 685.224365234375, 973.0, 685.0], [973.0, 685.0, 972.1158447265625, 684.5377807617188, 966.5707397460938, 684.775634765625, 967.0, 685.0], [967.0, 685.0, 967.2083740234375, 685.1089477539062, 966.20947265625, 686.1976318359375, 966.0, 686.0], [966.0, 686.0, 965.6949462890625, 685.712158203125, 962.79052734375, 685.8023681640625, 963.0, 686.0], [963.0, 686.0, 963.143798828125, 686.1356811523438, 962.20947265625, 687.1976318359375, 962.0, 687.0], [962.0, 687.0, 961.6949462890625, 686.712158203125, 958.79052734375, 686.8023681640625, 959.0, 687.0], [959.0, 687.0, 959.143798828125, 687.1356811523438, 958.02880859375, 688.1522827148438, 958.0, 688.0], [958.0, 688.0, 957.9757690429688, 687.8719482421875, 957.03955078125, 687.7514038085938, 957.0, 688.0], [957.0, 688.0, 956.9334716796875, 688.4180908203125, 954.7514038085938, 690.03955078125, 955.0, 690.0], [955.0, 690.0, 955.1478271484375, 689.9765014648438, 955.1522827148438, 691.02880859375, 955.0, 691.0], [955.0, 691.0, 954.8189086914062, 690.9657592773438, 953.8023681640625, 691.79052734375, 954.0, 692.0], [954.0, 692.0, 954.287841796875, 692.3050537109375, 954.1976318359375, 695.20947265625, 954.0, 695.0], [954.0, 695.0, 953.8643188476562, 694.856201171875, 952.8477172851562, 695.97119140625, 953.0, 696.0], [953.0, 696.0, 953.1280517578125, 696.0242309570312, 953.1522827148438, 697.02880859375, 953.0, 697.0], [953.0, 697.0, 952.8189086914062, 696.9657592773438, 951.7824096679688, 697.6389770507812, 952.0, 698.0], [952.0, 698.0, 952.4091796875, 698.6788330078125, 952.2175903320312, 703.3610229492188, 952.0, 703.0], [952.0, 703.0, 951.88427734375, 702.8079833984375, 950.754638671875, 703.2776489257812, 951.0, 704.0], [951.0, 704.0, 951.6842651367188, 706.0146484375, 951.245361328125, 715.7223510742188, 951.0, 715.0], [951.0, 715.0, 950.9120483398438, 714.740966796875, 949.730712890625, 714.6680908203125, 950.0, 716.0], [950.0, 716.0, 951.1322021484375, 721.5999145507812, 950.269287109375, 742.3319091796875, 950.0, 741.0], [950.0, 741.0, 949.9359741210938, 740.6832275390625, 948.7430419921875, 741.0347290039062, 949.0, 742.0], [949.0, 742.0, 949.8642578125, 745.246826171875, 948.7430419921875, 758.9652709960938, 949.0, 758.0], [949.0, 758.0, 949.076416015625, 757.7130126953125, 950.2826538085938, 757.052978515625, 950.0, 759.0], [950.0, 759.0, 948.42333984375, 769.8603515625, 949.7173461914062, 804.947021484375, 950.0, 803.0], [950.0, 803.0, 950.0506591796875, 802.6509399414062, 951.2826538085938, 802.052978515625, 951.0, 804.0], [951.0, 804.0, 949.42333984375, 814.8603515625, 950.7173461914062, 849.947021484375, 951.0, 848.0], [951.0, 848.0, 951.0506591796875, 847.6509399414062, 952.224365234375, 848.5707397460938, 952.0, 849.0], [952.0, 849.0, 951.5377807617188, 849.8841552734375, 951.775634765625, 855.4292602539062, 952.0, 855.0], [952.0, 855.0, 952.1089477539062, 854.7916259765625, 953.2175903320312, 855.6389770507812, 953.0, 856.0], [953.0, 856.0, 952.5908203125, 856.6788330078125, 952.7824096679688, 861.3610229492188, 953.0, 861.0], [953.0, 861.0, 953.11572265625, 860.8079833984375, 954.1976318359375, 861.79052734375, 954.0, 862.0], [954.0, 862.0, 953.712158203125, 862.3050537109375, 953.8023681640625, 865.20947265625, 954.0, 865.0], [954.0, 865.0, 954.1356811523438, 864.856201171875, 955.1522827148438, 865.97119140625, 955.0, 866.0], [955.0, 866.0, 954.8719482421875, 866.0242309570312, 954.8477172851562, 867.02880859375, 955.0, 867.0], [955.0, 867.0, 955.1810913085938, 866.9657592773438, 955.8765258789062, 868.1810913085938, 956.0, 868.0], [956.0, 868.0, 956.1467895507812, 867.78466796875, 958.1234741210938, 867.8189086914062, 958.0, 868.0], [958.0, 868.0, 957.8961791992188, 868.1522827148438, 958.8765258789062, 869.1810913085938, 959.0, 869.0], [959.0, 869.0, 959.1467895507812, 868.78466796875, 961.1234741210938, 868.8189086914062, 961.0, 869.0], [961.0, 869.0, 960.8961791992188, 869.1522827148438, 961.6389770507812, 870.2175903320312, 962.0, 870.0], [962.0, 870.0, 962.6788330078125, 869.5908203125, 967.3610229492188, 869.7824096679688, 967.0, 870.0], [967.0, 870.0, 966.8079833984375, 870.11572265625, 966.5595092773438, 871.2721557617188, 968.0, 871.0], [968.0, 871.0, 974.4096069335938, 869.7889404296875, 997.4404907226562, 871.2721557617188, 996.0, 871.0], [996.0, 871.0, 995.67626953125, 870.9388427734375, 995.5244750976562, 869.7269897460938, 997.0, 870.0], [997.0, 870.0, 1003.6817016601562, 871.2363891601562, 1027.4754638671875, 870.2730102539062, 1026.0, 870.0], [1026.0, 870.0, 