{"version": 14, "source_image": "FontPngs\\0074.png", "width": 2048, "height": 2048, "vector_format": "bezier_cubic", "strokes": [{"segments": [[1007.0, 811.0, 1007.0, 810.6666870117188, 1005.6666870117188, 809.6666870117188, 1006.0, 810.0], [1006.0, 810.0, 1006.3333129882812, 810.3333129882812, 1007.1522827148438, 811.3333129882812, 1007.0, 811.0], [1007.0, 811.0, 1006.8719482421875, 810.7197265625, 1007.0, 808.5470581054688, 1007.0, 810.0], [1007.0, 810.0, 1007.0, 816.3333129882812, 1007.2619018554688, 830.0956420898438, 1007.0, 829.0], [1007.0, 829.0, 1006.9285278320312, 828.7011108398438, 1005.7317504882812, 828.70556640625, 1006.0, 830.0], [1006.0, 830.0, 1007.10498046875, 835.3323974609375, 1006.2682495117188, 855.29443359375, 1006.0, 854.0], [1006.0, 854.0, 1005.9348754882812, 853.685791015625, 1004.730712890625, 853.6680908203125, 1005.0, 855.0], [1005.0, 855.0, 1006.1322021484375, 860.5999145507812, 1005.269287109375, 881.3319091796875, 1005.0, 880.0], [1005.0, 880.0, 1004.9359741210938, 879.6832275390625, 1003.7317504882812, 879.70556640625, 1004.0, 881.0], [1004.0, 881.0, 1005.10498046875, 886.3323974609375, 1004.2682495117188, 906.29443359375, 1004.0, 905.0], [1004.0, 905.0, 1003.9348754882812, 904.685791015625, 1002.7653198242188, 905.4453125, 1003.0, 906.0], [1003.0, 906.0, 1003.5581665039062, 907.3192138671875, 1002.7653198242188, 914.5546875, 1003.0, 914.0], [1003.0, 914.0, 1003.0986938476562, 913.7667846679688, 1004.2387084960938, 914.3870849609375, 1004.0, 915.0], [1004.0, 915.0, 1003.3978271484375, 916.5462036132812, 1003.7612915039062, 924.6129150390625, 1004.0, 924.0], [1004.0, 924.0, 1004.0946044921875, 923.7570190429688, 1005.22998046875, 924.5064086914062, 1005.0, 925.0], [1005.0, 925.0, 1004.4883422851562, 926.09814453125, 1004.77001953125, 932.4935913085938, 1005.0, 932.0], [1005.0, 932.0, 1005.1033935546875, 931.7781372070312, 1006.224365234375, 932.5707397460938, 1006.0, 933.0], [1006.0, 933.0, 1005.5377807617188, 933.8841552734375, 1005.775634765625, 939.4292602539062, 1006.0, 939.0], [1006.0, 939.0, 1006.1089477539062, 938.7916259765625, 1007.2175903320312, 939.6389770507812, 1007.0, 940.0], [1007.0, 940.0, 1006.5908203125, 940.6788330078125, 1006.7824096679688, 945.3610229492188, 1007.0, 945.0], [1007.0, 945.0, 1007.11572265625, 944.8079833984375, 1008.2175903320312, 945.6389770507812, 1008.0, 946.0], [1008.0, 946.0, 1007.5908203125, 946.6788330078125, 1007.7824096679688, 951.3610229492188, 1008.0, 951.0], [1008.0, 951.0, 1008.11572265625, 950.8079833984375, 1009.2090454101562, 951.7118530273438, 1009.0, 952.0], [1009.0, 952.0, 1008.6484375, 952.484619140625, 1008.7909545898438, 956.2881469726562, 1009.0, 956.0], [1009.0, 956.0, 1009.124267578125, 955.8286743164062, 1010.1810913085938, 956.8765258789062, 1010.0, 957.0], [1010.0, 957.0, 1009.78466796875, 957.1467895507812, 1009.8189086914062, 959.1234741210938, 1010.0, 959.0], [1010.0, 959.0, 1010.1522827148438, 958.8961791992188, 1011.1976318359375, 959.79052734375, 1011.0, 960.0], [1011.0, 960.0, 1010.712158203125, 960.3050537109375, 1010.8023681640625, 963.20947265625, 1011.0, 963.0], [1011.0, 963.0, 1011.1356811523438, 962.856201171875, 1012.1810913085938, 963.8765258789062, 1012.0, 964.0], [1012.0, 964.0, 1011.78466796875, 964.1467895507812, 1011.8189086914062, 966.1234741210938, 1012.0, 966.0], [1012.0, 966.0, 1012.1522827148438, 965.8961791992188, 1013.3333129882812, 967.4810180664062, 1013.0, 967.0], [1013.0, 967.0, 1012.5808715820312, 966.3952026367188, 1011.6666870117188, 964.5189819335938, 1012.0, 965.0], [1012.0, 965.0, 1012.2650756835938, 965.3825073242188, 1013.3333129882812, 966.1522827148438, 1013.0, 966.0], [1013.0, 966.0, 1012.7197265625, 965.8719482421875, 1011.6666870117188, 966.0, 1012.0, 966.0], [1012.0, 966.0, 1012.3333129882812, 966.0, 1013.2113037109375, 965.6339721679688, 1013.0, 966.0], [1013.0, 966.0, 1012.6339721679688, 966.6339721679688, 1012.7886962890625, 969.3660278320312, 1013.0, 969.0], [1013.0, 969.0, 1013.1220092773438, 968.7886962890625, 1014.0, 969.0, 1014.0, 969.0]]}, {"segments": [[1014.0, 969.0, 1013.8719482421875, 969.0242309570312, 1014.1099853515625, 970.663330078125, 1014.0, 970.0], [1014.0, 970.0, 1013.7766723632812, 968.6531372070312, 1012.8465576171875, 964.8465576171875, 1013.0, 966.0], [1013.0, 966.0, 1013.130859375, 966.98388671875, 1012.6617431640625, 969.1544189453125, 1013.0, 969.0], [1013.0, 969.0, 1013.3284301757812, 968.85009765625, 1015.2485961914062, 971.03955078125, 1015.0, 971.0], [1015.0, 971.0, 1014.8521728515625, 970.9765014648438, 1014.8477172851562, 972.02880859375, 1015.0, 972.0], [1015.0, 972.0, 1015.1810913085938, 971.9657592773438, 1016.1522827148438, 972.97119140625, 1016.0, 973.0], [1016.0, 973.0, 1015.8719482421875, 973.0242309570312, 1015.8477172851562, 974.02880859375, 1016.0, 974.0], [1016.0, 974.0, 1016.1810913085938, 973.9657592773438, 1017.1522827148438, 974.97119140625, 1017.0, 975.0], [1017.0, 975.0, 1016.8719482421875, 975.0242309570312, 1016.5444946289062, 975.7867431640625, 1017.0, 976.0], [1017.0, 976.0, 1018.211181640625, 976.5670166015625, 1022.4555053710938, 981.2132568359375, 1022.0, 981.0], [1022.0, 981.0, 1021.8287353515625, 980.9197998046875, 1022.22998046875, 982.5632934570312, 1022.0, 982.0], [1022.0, 982.0, 1021.5632934570312, 980.9303588867188, 1019.77001953125, 978.4367065429688, 1020.0, 979.0], [1020.0, 979.0, 1020.12109375, 979.2966918945312, 1019.8333129882812, 980.1666870117188, 1020.0, 980.0], [1020.0, 980.0, 1020.1666870117188, 979.8333129882812, 1021.1666870117188, 979.8333129882812, 1021.0, 980.0], [1021.0, 980.0, 1020.8333129882812, 980.1666870117188, 1020.8477172851562, 981.02880859375, 1021.0, 981.0], [1021.0, 981.0, 1021.1810913085938, 980.9657592773438, 1021.97119140625, 982.1522827148438, 1022.0, 982.0], [1022.0, 982.0, 1022.0242309570312, 981.8719482421875, 1023.5632934570312, 982.22998046875, 1023.0, 982.0], [1023.0, 982.0, 1021.9303588867188, 981.5632934570312, 1019.4367065429688, 979.77001953125, 1020.0, 980.0], [1020.0, 980.0, 1020.2966918945312, 980.12109375, 1021.3333129882812, 980.0, 1021.0, 980.0], [1021.0, 980.0, 1020.6666870117188, 980.0, 1019.6666870117188, 979.8477172851562, 1020.0, 980.0], [1020.0, 980.0, 1020.3964233398438, 980.1810913085938, 1020.97119140625, 981.1522827148438, 1021.0, 981.0], [1021.0, 981.0, 1021.0242309570312, 980.8719482421875, 1022.02880859375, 980.8477172851562, 1022.0, 981.0], [1022.0, 981.0, 1021.9657592773438, 981.1810913085938, 1022.97119140625, 982.1522827148438, 1023.0, 982.0], [1023.0, 982.0, 1023.0242309570312, 981.8719482421875, 1024.02880859375, 981.8477172851562, 1024.0, 982.0], [1024.0, 982.0, 1023.9657592773438, 982.1810913085938, 1024.8765869140625, 983.1810913085938, 1025.0, 983.0], [1025.0, 983.0, 1025.1468505859375, 982.78466796875, 1027.1234130859375, 982.8189086914062, 1027.0, 983.0], [1027.0, 983.0, 1026.896240234375, 983.1522827148438, 1027.8765869140625, 984.1810913085938, 1028.0, 984.0], [1028.0, 984.0, 1028.1468505859375, 983.78466796875, 1030.1234130859375, 983.8189086914062, 1030.0, 984.0], [1030.0, 984.0, 1029.896240234375, 984.1522827148438, 1030.8765869140625, 985.1810913085938, 1031.0, 985.0], [1031.0, 985.0, 1031.1468505859375, 984.78466796875, 1033.1234130859375, 984.8189086914062, 1033.0, 985.0], [1033.0, 985.0, 1032.896240234375, 985.1522827148438, 1033.79052734375, 986.1976318359375, 1034.0, 986.0], [1034.0, 986.0, 1034.3050537109375, 985.712158203125, 1037.20947265625, 985.8023681640625, 1037.0, 986.0], [1037.0, 986.0, 1036.856201171875, 986.1356811523438, 1037.79052734375, 987.1976318359375, 1038.0, 987.0], [1038.0, 987.0, 1038.3050537109375, 986.712158203125, 1041.20947265625, 986.8023681640625, 1041.0, 987.0], [1041.0, 987.0, 1040.856201171875, 987.1356811523438, 1041.79052734375, 988.1976318359375, 1042.0, 988.0], [1042.0, 988.0, 1042.3050537109375, 987.712158203125, 1045.20947265625, 987.8023681640625, 1045.0, 988.0], [1045.0, 988.0, 1044.856201171875, 988.1356811523438, 