{"version": 15, "source_image": "Luculine.otf", "width": 2048, "height": 2048, "vector_format": "bezier_cubic", "strokes": [{"segments": [[989.0, 755.0, 989.0, 755.0, 990.1522827148438, 754.02880859375, 990.0, 754.0], [990.0, 754.0, 989.8719482421875, 753.9757690429688, 990.1522827148438, 752.6666870117188, 990.0, 753.0], [990.0, 753.0, 989.8189086914062, 753.3964233398438, 988.8477172851562, 754.3333129882812, 989.0, 754.0], [989.0, 754.0, 989.1280517578125, 753.7197265625, 988.7328491210938, 752.6666870117188, 989.0, 753.0], [989.0, 753.0, 989.3994750976562, 753.4984741210938, 991.4810180664062, 754.3333129882812, 991.0, 754.0], [991.0, 754.0, 990.6174926757812, 753.7349243164062, 990.02880859375, 752.8477172851562, 990.0, 753.0], [990.0, 753.0, 989.9757690429688, 753.1280517578125, 988.6666870117188, 752.8477172851562, 989.0, 753.0], [989.0, 753.0, 989.3964233398438, 753.1810913085938, 990.3333129882812, 754.1522827148438, 990.0, 754.0], [990.0, 754.0, 989.7197265625, 753.8719482421875, 988.97119140625, 754.1522827148438, 989.0, 754.0], [989.0, 754.0, 989.0342407226562, 753.8189086914062, 990.0869140625, 752.715087890625, 988.0, 753.0], [988.0, 753.0, 975.7156982421875, 754.6771850585938, 936.9130859375, 752.715087890625, 939.0, 753.0], [939.0, 753.0, 939.3545532226562, 753.0484008789062, 938.0, 754.3333129882812, 938.0, 754.0], [938.0, 754.0, 938.0, 753.6666870117188, 937.02880859375, 752.8477172851562, 937.0, 753.0], [937.0, 753.0, 936.9757690429688, 753.1280517578125, 935.97119140625, 752.8477172851562, 936.0, 753.0], [936.0, 753.0, 936.0342407226562, 753.1810913085938, 935.668701171875, 754.2422485351562, 935.0, 754.0], [935.0, 754.0, 933.2217407226562, 753.3558349609375, 925.0, 754.0, 925.0, 754.0]], "color_group_id": 0}, {"segments": [[992.0, 685.0, 992.0, 685.0, 991.8477172851562, 686.02880859375, 992.0, 686.0], [992.0, 686.0, 992.1810913085938, 685.9657592773438, 993.2481689453125, 686.2258911132812, 993.0, 687.0], [993.0, 687.0, 992.2771606445312, 689.2549438476562, 993.2481689453125, 699.7741088867188, 993.0, 699.0], [993.0, 699.0, 992.914794921875, 698.7342529296875, 991.7824096679688, 699.6389770507812, 992.0, 700.0], [992.0, 700.0, 992.4091796875, 700.6788330078125, 992.2175903320312, 705.3610229492188, 992.0, 705.0], [992.0, 705.0, 991.88427734375, 704.8079833984375, 990.7163696289062, 703.9961547851562, 991.0, 706.0], [991.0, 706.0, 992.6174926757812, 717.4284057617188, 991.5341796875, 754.512451171875, 991.0, 752.0], [991.0, 752.0, 990.8675537109375, 751.3770141601562, 988.4382934570312, 750.3106689453125, 989.0, 754.0], [989.0, 754.0, 992.0059204101562, 773.7430419921875, 989.29443359375, 837.8568115234375, 989.0, 835.0], [989.0, 835.0, 988.9611206054688, 834.6224975585938, 987.7127075195312, 833.7537231445312, 988.0, 836.0], [988.0, 836.0, 989.79150390625, 850.00830078125, 987.7127075195312, 893.2462768554688, 988.0, 891.0], [988.0, 891.0, 988.0460815429688, 890.6398315429688, 989.2864990234375, 889.805908203125, 989.0, 892.0], [989.0, 892.0, 987.2459106445312, 905.4319458007812, 988.7135009765625, 947.194091796875, 989.0, 945.0], [989.0, 945.0, 989.0468139648438, 944.6416015625, 990.2781982421875, 944.293212890625, 990.0, 946.0], [990.0, 946.0, 988.5963745117188, 954.6113891601562, 989.7218017578125, 983.706787109375, 990.0, 982.0], [990.0, 982.0, 990.0551147460938, 981.6616821289062, 991.2090454101562, 982.7118530273438, 991.0, 983.0], [991.0, 983.0, 990.6484375, 983.484619140625, 990.7909545898438, 987.2881469726562, 991.0, 987.0], [991.0, 987.0, 991.124267578125, 986.8286743164062, 992.2175903320312, 987.6389770507812, 992.0, 988.0], [992.0, 988.0, 991.5908203125, 988.6788330078125, 991.7824096679688, 993.3610229492188, 992.0, 993.0], [992.0, 993.0, 992.11572265625, 992.8079833984375, 993.1976318359375, 993.79052734375, 993.0, 994.0], [993.0, 994.0, 992.712158203125, 994.3050537109375, 992.8023681640625, 997.20947265625, 993.0, 997.0], [993.0, 997.0, 993.1356811523438, 996.856201171875, 994.1976318359375, 997.79052734375, 994.0, 998.0], [994.0, 998.0, 993.712158203125, 998.3050537109375, 993.6617431640625, 1001.1544189453125, 994.0, 1001.0], [994.0, 1001.0, 994.3284301757812, 1000.85009765625, 995.9423828125, 1003.3045043945312, 996.0, 1003.0], [996.0, 1003.0, 996.0484619140625, 1002.743896484375, 998.1234741210938, 1002.8189086914062, 998.0, 1003.0], [998.0, 1003.0, 997.8961791992188, 1003.1522827148438, 998.79052734375, 1004.1976318359375, 999.0, 1004.0], [999.0, 1004.0, 999.3050537109375, 1003.712158203125, 1002.20947265625, 1003.8023681640625, 1002.0, 1004.0], [1002.0, 1004.0, 1001.856201171875, 1004.1356811523438, 1002.7118530273438, 1005.2090454101562, 1003.0, 1005.0], [1003.0, 1005.0, 1003.484619140625, 1004.6484375, 1007.2881469726562, 1004.7909545898438, 1007.0, 1005.0], [1007.0, 1005.0, 1006.8286743164062, 1005.124267578125, 1007.4453125, 1006.2346801757812, 1008.0, 1006.0], [1008.0, 1006.0, 1009.3192138671875, 1005.4418334960938, 1016.5546875, 1005.7653198242188, 1016.0, 1006.0], [1016.0, 1006.0, 1015.7667846679688, 1006.0986938476562, 1014.6024169921875, 1007.289306640625, 1017.0, 1007.0], [1017.0, 1007.0, 1032.74658203125, 1005.10009765625, 1080.3975830078125, 1007.289306640625, 1078.0, 1007.0], [1078.0, 1007.0, 1077.6348876953125, 1006.9559326171875, 1078.57080078125, 1005.775634765625, 1079.0, 1006.0], [1079.0, 1006.0, 1079.8841552734375, 1006.4622192382812, 1085.42919921875, 1006.224365234375, 1085.0, 1006.0], [1085.0, 1006.0, 1084.7916259765625, 1005.8910522460938, 1085.7119140625, 1004.7909545898438, 1086.0, 1005.0], [1086.0, 1005.0, 1086.484619140625, 1005.3515625, 1090.2880859375, 1005.2090454101562, 1090.0, 1005.0], [1090.0, 1005.0, 1089.82861328125, 1004.875732421875, 1090.8765869140625, 1003.8189086914062, 1091.0, 1004.0], [1091.0, 1004.0, 1091.1468505859375, 1004.21533203125, 1093.1234130859375, 1004.1810913085938, 1093.0, 1004.0], [1093.0, 1004.0, 1092.896240234375, 1003.8477172851562, 1093.8765869140625, 1002.8189086914062, 1094.0, 1003.0], [1094.0, 1003.0, 1094.1468505859375, 1003.21533203125, 1096.0576171875, 1003.3045043945312, 1096.0, 1003.0], [1096.0, 1003.0, 1095.9315185546875, 1002.6378784179688, 1098.3045654296875, 1001.0576171875, 1098.0, 1001.0], [1098.0, 1001.0, 1097.743896484375, 1000.9515380859375, 1097.8189697265625, 998.8765258789062, 1098.0, 999.0], [1098.0, 999.0, 1098.1522216796875, 999.1038208007812, 1099.208984375, 998.2881469726562, 1099.0, 998.0], [1099.0, 998.0, 1098.6484375, 997.515380859375, 1098.791015625, 993.7118530273438, 1099.0, 994.0], [1099.0, 994.0, 1099.124267578125, 994.1713256835938, 1100.1522216796875, 993.02880859375, 1100.0, 993.0], [1100.0, 993.0, 1099.8719482421875, 992.9757690429688, 1099.8477783203125, 991.97119140625, 1100.0, 992.0], [1100.0, 992.0, 1100.1810302734375, 992.0342407226562, 1101.224365234375, 991.4292602539062, 1101.0, 991.0], [1101.0, 991.0, 1100.537841796875, 990.1158447265625, 1100.775634765625, 984.5707397460938, 1101.0, 985.0], [1101.0, 985.0, 1101.10888671875, 985.2083740234375, 1102.2586669921875, 985.0098266601562, 1102.0, 984.0], [1102.0, 984.0, 1101.10302734375, 980.4988403320312, 1101.7413330078125, 965.9901733398438, 1102.0, 967.0], [1102.0, 967.0, 1102.0745849609375, 967.291259765625, 1103.265869140625, 967.2173461914062, 1103.0, 966.0], [1103.0, 966.0, 1101.951171875, 961.19873046875, 1102.734130859375, 942.7826538085938, 1103.0, 944.0], [1103.0, 944.0, 1103.0673828125, 944.3086547851562, 1104.2864990234375, 945.194091796875, 1104.0, 943.0], [1104.0, 943.0, 1102.2459716796875, 929.5680541992188, 1104.2864990234375, 887.805908203125, 1104.0, 890.0], [1104.0, 890.0, 1103.9532470703125, 890.3583984375, 1102.73291015625, 890.2562255859375, 1103.0, 889.0], [1103.0, 889.0, 1104.0771484375, 883.933837890625, 1103.26708984375, 864.7437744140625, 1103.0, 866.0], [1103.0, 866.0, 1102.9337158203125, 866.3115234375, 1101.73291015625, 866.2562255859375, 1102.0, 865.0], [1102.0, 865.0, 1103.0771484375, 859.933837890625, 1102.26708984375, 