{"version": 15, "source_image": "Luculine.otf", "width": 2048, "height": 2048, "vector_format": "bezier_cubic", "strokes": [{"segments": [[1069.0, 685.0, 1069.0, 685.0, 1068.8477783203125, 686.02880859375, 1069.0, 686.0], [1069.0, 686.0, 1069.1810302734375, 685.9657592773438, 1070.2481689453125, 686.2258911132812, 1070.0, 687.0], [1070.0, 687.0, 1069.2772216796875, 689.2549438476562, 1070.2481689453125, 699.7741088867188, 1070.0, 699.0], [1070.0, 699.0, 1069.914794921875, 698.7342529296875, 1068.722412109375, 698.3248901367188, 1069.0, 700.0], [1069.0, 700.0, 1070.3807373046875, 708.3333129882812, 1069.277587890625, 736.6751098632812, 1069.0, 735.0], [1069.0, 735.0, 1068.9442138671875, 734.6632690429688, 1067.724609375, 734.4225463867188, 1068.0, 736.0], [1068.0, 736.0, 1069.3101806640625, 743.5036010742188, 1067.724609375, 769.5774536132812, 1068.0, 768.0], [1068.0, 768.0, 1068.057861328125, 767.6683959960938, 1069.2835693359375, 766.9961547851562, 1069.0, 769.0], [1069.0, 769.0, 1067.382568359375, 780.4284057617188, 1068.7164306640625, 817.0038452148438, 1069.0, 815.0], [1069.0, 815.0, 1069.0496826171875, 814.6486206054688, 1070.2633056640625, 814.8629150390625, 1070.0, 816.0], [1070.0, 816.0, 1069.009765625, 820.2760620117188, 1069.7366943359375, 837.1370849609375, 1070.0, 836.0], [1070.0, 836.0, 1070.070068359375, 835.6976318359375, 1071.2550048828125, 836.0804443359375, 1071.0, 837.0], [1071.0, 837.0, 1070.16943359375, 839.9948120117188, 1070.7449951171875, 852.9195556640625, 1071.0, 852.0], [1071.0, 852.0, 1071.0782470703125, 851.7176513671875, 1072.2569580078125, 852.0347290039062, 1072.0, 853.0], [1072.0, 853.0, 1071.1357421875, 856.246826171875, 1071.7430419921875, 869.9652709960938, 1072.0, 869.0], [1072.0, 869.0, 1072.076416015625, 868.7130126953125, 1073.265869140625, 868.7826538085938, 1073.0, 870.0], [1073.0, 870.0, 1071.951171875, 874.80126953125, 1072.734130859375, 893.2173461914062, 1073.0, 892.0], [1073.0, 892.0, 1073.0673828125, 891.6913452148438, 1074.2618408203125, 891.9043579101562, 1074.0, 893.0], [1074.0, 893.0, 1073.0400390625, 897.0159301757812, 1073.7381591796875, 913.0956420898438, 1074.0, 912.0], [1074.0, 912.0, 1074.0714111328125, 911.7011108398438, 1075.2811279296875, 911.1405029296875, 1075.0, 913.0], [1075.0, 913.0, 1073.486328125, 923.0123291015625, 1075.2811279296875, 955.8594970703125, 1075.0, 954.0], [1075.0, 954.0, 1074.94775390625, 953.6546630859375, 1073.734130859375, 953.7826538085938, 1074.0, 955.0], [1074.0, 955.0, 1075.048828125, 959.80126953125, 1074.265869140625, 978.2173461914062, 1074.0, 977.0], [1074.0, 977.0, 1073.9326171875, 976.6913452148438, 1072.7823486328125, 977.6389770507812, 1073.0, 978.0], [1073.0, 978.0, 1073.4091796875, 978.6788330078125, 1073.2176513671875, 983.3610229492188, 1073.0, 983.0], [1073.0, 983.0, 1072.88427734375, 982.8079833984375, 1071.76123046875, 983.3870849609375, 1072.0, 984.0], [1072.0, 984.0, 1072.6021728515625, 985.5462036132812, 1072.23876953125, 993.6129150390625, 1072.0, 993.0], [1072.0, 993.0, 1071.9053955078125, 992.7570190429688, 1070.8189697265625, 993.8765258789062, 1071.0, 994.0], [1071.0, 994.0, 1071.21533203125, 994.1467895507812, 1071.1810302734375, 996.1234741210938, 1071.0, 996.0], [1071.0, 996.0, 1070.8477783203125, 995.8961791992188, 1069.7823486328125, 996.6389770507812, 1070.0, 997.0], [1070.0, 997.0, 1070.4091796875, 997.6788330078125, 1070.3804931640625, 1002.3349609375, 1070.0, 1002.0], [1070.0, 1002.0, 1069.7138671875, 1001.7481079101562, 1067.6617431640625, 1003.8455810546875, 1068.0, 1004.0], [1068.0, 1004.0, 1068.348388671875, 1004.1589965820312, 1068.3382568359375, 1007.1544189453125, 1068.0, 1007.0], [1068.0, 1007.0, 1067.671630859375, 1006.85009765625, 1066.0576171875, 1009.3045043945312, 1066.0, 1009.0], [1066.0, 1009.0, 1065.9515380859375, 1008.743896484375, 1063.8765869140625, 1008.8189086914062, 1064.0, 1009.0], [1064.0, 1009.0, 1064.103759765625, 1009.1522827148438, 1063.2880859375, 1010.2090454101562, 1063.0, 1010.0], [1063.0, 1010.0, 1062.515380859375, 1009.6484375, 1058.7119140625, 1009.7909545898438, 1059.0, 1010.0], [1059.0, 1010.0, 1059.17138671875, 1010.124267578125, 1058.361083984375, 1011.2175903320312, 1058.0, 1011.0], [1058.0, 1011.0, 1057.3211669921875, 1010.5908203125, 1052.638916015625, 1010.7824096679688, 1053.0, 1011.0], [1053.0, 1011.0, 1053.1920166015625, 1011.11572265625, 1052.6129150390625, 1012.2387084960938, 1052.0, 1012.0], [1052.0, 1012.0, 1050.453857421875, 1011.3978271484375, 1042.3870849609375, 1011.7612915039062, 1043.0, 1012.0], [1043.0, 1012.0, 1043.242919921875, 1012.0946044921875, 1042.42919921875, 1013.224365234375, 1042.0, 1013.0], [1042.0, 1013.0, 1041.1158447265625, 1012.5377807617188, 1035.57080078125, 1013.224365234375, 1036.0, 1013.0], [1036.0, 1013.0, 1036.2083740234375, 1012.8910522460938, 1036.29443359375, 1011.7317504882812, 1035.0, 1012.0], [1035.0, 1012.0, 1029.6676025390625, 1013.10498046875, 1009.70556640625, 1012.2682495117188, 1011.0, 1012.0], [1011.0, 1012.0, 1011.314208984375, 1011.9348754882812, 1010.4292602539062, 1010.775634765625, 1010.0, 1011.0], [1010.0, 1011.0, 1009.1158447265625, 1011.4622192382812, 1003.5707397460938, 1011.224365234375, 1004.0, 1011.0], [1004.0, 1011.0, 1004.2083740234375, 1010.8910522460938, 1003.7223510742188, 1009.754638671875, 1003.0, 1010.0], [1003.0, 1010.0, 1000.9853515625, 1010.6842651367188, 991.2776489257812, 1010.245361328125, 992.0, 1010.0], [992.0, 1010.0, 992.259033203125, 1009.9120483398438, 991.4935913085938, 1008.77001953125, 991.0, 1009.0], [991.0, 1009.0, 989.90185546875, 1009.5116577148438, 983.5064086914062, 1009.22998046875, 984.0, 1009.0], [984.0, 1009.0, 984.2218627929688, 1008.8966064453125, 983.1234741210938, 1007.8189086914062, 983.0, 1008.0], [983.0, 1008.0, 982.8532104492188, 1008.21533203125, 980.8765258789062, 1008.1810913085938, 981.0, 1008.0], [981.0, 1008.0, 981.1038208007812, 1007.8477172851562, 980.3610229492188, 1006.7824096679688, 980.0, 1007.0], [980.0, 1007.0, 979.3211669921875, 1007.4091796875, 974.6389770507812, 1007.2175903320312, 975.0, 1007.0], [975.0, 1007.0, 975.1920166015625, 1006.88427734375, 974.1234741210938, 1005.8189086914062, 974.0, 1006.0], [974.0, 1006.0, 973.8532104492188, 1006.21533203125, 971.8765258789062, 1006.1810913085938, 972.0, 1006.0], [972.0, 1006.0, 972.1038208007812, 1005.8477172851562, 971.02880859375, 1004.8477172851562, 971.0, 1005.0], [971.0, 1005.0, 970.9757690429688, 1005.1280517578125, 969.97119140625, 1005.1522827148438, 970.0, 1005.0], [970.0, 1005.0, 970.0342407226562, 1004.8189086914062, 969.1234741210938, 1003.8189086914062, 969.0, 1004.0], [969.0, 1004.0, 968.8532104492188, 1004.21533203125, 966.9423828125, 1004.3045043945312, 967.0, 1004.0], [967.0, 1004.0, 967.0685424804688, 1003.6378784179688, 964.6954956054688, 1002.0576171875, 965.0, 1002.0], [965.0, 1002.0, 965.256103515625, 1001.9515380859375, 965.1810913085938, 999.8765258789062, 965.0, 1000.0], [965.0, 1000.0, 964.8477172851562, 1000.1038208007812, 963.8189086914062, 999.1234741210938, 964.0, 999.0], [964.0, 999.0, 964.21533203125, 998.8532104492188, 964.1810913085938, 996.8765258789062, 964.0, 997.0], [964.0, 997.0, 963.8477172851562, 997.1038208007812, 962.8023681640625, 996.20947265625, 963.0, 996.0], [963.0, 996.0, 963.287841796875, 995.6949462890625, 963.1976318359375, 992.79052734375, 963.0, 993.0], [963.0, 993.0, 962.8643188476562, 993.143798828125, 961.7824096679688, 992.3610229492188, 962.0, 992.0], [962.0, 992.0, 962.4091796875, 991.3211669921875, 962.2175903320312, 986.6389770507812, 962.0, 987.0], [962.0, 987.0, 961.88427734375, 987.1920166015625, 960.7218017578125, 987.706787109375, 961.0, 986.0], [961.0, 986.0, 962.4036254882812, 977.3886108398438, 961.2781982421875, 948.293212890625, 961.0, 950.0], [961.0, 950.0, 960.9448852539062, 950.3383178710938, 959.7296752929688, 950.3687133789062, 960.0, 949.0], [960.0, 949.0, 961.158935546875, 943.1312866210938, 960.2703247070312, 921.6312866210938, 960.0, 923.0], 