{"version": 15, "source_image": "Luculine.otf", "width": 2048, "height": 2048, "vector_format": "bezier_cubic", "strokes": [{"segments": [[908.0, 688.0, 908.0, 688.0, 906.7612915039062, 688.3870849609375, 907.0, 689.0], [907.0, 689.0, 907.6021728515625, 690.5462036132812, 906.7612915039062, 698.6129150390625, 907.0, 698.0], [907.0, 698.0, 907.0946044921875, 697.7570190429688, 908.1976318359375, 698.79052734375, 908.0, 699.0], [908.0, 699.0, 907.712158203125, 699.3050537109375, 907.8023681640625, 702.20947265625, 908.0, 702.0], [908.0, 702.0, 908.1356811523438, 701.856201171875, 909.2550048828125, 702.0804443359375, 909.0, 703.0], [909.0, 703.0, 908.16943359375, 705.9948120117188, 908.7449951171875, 718.9195556640625, 909.0, 718.0], [909.0, 718.0, 909.0783081054688, 717.7176513671875, 910.2659301757812, 717.7826538085938, 910.0, 719.0], [910.0, 719.0, 908.951171875, 723.80126953125, 909.7340698242188, 742.2173461914062, 910.0, 741.0], [910.0, 741.0, 910.0674438476562, 740.6913452148438, 911.284912109375, 739.9130859375, 911.0, 742.0], [911.0, 742.0, 909.3228149414062, 754.2843017578125, 911.284912109375, 793.0869140625, 911.0, 791.0], [911.0, 791.0, 910.9515991210938, 790.6454467773438, 909.73291015625, 790.7437744140625, 910.0, 792.0], [910.0, 792.0, 911.0771484375, 797.066162109375, 910.26708984375, 816.2562255859375, 910.0, 815.0], [910.0, 815.0, 909.9337768554688, 814.6884765625, 908.7296752929688, 814.6312866210938, 909.0, 816.0], [909.0, 816.0, 910.158935546875, 821.8687133789062, 909.2703247070312, 843.3687133789062, 909.0, 842.0], [909.0, 842.0, 908.9369506835938, 841.6807861328125, 907.7396240234375, 841.94677734375, 908.0, 843.0], [908.0, 843.0, 908.9288330078125, 846.757568359375, 908.2603759765625, 862.05322265625, 908.0, 861.0], [908.0, 861.0, 907.927001953125, 860.7047729492188, 906.7430419921875, 861.0347290039062, 907.0, 862.0], [907.0, 862.0, 907.8642578125, 865.246826171875, 907.2569580078125, 878.9652709960938, 907.0, 878.0], [907.0, 878.0, 906.923583984375, 877.7130126953125, 905.7449951171875, 878.0804443359375, 906.0, 879.0], [906.0, 879.0, 906.83056640625, 881.9948120117188, 906.2550048828125, 894.9195556640625, 906.0, 894.0], [906.0, 894.0, 905.9216918945312, 893.7176513671875, 904.7449951171875, 894.0804443359375, 905.0, 895.0], [905.0, 895.0, 905.83056640625, 897.9948120117188, 905.2550048828125, 910.9195556640625, 905.0, 910.0], [905.0, 910.0, 904.9216918945312, 909.7176513671875, 903.7449951171875, 910.0804443359375, 904.0, 911.0], [904.0, 911.0, 904.83056640625, 913.9948120117188, 904.2550048828125, 926.9195556640625, 904.0, 926.0], [904.0, 926.0, 903.9216918945312, 925.7176513671875, 902.7430419921875, 926.0347290039062, 903.0, 927.0], [903.0, 927.0, 903.8642578125, 930.246826171875, 903.2569580078125, 943.9652709960938, 903.0, 943.0], [903.0, 943.0, 902.923583984375, 942.7130126953125, 901.7205810546875, 942.2310180664062, 902.0, 944.0], [902.0, 944.0, 903.4484252929688, 953.1697998046875, 901.7205810546875, 983.7689819335938, 902.0, 982.0], [902.0, 982.0, 902.0538940429688, 981.6587524414062, 903.2090454101562, 982.7118530273438, 903.0, 983.0], [903.0, 983.0, 902.6484375, 983.484619140625, 902.7909545898438, 987.2881469726562, 903.0, 987.0], [903.0, 987.0, 903.124267578125, 986.8286743164062, 904.1976318359375, 987.79052734375, 904.0, 988.0], [904.0, 988.0, 903.712158203125, 988.3050537109375, 903.8023681640625, 991.20947265625, 904.0, 991.0], [904.0, 991.0, 904.1356811523438, 990.856201171875, 905.1522827148438, 991.97119140625, 905.0, 992.0], [905.0, 992.0, 904.8719482421875, 992.0242309570312, 904.8477172851562, 993.02880859375, 905.0, 993.0], [905.0, 993.0, 905.1810913085938, 992.9657592773438, 905.79052734375, 994.1976318359375, 906.0, 994.0], [906.0, 994.0, 906.3050537109375, 993.712158203125, 909.20947265625, 993.8023681640625, 909.0, 994.0], [909.0, 994.0, 908.856201171875, 994.1356811523438, 909.79052734375, 995.1976318359375, 910.0, 995.0], [910.0, 995.0, 910.3050537109375, 994.712158203125, 913.20947265625, 994.8023681640625, 913.0, 995.0], [913.0, 995.0, 912.856201171875, 995.1356811523438, 913.7118530273438, 996.2090454101562, 914.0, 996.0], [914.0, 996.0, 914.484619140625, 995.6484375, 918.2881469726562, 995.7909545898438, 918.0, 996.0], [918.0, 996.0, 917.8286743164062, 996.124267578125, 917.5595092773438, 997.2721557617188, 919.0, 997.0], [919.0, 997.0, 925.4096069335938, 995.7889404296875, 948.4404907226562, 997.2721557617188, 947.0, 997.0], [947.0, 997.0, 946.67626953125, 996.9388427734375, 946.8223876953125, 995.7353515625, 948.0, 996.0], [948.0, 996.0, 952.5379028320312, 997.0198364257812, 970.1776123046875, 996.2646484375, 969.0, 996.0], [969.0, 996.0, 968.6943969726562, 995.9313354492188, 969.5064086914062, 994.77001953125, 970.0, 995.0], [970.0, 995.0, 971.09814453125, 995.5116577148438, 977.4935913085938, 995.22998046875, 977.0, 995.0], [977.0, 995.0, 976.7781372070312, 994.8966064453125, 977.79052734375, 993.8023681640625, 978.0, 994.0], [978.0, 994.0, 978.3050537109375, 994.287841796875, 981.20947265625, 994.1976318359375, 981.0, 994.0], [981.0, 994.0, 980.856201171875, 993.8643188476562, 981.8765258789062, 992.8189086914062, 982.0, 993.0], [982.0, 993.0, 982.1467895507812, 993.21533203125, 984.1234741210938, 993.1810913085938, 984.0, 993.0], [984.0, 993.0, 983.8961791992188, 992.8477172851562, 983.6680908203125, 991.730712890625, 985.0, 992.0], [985.0, 992.0, 990.5999145507812, 993.1322021484375, 1011.78271484375, 992.903564453125, 1010.0, 992.0], [1010.0, 992.0, 1009.1519775390625, 991.5701904296875, 1014.6461181640625, 988.2129516601562, 1014.0, 988.0], [1014.0, 988.0, 1013.392578125, 987.7998046875, 1013.7824096679688, 982.6389770507812, 1014.0, 983.0], [1014.0, 983.0, 1014.11572265625, 983.1920166015625, 1015.271240234375, 983.4049072265625, 1015.0, 982.0], [1015.0, 982.0, 1013.8147583007812, 975.8613891601562, 1014.728759765625, 953.5950927734375, 1015.0, 955.0], [1015.0, 955.0, 1015.0620727539062, 955.321533203125, 1016.2481689453125, 954.7741088867188, 1016.0, 954.0], [1016.0, 954.0, 1015.2771606445312, 951.7450561523438, 1015.7518310546875, 941.2258911132812, 1016.0, 942.0], [1016.0, 942.0, 1016.085205078125, 942.2657470703125, 1017.2550048828125, 941.9195556640625, 1017.0, 941.0], [1017.0, 941.0, 1016.16943359375, 938.0051879882812, 1016.7449951171875, 925.0804443359375, 1017.0, 926.0], [1017.0, 926.0, 1017.0783081054688, 926.2823486328125, 1018.2506713867188, 925.8240966796875, 1018.0, 925.0], [1018.0, 925.0, 1017.2400512695312, 922.5014038085938, 1017.7493286132812, 911.1759033203125, 1018.0, 912.0], [1018.0, 912.0, 1018.0827026367188, 912.2717895507812, 1019.245361328125, 911.7223510742188, 1019.0, 911.0], [1019.0, 911.0, 1018.3157348632812, 908.9853515625, 1018.754638671875, 899.2776489257812, 1019.0, 900.0], [1019.0, 900.0, 1019.0879516601562, 900.259033203125, 1020.245361328125, 899.7223510742188, 1020.0, 899.0], [1020.0, 899.0, 1019.3157348632812, 896.9853515625, 1019.754638671875, 887.2776489257812, 1020.0, 888.0], [1020.0, 888.0, 1020.0879516601562, 888.259033203125, 1021.2422485351562, 887.668701171875, 1021.0, 887.0], [1021.0, 887.0, 1020.3558349609375, 885.2217407226562, 1020.7577514648438, 876.331298828125, 1021.0, 877.0], [1021.0, 877.0, 1021.0911254882812, 877.25146484375, 1022.2422485351562, 876.668701171875, 1022.0, 876.0], [1022.0, 876.0, 1021.3558349609375, 874.2217407226562, 1021.7577514648438, 865.331298828125, 1022.0, 866.0], [1022.0, 866.0, 1022.0911254882812, 866.25146484375, 1023.2387084960938, 865.6129150390625, 1023.0, 865.0], [1023.0, 865.0, 1022.3978271484375, 863.4537963867188, 1022.7612915039062, 855.3870849609375, 1023.0, 856.0], [1023.0, 856.0, 1023.0946044921875, 856.2429809570312, 1024.245361328125, 855.7223510742188, 1024.0, 855.0], [1024.0, 855.0, 1023.3157348632812, 852.9853515625, 1023.754638671875, 843.2776489257812, 1024.0, 844.0], [1024.0, 844.0, 1024.0880126953125, 844.259033203125, 1025.2421875, 843.668701171875, 1025.0, 843.0], [1025.0, 