{"version": 15, "source_image": "Luculine.otf", "width": 2048, "height": 2048, "vector_format": "bezier_cubic", "strokes": [{"segments": [[1075.0, 674.0, 1075.0, 674.0, 1075.23876953125, 683.6129150390625, 1075.0, 683.0], [1075.0, 683.0, 1074.9053955078125, 682.7570190429688, 1073.724609375, 682.4225463867188, 1074.0, 684.0], [1074.0, 684.0, 1075.3101806640625, 691.5036010742188, 1074.275390625, 717.5774536132812, 1074.0, 716.0], [1074.0, 716.0, 1073.942138671875, 715.6683959960938, 1072.724609375, 715.4225463867188, 1073.0, 717.0], [1073.0, 717.0, 1074.3101806640625, 724.5036010742188, 1073.275390625, 750.5774536132812, 1073.0, 749.0], [1073.0, 749.0, 1072.942138671875, 748.6683959960938, 1071.7178955078125, 748.081787109375, 1072.0, 750.0], [1072.0, 750.0, 1073.555908203125, 760.5770874023438, 1072.2821044921875, 794.918212890625, 1072.0, 793.0], [1072.0, 793.0, 1071.9488525390625, 792.6521606445312, 1070.7578125, 793.331298828125, 1071.0, 794.0], [1071.0, 794.0, 1071.6441650390625, 795.7782592773438, 1071.2421875, 804.668701171875, 1071.0, 804.0], [1071.0, 804.0, 1070.908935546875, 803.74853515625, 1069.728759765625, 803.5950927734375, 1070.0, 805.0], [1070.0, 805.0, 1071.1851806640625, 811.1386108398438, 1070.271240234375, 833.4049072265625, 1070.0, 832.0], [1070.0, 832.0, 1069.9378662109375, 831.678466796875, 1068.765380859375, 832.4453125, 1069.0, 833.0], [1069.0, 833.0, 1069.55810546875, 834.3192138671875, 1069.4180908203125, 841.5762939453125, 1069.0, 841.0], [1069.0, 841.0, 1068.75146484375, 840.6573486328125, 1067.2469482421875, 843.3621215820312, 1067.0, 843.0], [1067.0, 843.0, 1066.7064208984375, 842.5693359375, 1062.7119140625, 842.7909545898438, 1063.0, 843.0], [1063.0, 843.0, 1063.17138671875, 843.124267578125, 1062.7740478515625, 844.2481689453125, 1062.0, 844.0], [1062.0, 844.0, 1059.7451171875, 843.2771606445312, 1049.2259521484375, 843.7518310546875, 1050.0, 844.0], [1050.0, 844.0, 1050.2657470703125, 844.085205078125, 1050.1370849609375, 845.2633056640625, 1049.0, 845.0], [1049.0, 845.0, 1044.723876953125, 844.009765625, 1027.8629150390625, 844.7366943359375, 1029.0, 845.0], [1029.0, 845.0, 1029.3023681640625, 845.0700073242188, 1028.8240966796875, 846.2506713867188, 1028.0, 846.0], [1028.0, 846.0, 1025.5013427734375, 845.2400512695312, 1014.1759033203125, 845.7493286132812, 1015.0, 846.0], [1015.0, 846.0, 1015.2717895507812, 846.0827026367188, 1015.1370849609375, 847.2633056640625, 1014.0, 847.0], [1014.0, 847.0, 1009.7239379882812, 846.009765625, 992.8629150390625, 847.2633056640625, 994.0, 847.0], [994.0, 847.0, 994.3023681640625, 846.9299926757812, 993.7223510742188, 845.754638671875, 993.0, 846.0], [993.0, 846.0, 990.9853515625, 846.6842651367188, 981.2776489257812, 846.245361328125, 982.0, 846.0], [982.0, 846.0, 982.259033203125, 845.9120483398438, 981.4292602539062, 844.775634765625, 981.0, 845.0], [981.0, 845.0, 980.1158447265625, 845.4622192382812, 974.5707397460938, 845.224365234375, 975.0, 845.0], [975.0, 845.0, 975.2083740234375, 844.8910522460938, 974.3610229492188, 843.7824096679688, 974.0, 844.0], [974.0, 844.0, 973.3211669921875, 844.4091796875, 968.6389770507812, 844.2175903320312, 969.0, 844.0], [969.0, 844.0, 969.1920166015625, 843.88427734375, 968.20947265625, 842.8023681640625, 968.0, 843.0], [968.0, 843.0, 967.6949462890625, 843.287841796875, 964.79052734375, 843.1976318359375, 965.0, 843.0], [965.0, 843.0, 965.143798828125, 842.8643188476562, 964.02880859375, 841.8477172851562, 964.0, 842.0], [964.0, 842.0, 963.9757690429688, 842.1280517578125, 962.97119140625, 842.1522827148438, 963.0, 842.0], [963.0, 842.0, 963.0342407226562, 841.8189086914062, 962.02880859375, 840.8477172851562, 962.0, 841.0], [962.0, 841.0, 961.9757690429688, 841.1280517578125, 961.1024169921875, 841.3268432617188, 961.0, 841.0], [961.0, 841.0, 960.7890014648438, 840.3268432617188, 957.5928955078125, 837.9881591796875, 958.0, 838.0], [958.0, 838.0, 958.2794799804688, 838.0081176757812, 958.1810913085938, 835.8765258789062, 958.0, 836.0], [958.0, 836.0, 957.8477172851562, 836.1038208007812, 956.8189086914062, 835.1234741210938, 957.0, 835.0], [957.0, 835.0, 957.21533203125, 834.8532104492188, 957.1810913085938, 832.8765258789062, 957.0, 833.0], [957.0, 833.0, 956.8477172851562, 833.1038208007812, 955.7909545898438, 832.2881469726562, 956.0, 832.0], [956.0, 832.0, 956.3515625, 831.515380859375, 956.2090454101562, 827.7118530273438, 956.0, 828.0], [956.0, 828.0, 955.875732421875, 828.1713256835938, 954.7824096679688, 827.3610229492188, 955.0, 827.0], [955.0, 827.0, 955.4091796875, 826.3211669921875, 955.2175903320312, 821.6389770507812, 955.0, 822.0], [955.0, 822.0, 954.88427734375, 822.1920166015625, 953.7470703125, 821.87255859375, 954.0, 821.0], [954.0, 821.0, 954.7958374023438, 818.254638671875, 954.2529296875, 806.12744140625, 954.0, 807.0], [954.0, 807.0, 953.9196166992188, 807.27734375, 952.7653198242188, 806.5546875, 953.0, 806.0], [953.0, 806.0, 953.5581665039062, 804.6807861328125, 952.7653198242188, 797.4453125, 953.0, 798.0], [953.0, 798.0, 953.0986938476562, 798.2332153320312, 954.2864990234375, 799.194091796875, 954.0, 797.0], [954.0, 797.0, 952.2459106445312, 783.5680541992188, 953.7135009765625, 741.805908203125, 954.0, 744.0], [954.0, 744.0, 954.0468139648438, 744.3583984375, 955.2550048828125, 743.9195556640625, 955.0, 743.0], [955.0, 743.0, 954.16943359375, 740.0051879882812, 954.7449951171875, 727.0804443359375, 955.0, 728.0], [955.0, 728.0, 955.0783081054688, 728.2823486328125, 956.2506713867188, 727.8240966796875, 956.0, 727.0], [956.0, 727.0, 955.2400512695312, 724.5014038085938, 955.7493286132812, 713.1759033203125, 956.0, 714.0], [956.0, 714.0, 956.0827026367188, 714.2717895507812, 957.2422485351562, 713.668701171875, 957.0, 713.0], [957.0, 713.0, 956.3558349609375, 711.2217407226562, 956.7577514648438, 702.331298828125, 957.0, 703.0], [957.0, 703.0, 957.0911254882812, 703.25146484375, 958.245361328125, 702.7223510742188, 958.0, 702.0], [958.0, 702.0, 957.3157348632812, 699.9853515625, 957.754638671875, 690.2776489257812, 958.0, 691.0], [958.0, 691.0, 958.0879516601562, 691.259033203125, 959.0, 690.0, 959.0, 690.0]],