{"version": 15, "source_image": "Luculine.otf", "width": 2048, "height": 2048, "vector_format": "bezier_cubic", "strokes": [{"segments": [[1033.0, 499.0, 1033.0, 499.0, 1032.02880859375, 500.1522521972656, 1032.0, 500.0], [1032.0, 500.0, 1031.975830078125, 499.8719482421875, 1031.1024169921875, 499.6731872558594, 1031.0, 500.0], [1031.0, 500.0, 1030.7890625, 500.6731872558594, 1027.8975830078125, 503.3268127441406, 1028.0, 503.0], [1028.0, 503.0, 1028.0496826171875, 502.8413391113281, 1027.262939453125, 502.4888916015625, 1027.0, 503.0], [1027.0, 503.0, 1026.2340087890625, 504.4888916015625, 1020.4888916015625, 509.2629699707031, 1021.0, 509.0], [1021.0, 509.0, 1021.1754760742188, 508.90972900390625, 1021.3268432617188, 509.8975830078125, 1021.0, 510.0], [1021.0, 510.0, 1020.3268432617188, 510.2109680175781, 1017.6731567382812, 513.1024169921875, 1018.0, 513.0], [1018.0, 513.0, 1018.15869140625, 512.9502563476562, 1018.2485961914062, 513.96044921875, 1018.0, 514.0], [1018.0, 514.0, 1017.5819091796875, 514.0665283203125, 1015.7514038085938, 516.03955078125, 1016.0, 516.0], [1016.0, 516.0, 1016.1478271484375, 515.9765014648438, 1016.1522827148438, 517.02880859375, 1016.0, 517.0], [1016.0, 517.0, 1015.8189086914062, 516.9657592773438, 1014.8477172851562, 517.97119140625, 1015.0, 518.0], [1015.0, 518.0, 1015.1280517578125, 518.0242309570312, 1015.1522827148438, 519.02880859375, 1015.0, 519.0], [1015.0, 519.0, 1014.8189086914062, 518.9657592773438, 1013.8477172851562, 519.97119140625, 1014.0, 520.0], [1014.0, 520.0, 1014.1280517578125, 520.0242309570312, 1014.1522827148438, 521.02880859375, 1014.0, 521.0], [1014.0, 521.0, 1013.8189086914062, 520.9657592773438, 1012.8477172851562, 521.97119140625, 1013.0, 522.0], [1013.0, 522.0, 1013.1280517578125, 522.0242309570312, 1013.1522827148438, 523.02880859375, 1013.0, 523.0], [1013.0, 523.0, 1012.8189086914062, 522.9657592773438, 1011.8477172851562, 523.97119140625, 1012.0, 524.0], [1012.0, 524.0, 1012.1280517578125, 524.0242309570312, 1012.1522827148438, 525.02880859375, 1012.0, 525.0], [1012.0, 525.0, 1011.8189086914062, 524.9657592773438, 1010.8023681640625, 525.79052734375, 1011.0, 526.0], [1011.0, 526.0, 1011.287841796875, 526.3050537109375, 1011.1976318359375, 529.20947265625, 1011.0, 529.0], [1011.0, 529.0, 1010.8643188476562, 528.856201171875, 1009.8023681640625, 529.79052734375, 1010.0, 530.0], [1010.0, 530.0, 1010.287841796875, 530.3050537109375, 1010.1976318359375, 533.20947265625, 1010.0, 533.0], [1010.0, 533.0, 1009.8643188476562, 532.856201171875, 1008.8477172851562, 533.97119140625, 1009.0, 534.0], [1009.0, 534.0, 1009.1280517578125, 534.0242309570312, 1009.1522827148438, 535.02880859375, 1009.0, 535.0], [1009.0, 535.0, 1008.8189086914062, 534.9657592773438, 1007.7824096679688, 535.6389770507812, 1008.0, 536.0], [1008.0, 536.0, 1008.4091796875, 536.6788330078125, 1008.2175903320312, 541.3610229492188, 1008.0, 541.0], [1008.0, 541.0, 1007.88427734375, 540.8079833984375, 1006.7909545898438, 541.7118530273438, 1007.0, 542.0], [1007.0, 542.0, 1007.3515625, 542.484619140625, 1007.2090454101562, 546.2881469726562, 1007.0, 546.0], [1007.0, 546.0, 1006.875732421875, 545.8286743164062, 1005.7653198242188, 546.4453125, 1006.0, 547.0], [1006.0, 547.0, 1006.5581665039062, 548.3192138671875, 1006.2346801757812, 555.5546875, 1006.0, 555.0], [1006.0, 555.0, 1005.9013061523438, 554.7667846679688, 1004.7518310546875, 555.2258911132812, 1005.0, 556.0], [1005.0, 556.0, 1005.7228393554688, 558.2549438476562, 1005.2481689453125, 568.7741088867188, 1005.0, 568.0], [1005.0, 568.0, 1004.914794921875, 567.7342529296875, 1003.7653198242188, 568.4453125, 1004.0, 569.0], [1004.0, 569.0, 1004.5581665039062, 570.3192138671875, 1004.2346801757812, 577.5546875, 1004.0, 577.0], [1004.0, 577.0, 1003.9013061523438, 576.7667846679688, 1002.7064208984375, 575.2302856445312, 1003.0, 578.0], [1003.0, 578.0, 1005.1660766601562, 598.4373168945312, 1002.7064208984375, 657.7697143554688, 1003.0, 655.0], [1003.0, 655.0, 1003.039794921875, 654.6246337890625, 1004.2869262695312, 653.7797241210938, 1004.0, 656.0], [1004.0, 656.0, 1002.2271118164062, 669.7199096679688, 1004.2869262695312, 712.2202758789062, 1004.0, 710.0], [1004.0, 710.0, 1003.9535522460938, 709.6406860351562, 1002.7396240234375, 709.94677734375, 1003.0, 711.0], [1003.0, 711.0, 1003.9288330078125, 714.757568359375, 1003.2603759765625, 730.05322265625, 1003.0, 729.0], [1003.0, 729.0, 1002.927001953125, 728.7047729492188, 1001.7366943359375, 728.8629150390625, 1002.0, 730.0], [1002.0, 730.0, 1002.990234375, 734.2760620117188, 1002.2633056640625, 751.1370849609375, 1002.0, 750.0], [1002.0, 750.0, 1001.9299926757812, 749.6976318359375, 1000.7577514648438, 750.331298828125, 1001.0, 751.0], [1001.0, 751.0, 1001.6441650390625, 752.7782592773438, 1001.2422485351562, 761.668701171875, 1001.0, 761.0], [1001.0, 761.0, 1000.9088745117188, 760.74853515625, 999.7653198242188, 761.4453125, 1000.0, 762.0], [1000.0, 762.0, 1000.5581665039062, 763.3192138671875, 1000.2346801757812, 770.5546875, 1000.0, 770.0], [1000.0, 770.0, 999.9013061523438, 769.7667846679688, 998.7909545898438, 770.7118530273438, 999.0, 771.0], [999.0, 771.0, 999.3515625, 771.484619140625, 999.2090454101562, 775.2881469726562, 999.0, 775.0], [999.0, 775.0, 998.875732421875, 774.8286743164062, 997.775634765625, 775.5707397460938, 998.0, 776.0], [998.0, 776.0, 998.4622192382812, 776.8841552734375, 998.224365234375, 782.4292602539062, 998.0, 782.0], [998.0, 782.0, 997.8910522460938, 781.7916259765625, 996.7909545898438, 782.7118530273438, 997.0, 783.0], [997.0, 783.0, 997.3515625, 783.484619140625, 997.2090454101562, 787.2881469726562, 997.0, 787.0], [997.0, 787.0, 996.875732421875, 786.8286743164062, 995.8023681640625, 787.79052734375, 996.0, 788.0], [996.0, 788.0, 996.287841796875, 788.3050537109375, 996.1976318359375, 791.20947265625, 996.0, 791.0], [996.0, 791.0, 995.8643188476562, 790.856201171875, 994.8189086914062, 791.8765258789062, 995.0, 792.0], [995.0, 792.0, 995.21533203125, 792.1467895507812, 995.1810913085938, 794.1234741210938, 995.0, 794.0], [995.0, 794.0, 994.8477172851562, 793.8961791992188, 993.8023681640625, 794.79052734375, 994.0, 795.0], [994.0, 795.0, 994.287841796875, 795.3050537109375, 994.1976318359375, 798.20947265625, 994.0, 798.0], [994.0, 798.0, 993.8643188476562, 797.856201171875, 992.7909545898438, 798.7118530273438, 993.0, 799.0], [993.0, 799.0, 993.3515625, 799.484619140625, 993.2090454101562, 803.2881469726562, 993.0, 803.0], [993.0, 803.0, 992.875732421875, 802.8286743164062, 991.8189086914062, 803.8765258789062, 992.0, 804.0], [992.0, 804.0, 992.21533203125, 804.1467895507812, 992.1810913085938, 806.1234741210938, 992.0, 806.0], [992.0, 806.0, 991.8477172851562, 805.8961791992188, 990.8477172851562, 806.97119140625, 991.0, 807.0], [991.0, 807.0, 991.1280517578125, 807.0242309570312, 991.1522827148438, 808.02880859375, 991.0, 808.0], [991.0, 808.0, 990.8189086914062, 807.9657592773438, 989.8189086914062, 808.8765258789062, 990.0, 809.0], [990.0, 809.0, 990.21533203125, 809.1467895507812, 990.1810913085938, 811.1234741210938, 990.0, 811.0], [990.0, 811.0, 989.8477172851562, 810.8961791992188, 988.8477172851562, 811.97119140625, 989.0, 812.0], [989.0, 812.0, 989.1280517578125, 812.0242309570312, 989.1522827148438, 813.02880859375, 989.0, 813.0], [989.0, 813.0, 988.8189086914062, 812.9657592773438, 987.8189086914062, 813.8765258789062, 988.0, 814.0], [988.0, 814.0, 988.21533203125, 814.1467895507812, 988.1810913085938, 816.1234741210938, 988.0, 816.0], [988.0, 816.0, 987.8477172851562, 815.8961791992188, 986.8477172851562, 816.97119140625, 987.0, 817.0], [987.0, 817.0, 987.1280517578125, 817.0242309570312, 987.1522827148438, 818.02880859375, 987.0, 818.0], [987.0, 818.0, 986.8189086914062, 817.9657592773438, 985.8189086914062, 818.8765258789062, 986.0, 819.0], [986.0, 819.0, 986.21533203125, 819.1467895507812, 986.1810913085938, 821.1234741210938, 986.0, 821.0], [986.0, 821.0, 