{"version": 14, "source_image": "FontPngs\\007c.png", "width": 2048, "height": 2048, "vector_format": "bezier_cubic", "strokes": [{"segments": [[1022.0, 669.0, 1022.1033935546875, 668.7781372070312, 1023.1810913085938, 669.8765258789062, 1023.0, 670.0], [1023.0, 670.0, 1022.78466796875, 670.1467895507812, 1023.1810913085938, 672.1234741210938, 1023.0, 672.0], [1023.0, 672.0, 1022.8477172851562, 671.8961791992188, 1021.7653198242188, 672.4453125, 1022.0, 673.0], [1022.0, 673.0, 1022.5581665039062, 674.3192138671875, 1022.2346801757812, 681.5546875, 1022.0, 681.0], [1022.0, 681.0, 1021.9013061523438, 680.7667846679688, 1020.6968994140625, 678.008056640625, 1021.0, 682.0], [1021.0, 682.0, 1024.037109375, 722.001220703125, 1021.3031005859375, 827.991943359375, 1021.0, 824.0], [1021.0, 824.0, 1020.9697265625, 823.6016235351562, 1019.8023681640625, 824.79052734375, 1020.0, 825.0], [1020.0, 825.0, 1020.287841796875, 825.3050537109375, 1019.8023681640625, 828.20947265625, 1020.0, 828.0], [1020.0, 828.0, 1020.1356811523438, 827.856201171875, 1021.2937622070312, 826.2083129882812, 1021.0, 829.0], [1021.0, 829.0, 1018.8182373046875, 849.7327880859375, 1020.7062377929688, 909.7916870117188, 1021.0, 907.0], [1021.0, 907.0, 1021.03955078125, 906.6240844726562, 1022.284912109375, 905.9130859375, 1022.0, 908.0], [1022.0, 908.0, 1020.3228149414062, 920.2843017578125, 1021.715087890625, 959.0869140625, 1022.0, 957.0], [1022.0, 957.0, 1022.0484008789062, 956.6454467773438, 1023.2826538085938, 956.052978515625, 1023.0, 958.0], [1023.0, 958.0, 1021.42333984375, 968.8603515625, 1022.7173461914062, 1003.947021484375, 1023.0, 1002.0], [1023.0, 1002.0, 1023.0506591796875, 1001.6509399414062, 1024.28271484375, 1001.052978515625, 1024.0, 1003.0], [1024.0, 1003.0, 1022.42333984375, 1013.8603515625, 1023.7173461914062, 1048.947021484375, 1024.0, 1047.0], [1024.0, 1047.0, 1024.0506591796875, 1046.65087890625, 1025.245361328125, 1047.277587890625, 1025.0, 1048.0], [1025.0, 1048.0, 1024.315673828125, 1050.0146484375, 1024.754638671875, 1059.722412109375, 1025.0, 1059.0], [1025.0, 1059.0, 1025.0880126953125, 1058.740966796875, 1026.2529296875, 1059.12744140625, 1026.0, 1060.0], [1026.0, 1060.0, 1025.2041015625, 1062.745361328125, 1025.7470703125, 1074.87255859375, 1026.0, 1074.0], [1026.0, 1074.0, 1026.0804443359375, 1073.72265625, 1027.234619140625, 1074.4453125, 1027.0, 1075.0], [1027.0, 1075.0, 1026.44189453125, 1076.3192138671875, 1026.765380859375, 1083.5546875, 1027.0, 1083.0], [1027.0, 1083.0, 1027.0986328125, 1082.766845703125, 1028.224365234375, 1083.57080078125, 1028.0, 1084.0], [1028.0, 1084.0, 1027.537841796875, 1084.8841552734375, 1027.775634765625, 1090.42919921875, 1028.0, 1090.0], [1028.0, 1090.0, 1028.10888671875, 1089.7916259765625, 1029.1976318359375, 1090.79052734375, 1029.0, 1091.0], [1029.0, 1091.0, 1028.712158203125, 1091.3050537109375, 1028.8023681640625, 1094.20947265625, 1029.0, 1094.0], [1029.0, 1094.0, 1029.1357421875, 1093.856201171875, 1030.1522216796875, 1094.97119140625, 1030.0, 1095.0], [1030.0, 1095.0, 1029.8719482421875, 1095.024169921875, 1029.8477783203125, 1096.02880859375, 1030.0, 1096.0], [1030.0, 1096.0, 1030.1810302734375, 1095.9656982421875, 1031.1976318359375, 1096.79052734375, 1031.0, 1097.0], [1031.0, 1097.0, 1030.712158203125, 1097.3050537109375, 1031.0, 1100.0, 1031.0, 1100.0]]}], "stats": {"curves": 1, "time_sec": 0.033, "seg_stride": 1, "min_stroke_points": 2, "curv_win_radius_small": 4, "curv_warn_angle": 22.0, "curv_corner_total_min": 80.0, "curv_corner_max_min": 50.0, "curv_lookahead_max": 10, "junc_continue_ang_max": 45.0, "merge_small_len_percentile": 75.0}}