{"version": 15, "source_image": "Luculine.otf", "width": 2048, "height": 2048, "vector_format": "bezier_cubic", "strokes": [{"segments": [[973.0, 507.0, 973.0, 507.0, 976.1024169921875, 503.6731872558594, 976.0, 504.0], [976.0, 504.0, 975.9502563476562, 504.1586608886719, 977.02880859375, 504.1522521972656, 977.0, 504.0], [977.0, 504.0, 976.9657592773438, 503.8189392089844, 977.79052734375, 502.8023681640625, 978.0, 503.0], [978.0, 503.0, 978.3050537109375, 503.287841796875, 981.20947265625, 503.1976318359375, 981.0, 503.0], [981.0, 503.0, 980.856201171875, 502.86431884765625, 981.79052734375, 501.8023681640625, 982.0, 502.0], [982.0, 502.0, 982.3050537109375, 502.287841796875, 985.20947265625, 502.1976318359375, 985.0, 502.0], [985.0, 502.0, 984.856201171875, 501.86431884765625, 985.5064086914062, 500.77001953125, 986.0, 501.0], [986.0, 501.0, 987.09814453125, 501.5116271972656, 993.4935913085938, 500.77001953125, 993.0, 501.0], [993.0, 501.0, 992.7781372070312, 501.1033630371094, 993.79052734375, 502.1976318359375, 994.0, 502.0], [994.0, 502.0, 994.3050537109375, 501.712158203125, 997.20947265625, 501.8023681640625, 997.0, 502.0], [997.0, 502.0, 996.856201171875, 502.13568115234375, 997.79052734375, 503.1976318359375, 998.0, 503.0], [998.0, 503.0, 998.3050537109375, 502.712158203125, 1001.20947265625, 502.8023681640625, 1001.0, 503.0], [1001.0, 503.0, 1000.856201171875, 503.13568115234375, 1001.8765258789062, 504.1810607910156, 1002.0, 504.0], [1002.0, 504.0, 1002.1467895507812, 503.78466796875, 1004.0576171875, 503.6954650878906, 1004.0, 504.0], [1004.0, 504.0, 1003.9314575195312, 504.3621520996094, 1006.03955078125, 506.24859619140625, 1006.0, 506.0], [1006.0, 506.0, 1005.9765014648438, 505.8521728515625, 1006.8400268554688, 505.6053466796875, 1007.0, 506.0], [1007.0, 506.0, 1007.3805541992188, 506.93865966796875, 1011.3946533203125, 510.1600036621094, 1011.0, 510.0], [1011.0, 510.0, 1010.8340454101562, 509.9327392578125, 1010.7514038085938, 510.96044921875, 1011.0, 511.0], [1011.0, 511.0, 1011.4180908203125, 511.0665283203125, 1013.2485961914062, 513.03955078125, 1013.0, 513.0], [1013.0, 513.0, 1012.8521728515625, 512.9765014648438, 1012.7514038085938, 513.96044921875, 1013.0, 514.0], [1013.0, 514.0, 1013.4180908203125, 514.0665283203125, 1015.2485961914062, 516.03955078125, 1015.0, 516.0], [1015.0, 516.0, 1014.8521728515625, 515.9765014648438, 1014.8477172851562, 517.02880859375, 1015.0, 517.0], [1015.0, 517.0, 1015.1810913085938, 516.9657592773438, 1016.1810913085938, 517.8765258789062, 1016.0, 518.0], [1016.0, 518.0, 1015.78466796875, 518.1467895507812, 1015.8189086914062, 520.1234741210938, 1016.0, 520.0], [1016.0, 520.0, 1016.1522827148438, 519.8961791992188, 1017.1522827148438, 520.97119140625, 1017.0, 521.0], [1017.0, 521.0, 1016.8719482421875, 521.0242309570312, 1016.8477172851562, 522.02880859375, 1017.0, 522.0], [1017.0, 522.0, 1017.1810913085938, 521.9657592773438, 1018.1810913085938, 522.8765258789062, 1018.0, 523.0], [1018.0, 523.0, 1017.78466796875, 523.1467895507812, 1017.8189086914062, 525.1234741210938, 1018.0, 525.0], [1018.0, 525.0, 1018.1522827148438, 524.8961791992188, 1019.1522827148438, 525.97119140625, 1019.0, 526.0], [1019.0, 526.0, 1018.8719482421875, 526.0242309570312, 1018.8477172851562, 527.02880859375, 1019.0, 527.0], [1019.0, 527.0, 1019.1810913085938, 526.9657592773438, 1020.1976318359375, 527.79052734375, 1020.0, 528.0], [1020.0, 528.0, 1019.712158203125, 528.3050537109375, 1019.8023681640625, 531.20947265625, 1020.0, 531.0], [1020.0, 531.0, 1020.1356811523438, 530.856201171875, 1021.1976318359375, 531.79052734375, 1021.0, 532.0], [1021.0, 532.0, 1020.712158203125, 532.3050537109375, 1020.8023681640625, 535.20947265625, 1021.0, 535.0], [1021.0, 535.0, 1021.1356811523438, 534.856201171875, 1022.1976318359375, 535.79052734375, 1022.0, 536.0], [1022.0, 536.0, 1021.712158203125, 536.3050537109375, 1021.8023681640625, 539.20947265625, 1022.0, 539.0], [1022.0, 539.0, 1022.1356811523438, 538.856201171875, 1023.2175903320312, 539.6389770507812, 1023.0, 540.0], [1023.0, 540.0, 1022.5908203125, 540.6788330078125, 1022.7824096679688, 545.3610229492188, 1023.0, 545.0], [1023.0, 545.0, 1023.11572265625, 544.8079833984375, 1024.2421875, 545.331298828125, 1024.0, 546.0], [1024.0, 546.0, 1023.3558349609375, 547.7782592773438, 1023.7577514648438, 556.668701171875, 1024.0, 556.0], [1024.0, 556.0, 1024.091064453125, 555.74853515625, 1025.2586669921875, 555.9901733398438, 1025.0, 557.0], [1025.0, 557.0, 1024.10302734375, 560.5011596679688, 1024.7413330078125, 575.0098266601562, 1025.0, 574.0], [1025.0, 574.0, 1025.0745849609375, 573.708740234375, 1026.1522216796875, 574.97119140625, 1026.0, 575.0], [1026.0, 575.0, 1025.8719482421875, 575.0242309570312, 1026.1522216796875, 576.02880859375, 1026.0, 576.0], [1026.0, 576.0, 1025.8189697265625, 575.9657592773438, 1024.7188720703125, 575.1405029296875, 1025.0, 577.0], [1025.0, 577.0, 1026.513671875, 587.0123291015625, 1025.2811279296875, 619.8594970703125, 1025.0, 618.0], [1025.0, 618.0, 1024.94775390625, 617.6546630859375, 1023.7188720703125, 617.1405029296875, 1024.0, 619.0], [1024.0, 619.0, 1025.513671875, 629.0123291015625, 1023.7188720703125, 661.8594970703125, 1024.0, 660.0], [1024.0, 660.0, 1024.05224609375, 659.6546630859375, 1025.2481689453125, 660.2258911132812, 1025.0, 661.0], [1025.0, 661.0, 1024.2772216796875, 663.2549438476562, 1024.7518310546875, 673.7741088867188, 1025.0, 673.0], [1025.0, 673.0, 1025.085205078125, 672.7342529296875, 1026.234619140625, 673.4453125, 1026.0, 674.0], [1026.0, 674.0, 1025.44189453125, 675.3192138671875, 1025.765380859375, 682.5546875, 1026.0, 682.0], [1026.0, 682.0, 1026.0986328125, 681.7667846679688, 1027.208984375, 682.7118530273438, 1027.0, 683.0], [1027.0, 683.0, 1026.6484375, 683.484619140625, 1026.791015625, 687.2881469726562, 1027.0, 687.0], [1027.0, 687.0, 1027.124267578125, 686.8286743164062, 1028.208984375, 687.7118530273438, 1028.0, 688.0], [1028.0, 688.0, 1027.6484375, 688.484619140625, 1027.791015625, 692.2881469726562, 1028.0, 692.0], [1028.0, 692.0, 1028.124267578125, 691.8286743164062, 1029.1976318359375, 692.79052734375, 1029.0, 693.0], [1029.0, 693.0, 1028.712158203125, 693.3050537109375, 1028.8023681640625, 696.20947265625, 1029.0, 696.0], [1029.0, 696.0, 1029.1357421875, 695.856201171875, 1030.1810302734375, 696.8765258789062, 1030.0, 697.0], [1030.0, 697.0, 1029.78466796875, 697.1467895507812, 1029.8189697265625, 699.1234741210938, 1030.0, 699.0], [1030.0, 699.0, 1030.1522216796875, 698.8961791992188, 1031.1810302734375, 699.8765258789062, 1031.0, 700.0], [1031.0, 700.0, 1030.78466796875, 700.1467895507812, 1030.8189697265625, 702.1234741210938, 1031.0, 702.0], [1031.0, 702.0, 1031.1522216796875, 701.8961791992188, 1032.1810302734375, 702.8765258789062, 1032.0, 703.0], [1032.0, 703.0, 1031.78466796875, 703.1467895507812, 1031.8189697265625, 705.1234741210938, 1032.0, 705.0], [1032.0, 705.0, 1032.1522216796875, 704.8961791992188, 1033.1810302734375, 705.8765258789062, 1033.0, 706.0], [1033.0, 706.0, 1032.78466796875, 706.1467895507812, 1032.8189697265625, 708.1234741210938, 1033.0, 708.0], [1033.0, 708.0, 1033.1522216796875, 707.8961791992188, 1034.1522216796875, 708.97119140625, 1034.0, 709.0], [1034.0, 709.0, 1033.8719482421875, 709.0242309570312, 1033.8477783203125, 710.02880859375, 1034.0, 710.0], [1034.0, 710.0, 1034.1810302734375, 709.9657592773438, 1035.1522216796875, 710.97119140625, 1035.0, 711.0], [1035.0, 711.0, 1034.8719482421875, 711.0242309570312, 1034.8477783203125, 712.02880859375, 1035.0, 712.0], [1035.0, 712.0, 1035.1810302734375, 711.9657592773438, 1036.1522216796875, 712.97119140625, 1036.0, 713.0], [1036.0, 713.0, 1035.8719482421875, 713.0242309570312, 1035.8477783203125, 714.02880859375, 1036.0, 714.0], [1036.0, 714.0, 1036.1810302734375, 713.9657592773438, 1037.1522216796875, 714.97119140625, 1037.0, 715.0], [1037.0, 715.0, 1036.8719482421875, 715.0242309570312, 1036.8477783203125, 716.02880859375, 