{"version": 15, "source_image": "Luculine.otf", "width": 2048, "height": 2048, "vector_format": "bezier_cubic", "strokes": [{"segments": [[1080.0, 763.0, 1080.0, 763.0, 1080.224365234375, 769.4292602539062, 1080.0, 769.0], [1080.0, 769.0, 1079.89111328125, 768.7916259765625, 1078.8189697265625, 769.8765258789062, 1079.0, 770.0], [1079.0, 770.0, 1079.21533203125, 770.1467895507812, 1079.1810302734375, 772.1234741210938, 1079.0, 772.0], [1079.0, 772.0, 1078.8477783203125, 771.8961791992188, 1077.8189697265625, 772.8765258789062, 1078.0, 773.0], [1078.0, 773.0, 1078.21533203125, 773.1467895507812, 1078.1810302734375, 775.1234741210938, 1078.0, 775.0], [1078.0, 775.0, 1077.8477783203125, 774.8961791992188, 1076.791015625, 775.7118530273438, 1077.0, 776.0], [1077.0, 776.0, 1077.3515625, 776.484619140625, 1077.208984375, 780.2881469726562, 1077.0, 780.0], [1077.0, 780.0, 1076.875732421875, 779.8286743164062, 1075.791015625, 780.7118530273438, 1076.0, 781.0], [1076.0, 781.0, 1076.3515625, 781.484619140625, 1076.208984375, 785.2881469726562, 1076.0, 785.0], [1076.0, 785.0, 1075.875732421875, 784.8286743164062, 1074.8189697265625, 785.8765258789062, 1075.0, 786.0], [1075.0, 786.0, 1075.21533203125, 786.1467895507812, 1075.1810302734375, 788.1234741210938, 1075.0, 788.0], [1075.0, 788.0, 1074.8477783203125, 787.8961791992188, 1073.8189697265625, 788.8765258789062, 1074.0, 789.0], [1074.0, 789.0, 1074.21533203125, 789.1467895507812, 1074.3045654296875, 791.0576171875, 1074.0, 791.0], [1074.0, 791.0, 1073.6378173828125, 790.9314575195312, 1071.75146484375, 793.03955078125, 1072.0, 793.0], [1072.0, 793.0, 1072.1478271484375, 792.9765014648438, 1072.3267822265625, 793.8975830078125, 1072.0, 794.0], [1072.0, 794.0, 1071.3267822265625, 794.2109985351562, 1068.6732177734375, 797.1024169921875, 1069.0, 797.0], [1069.0, 797.0, 1069.15869140625, 796.9502563476562, 1069.3946533203125, 797.8400268554688, 1069.0, 798.0], [1069.0, 798.0, 1068.061279296875, 798.3805541992188, 1064.8399658203125, 802.3946533203125, 1065.0, 802.0], [1065.0, 802.0, 1065.0672607421875, 801.8340454101562, 1063.97119140625, 801.8477172851562, 1064.0, 802.0], [1064.0, 802.0, 1064.0343017578125, 802.1810913085938, 1063.20947265625, 803.1976318359375, 1063.0, 803.0], [1063.0, 803.0, 1062.6949462890625, 802.712158203125, 1059.79052734375, 802.8023681640625, 1060.0, 803.0], [1060.0, 803.0, 1060.143798828125, 803.1356811523438, 1059.20947265625, 804.1976318359375, 1059.0, 804.0], [1059.0, 804.0, 1058.6949462890625, 803.712158203125, 1055.79052734375, 803.8023681640625, 1056.0, 804.0], [1056.0, 804.0, 1056.143798828125, 804.1356811523438, 1055.2880859375, 805.2090454101562, 1055.0, 805.0], [1055.0, 805.0, 1054.515380859375, 804.6484375, 1050.7119140625, 804.7909545898438, 1051.0, 805.0], [1051.0, 805.0, 1051.17138671875, 805.124267578125, 1050.4935302734375, 806.22998046875, 1050.0, 806.0], [1050.0, 806.0, 1048.90185546875, 805.4883422851562, 1042.5064697265625, 806.22998046875, 1043.0, 806.0], [1043.0, 806.0, 1043.2218017578125, 805.8966064453125, 1042.2880859375, 804.7909545898438, 1042.0, 805.0], [1042.0, 805.0, 1041.515380859375, 805.3515625, 1037.7119140625, 805.2090454101562, 1038.0, 805.0], [1038.0, 805.0, 1038.17138671875, 804.875732421875, 1037.2880859375, 803.7909545898438, 1037.0, 804.0], [1037.0, 804.0, 1036.515380859375, 804.3515625, 1032.7119140625, 804.2090454101562, 1033.0, 804.0], [1033.0, 804.0, 1033.17138671875, 803.875732421875, 1032.02880859375, 802.8477172851562, 1032.0, 803.0], [1032.0, 803.0, 1031.975830078125, 803.1280517578125, 1030.97119140625, 803.1522827148438, 1031.0, 803.0], [1031.0, 803.0, 1031.0343017578125, 802.8189086914062, 1030.20947265625, 801.8023681640625, 1030.0, 802.0], [1030.0, 802.0, 1029.6949462890625, 802.287841796875, 1026.79052734375, 802.1976318359375, 1027.0, 802.0], [1027.0, 802.0, 1027.143798828125, 801.8643188476562, 1026.02880859375, 800.8477172851562, 1026.0, 801.0], [1026.0, 801.0, 1025.975830078125, 801.1280517578125, 1025.03955078125, 801.2485961914062, 1025.0, 801.0], [1025.0, 801.0, 1024.9334716796875, 800.5819091796875, 1022.96044921875, 798.7514038085938, 1023.0, 799.0], [1023.0, 799.0, 1023.0234985351562, 799.1478271484375, 1022.03955078125, 799.2485961914062, 1022.0, 799.0], [1022.0, 799.0, 1021.9334716796875, 798.5819091796875, 1019.96044921875, 796.7514038085938, 1020.0, 797.0], [1020.0, 797.0, 1020.0234985351562, 797.1478271484375, 1019.1024169921875, 797.3268432617188, 1019.0, 797.0], [1019.0, 797.0, 1018.7890014648438, 796.3268432617188, 1015.8975830078125, 793.6731567382812, 1016.0, 794.0], [1016.0, 794.0, 1016.0497436523438, 794.15869140625, 1015.7142944335938, 794.9924926757812, 1015.0, 794.0], [1015.0, 794.0, 1011.3961181640625, 788.9924926757812, 996.2857055664062, 775.0075073242188, 997.0, 776.0], [997.0, 776.0, 997.1416015625, 776.1967163085938, 995.97119140625, 776.1522827148438, 996.0, 776.0], [996.0, 776.0, 996.0342407226562, 775.8189086914062, 995.1234741210938, 774.8189086914062, 995.0, 775.0], [995.0, 775.0, 994.8532104492188, 775.21533203125, 992.8765258789062, 775.1810913085938, 993.0, 775.0], [993.0, 775.0, 993.1038208007812, 774.8477172851562, 992.1234741210938, 773.8189086914062, 992.0, 774.0], [992.0, 774.0, 991.8532104492188, 774.21533203125, 989.8765258789062, 774.1810913085938, 990.0, 774.0], [990.0, 774.0, 990.1038208007812, 773.8477172851562, 989.20947265625, 772.8023681640625, 989.0, 773.0], [989.0, 773.0, 988.6949462890625, 773.287841796875, 985.79052734375, 773.1976318359375, 986.0, 773.0], [986.0, 773.0, 986.143798828125, 772.8643188476562, 985.5546875, 771.7653198242188, 985.0, 772.0], [985.0, 772.0, 983.6807861328125, 772.5581665039062, 976.4453125, 771.7653198242188, 977.0, 772.0], [977.0, 772.0, 977.2332153320312, 772.0986938476562, 976.20947265625, 773.1976318359375, 976.0, 773.0], [976.0, 773.0, 975.6949462890625, 772.712158203125, 972.79052734375, 772.8023681640625, 973.0, 773.0], [973.0, 773.0, 973.143798828125, 773.1356811523438, 972.1234741210938, 774.1810913085938, 972.0, 774.0], [972.0, 774.0, 971.8532104492188, 773.78466796875, 969.8765258789062, 773.8189086914062, 970.0, 774.0], [970.0, 774.0, 970.1038208007812, 774.1522827148438, 969.20947265625, 775.1976318359375, 969.0, 775.0], [969.0, 775.0, 968.6949462890625, 774.712158203125, 966.6905517578125, 773.576416015625, 966.0, 775.0], [966.0, 775.0, 964.1035766601562, 778.9097290039062, 949.3489990234375, 791.9264526367188, 950.0, 791.0], [950.0, 791.0, 950.1368408203125, 790.8052368164062, 949.0, 791.0, 949.0, 791.0]], "color_group_id": 0}], "stats": {"curves": 1, "segments": 61, "char": "~", "converter": "pillow_fill_skimage_skeleton_imagevectorizer"}}