{
  "original_name": "edges_1",
  "image_index": 1,
  "processed_image": "ProccessedImages\\processed_1.png",
  "original_image": "ProccessedImages\\processed_1.png",
  "strokes_json": "StrokeVectors\\edges_1.json",
  "params": {
    "stroke_color_bin": 24,
    "color_distance_thresh": 70.0,
    "adjacency_gap_px": 22.0,
    "cluster_crop_margin_px": 4
  },
  "clusters": [
    {
      "cluster_id": 0,
      "stroke_indices": [
        0,
        1,
        2,
        3,
        4,
        5,
        6,
        7,
        8,
        9,
        10,
        11,
        12,
        13,
        14,
        15,
        16,
        17,
        18,
        19,
        20,
        21,
        22,
        23,
        24,
        26,
        27,
        28,
        29,
        30,
        31,
        32,
        33,
        34,
        35,
        36,
        37,
        38,
        39,
        40,
        41,
        42,
        43,
        44,
        45,
        46,
        47,
        48,
        49,
        50,
        51,
        52,
        53,
        54,
        55,
        57,
        58,
        59,
        60,
        61,
        62,
        65,
        66,
        68,
        69,
        70,
        75,
        76,
        77,
        80,
        81,
        82,
        86,
        87,
        88
      ],
      "mean_color": {
        "r": 164,
        "g": 150,
        "b": 111
      },
      "bbox_img": {
        "x": 112.0,
        "y": 9.953769713640213,
        "width": 496.05718205261223,
        "height": 408.18945149302476
      },
      "cutout_path": "ClusterRenders\\edges_1\\cluster_000.png"
    },
    {
      "cluster_id": 1,
      "stroke_indices": [
        25
      ],
      "mean_color": {
        "r": 199,
        "g": 204,
        "b": 182
      },
      "bbox_img": {
        "x": 608.0,
        "y": 110.0,
        "width": 0.113613922119157,
        "height": 2.0
      },
      "cutout_path": "ClusterRenders\\edges_1\\cluster_001.png"
    },
    {
      "cluster_id": 2,
      "stroke_indices": [
        56
      ],
      "mean_color": {
        "r": 230,
        "g": 223,
        "b": 195
      },
      "bbox_img": {
        "x": 210.9324503498077,
        "y": 222.9332519454956,
        "width": 1.0615898170471496,
        "height": 1.0667480545043873
      },
      "cutout_path": "ClusterRenders\\edges_1\\cluster_002.png"
    },
    {
      "cluster_id": 3,
      "stroke_indices": [
        63,
        64,
        67,
        71,
        72,
        73,
        74,
        78,
        79,
        83,
        84,
        85
      ],
      "mean_color": {
        "r": 150,
        "g": 157,
        "b": 124
      },
      "bbox_img": {
        "x": 479.95572656250005,
        "y": 276.89775390625005,
        "width": 118.04427343749995,
        "height": 119.18562088012692
      },
      "cutout_path": "ClusterRenders\\edges_1\\cluster_003.png"
    }
  ]
}