{
  "original_name": "edges_3",
  "image_index": 3,
  "processed_image": "ProccessedImages\\processed_3.png",
  "original_image": "ProccessedImages\\processed_3.png",
  "strokes_json": "StrokeVectors\\edges_3.json",
  "params": {
    "stroke_color_bin": 24,
    "color_distance_thresh": 70.0,
    "adjacency_gap_px": 22.0,
    "cluster_crop_margin_px": 4
  },
  "clusters": [
    {
      "cluster_id": 0,
      "stroke_indices": [
        0,
        1,
        2,
        3,
        4,
        6,
        8,
        9,
        11,
        12,
        13,
        14,
        15,
        16,
        17,
        19,
        21,
        22,
        23,
        24,
        27,
        28,
        29,
        30,
        32,
        33,
        35,
        36,
        39,
        40,
        41,
        42,
        43,
        44,
        45,
        46,
        47,
        48,
        49,
        50,
        52,
        53,
        54,
        55,
        56,
        57,
        58,
        59,
        60,
        61,
        62,
        63,
        64,
        65,
        66,
        67,
        68,
        69,
        70,
        71,
        72,
        73,
        74,
        75,
        76,
        77,
        78,
        79,
        80,
        81,
        82,
        83,
        84,
        85,
        86,
        87,
        88,
        90,
        91,
        92,
        93,
        94,
        95,
        96,
        97,
        98,
        100,
        102,
        103,
        104,
        105,
        107,
        108,
        121,
        123,
        124,
        125,
        126,
        127,
        128,
        129,
        130,
        131,
        132,
        133,
        134,
        135,
        136,
        137,
        138
      ],
      "mean_color": {
        "r": 157,
        "g": 161,
        "b": 147
      },
      "bbox_img": {
        "x": 36.0,
        "y": 1.8501527811288834,
        "width": 513.0449531250001,
        "height": 403.2078638890981
      },
      "cutout_path": "ClusterRenders\\edges_3\\cluster_000.png"
    },
    {
      "cluster_id": 1,
      "stroke_indices": [
        5
      ],
      "mean_color": {
        "r": 1,
        "g": 1,
        "b": 1
      },
      "bbox_img": {
        "x": 388.0,
        "y": 13.0,
        "width": 24.99227076721195,
        "height": 29.027138538837434
      },
      "cutout_path": "ClusterRenders\\edges_3\\cluster_001.png"
    },
    {
      "cluster_id": 2,
      "stroke_indices": [
        7
      ],
      "mean_color": {
        "r": 91,
        "g": 93,
        "b": 88
      },
      "bbox_img": {
        "x": 411.93245711898805,
        "y": 39.93167078018189,
        "width": 13.061582939147968,
        "height": 30.13508019256591
      },
      "cutout_path": "ClusterRenders\\edges_3\\cluster_002.png"
    },
    {
      "cluster_id": 3,
      "stroke_indices": [
        10
      ],
      "mean_color": {
        "r": 203,
        "g": 203,
        "b": 203
      },
      "bbox_img": {
        "x": 260.00595994186403,
        "y": 54.9332504863739,
        "width": 1.061582939147911,
        "height": 1.0667495136260996
      },
      "cutout_path": "ClusterRenders\\edges_3\\cluster_003.png"
    },
    {
      "cluster_id": 4,
      "stroke_indices": [
        18,
        122
      ],
      "mean_color": {
        "r": 114,
        "g": 114,
        "b": 114
      },
      "bbox_img": {
        "x": 105.94542027378081,
        "y": 82.95114160156251,
        "width": 68.09572654628757,
        "height": 14.200173828124989
      },
      "cutout_path": "ClusterRenders\\edges_3\\cluster_004.png"
    },
    {
      "cluster_id": 5,
      "stroke_indices": [
        20,
        51
      ],
      "mean_color": {
        "r": 13,
        "g": 14,
        "b": 12
      },
      "bbox_img": {
        "x": 90.0,
        "y": 110.0,
        "width": 103.07447091674806,
        "height": 119.0
      },
      "cutout_path": "ClusterRenders\\edges_3\\cluster_005.png"
    },
    {
      "cluster_id": 6,
      "stroke_indices": [
        25,
        26,
        31,
        38
      ],
      "mean_color": {
        "r": 36,
        "g": 36,
        "b": 36
      },
      "bbox_img": {
        "x": 240.0,
        "y": 135.0,
        "width": 10.0462327003479,
        "height": 35.992505926132196
      },
      "cutout_path": "ClusterRenders\\edges_3\\cluster_006.png"
    },
    {
      "cluster_id": 7,
      "stroke_indices": [
        34,
        37
      ],
      "mean_color": {
        "r": 137,
        "g": 150,
        "b": 136
      },
      "bbox_img": {
        "x": 532.0,
        "y": 138.95220500946044,
        "width": 47.05207055664073,
        "height": 24.094027690887458
      },
      "cutout_path": "ClusterRenders\\edges_3\\cluster_007.png"
    },
    {
      "cluster_id": 8,
      "stroke_indices": [
        89
      ],
      "mean_color": {
        "r": 30,
        "g": 34,
        "b": 27
      },
      "bbox_img": {
        "x": 518.9018182754517,
        "y": 283.9577841072082,
        "width": 46.090577301025405,
        "height": 33.06950462722784
      },
      "cutout_path": "ClusterRenders\\edges_3\\cluster_008.png"
    },
    {
      "cluster_id": 9,
      "stroke_indices": [
        99,
        120
      ],
      "mean_color": {
        "r": 14,
        "g": 16,
        "b": 14
      },
      "bbox_img": {
        "x": 330.92962865448,
        "y": 322.94198332977294,
        "width": 20.086570991516112,
        "height": 90.05801667022706
      },
      "cutout_path": "ClusterRenders\\edges_3\\cluster_009.png"
    },
    {
      "cluster_id": 10,
      "stroke_indices": [
        101,
        106,
        109,
        110,
        111,
        112,
        113,
        114,
        116,
        118
      ],
      "mean_color": {
        "r": 110,
        "g": 112,
        "b": 110
      },
      "bbox_img": {
        "x": 5.958276807010173,
        "y": 336.75447702407837,
        "width": 177.04172319298982,
        "height": 87.23810533142085
      },
      "cutout_path": "ClusterRenders\\edges_3\\cluster_010.png"
    },
    {
      "cluster_id": 11,
      "stroke_indices": [
        115
      ],
      "mean_color": {
        "r": 17,
        "g": 17,
        "b": 17
      },
      "bbox_img": {
        "x": 6.0,
        "y": 397.0,
        "width": 1.0,
        "height": 1.0
      },
      "cutout_path": "ClusterRenders\\edges_3\\cluster_011.png"
    },
    {
      "cluster_id": 12,
      "stroke_indices": [
        117
      ],
      "mean_color": {
        "r": 196,
        "g": 196,
        "b": 196
      },
      "bbox_img": {
        "x": 28.897749328613287,
        "y": 394.9075345993042,
        "width": 6.198694152832033,
        "height": 8.207723999023415
      },
      "cutout_path": "ClusterRenders\\edges_3\\cluster_012.png"
    },
    {
      "cluster_id": 13,
      "stroke_indices": [
        119
      ],
      "mean_color": {
        "r": 183,
        "g": 183,
        "b": 183
      },
      "bbox_img": {
        "x": 106.00595988750457,
        "y": 401.9332461090088,
        "width": 1.0615863780975445,
        "height": 1.0667538909912082
      },
      "cutout_path": "ClusterRenders\\edges_3\\cluster_013.png"
    }
  ]
}